[INFO] 本次运行的所有输出将实时保存至: /home/xc/Projects/ME5400/Results/0020_results/full_run_offline.log
[INFO] 数据集序列号: 0020
[INFO] 离线 bag: /home/xc/Projects/ME5400/Data_Tracking/rosbags/seq_0020_nodet.bag
[INFO] FAST-LIO 地图保存: false
[步骤 0] 正在清理残留环境...
[cleanup_ros_runtime.sh] 正在清理残留 ROS 运行时进程...
[cleanup_ros_runtime.sh] ROS master 中没有需要清理的失联节点。
[步骤 1] 检测到 roscore 已在运行，将复用现有环境...
[步骤 2] 正在构建/验证 catkin 工作空间...
[  0%] Built target geometry_msgs_generate_messages_py
[  0%] Built target std_msgs_generate_messages_py
[  0%] Built target geometry_msgs_generate_messages_cpp
[  0%] Built target std_msgs_generate_messages_cpp
[  0%] Built target geometry_msgs_generate_messages_lisp
[  0%] Built target geometry_msgs_generate_messages_eus
[  0%] Built target geometry_msgs_generate_messages_nodejs
[  0%] Built target roscpp_generate_messages_eus
[  0%] Built target roscpp_generate_messages_nodejs
[  0%] Built target std_msgs_generate_messages_eus
[  0%] Built target roscpp_generate_messages_cpp
[  0%] Built target std_msgs_generate_messages_lisp
[  0%] Built target std_msgs_generate_messages_nodejs
[  0%] Built target rosgraph_msgs_generate_messages_eus
[  0%] Built target roscpp_generate_messages_py
[  0%] Built target sensor_msgs_generate_messages_py
[  0%] Built target _ME5400_generate_messages_check_deps_Detection3D
[  0%] Built target rosgraph_msgs_generate_messages_nodejs
[  0%] Built target _ME5400_generate_messages_check_deps_TrackedObjectArray
[  0%] Built target _ME5400_generate_messages_check_deps_TrackedObject
[  0%] Built target actionlib_msgs_generate_messages_py
[  0%] Built target _tf_generate_messages_check_deps_tfMessage
[  0%] Built target _tf_generate_messages_check_deps_FrameGraph
[  0%] Built target _ME5400_generate_messages_check_deps_Detection3DArray
[  0%] Built target actionlib_msgs_generate_messages_eus
[  0%] Built target actionlib_generate_messages_cpp
[  0%] Built target rosgraph_msgs_generate_messages_cpp
[  0%] Built target sensor_msgs_generate_messages_cpp
[  0%] Built target roscpp_generate_messages_lisp
[  0%] Built target actionlib_generate_messages_eus
[  0%] Built target actionlib_generate_messages_py
[  0%] Built target rosgraph_msgs_generate_messages_lisp
[  0%] Built target sensor_msgs_generate_messages_eus
[  0%] Built target actionlib_msgs_generate_messages_cpp
[  0%] Built target actionlib_msgs_generate_messages_nodejs
[  0%] Built target tf2_msgs_generate_messages_cpp
[  0%] Built target sensor_msgs_generate_messages_lisp
[  0%] Built target tf2_msgs_generate_messages_eus
[  0%] Built target tf2_msgs_generate_messages_py
[  0%] Built target tf2_msgs_generate_messages_lisp
[  0%] Built target actionlib_msgs_generate_messages_lisp
[  0%] Built target tf2_msgs_generate_messages_nodejs
[  0%] Built target actionlib_generate_messages_lisp
[  0%] Built target sensor_msgs_generate_messages_nodejs
[  2%] Built target actionlib_generate_messages_nodejs
[  2%] Built target rosgraph_msgs_generate_messages_py
[ 15%] Built target tf_generate_messages_eus
[ 18%] Built target ME5400_generate_messages_nodejs
[ 20%] Built target ME5400_generate_messages_py
[ 20%] Built target tf_generate_messages_lisp
[ 39%] Built target ME5400_generate_messages_cpp
[ 39%] Built target tf_generate_messages_cpp
[ 40%] Built target ME5400_generate_messages_lisp
[ 42%] Built target ME5400_generate_messages_eus
[ 47%] Built target tf_generate_messages_py
[ 50%] Built target kdl_conversions
[ 55%] Built target eigen_conversions
[ 55%] Built target ME5400_generate_messages
[ 57%] Built target tf_generate_messages_nodejs
[ 57%] Built target tf_generate_messages
[ 57%] Built target _fast_lio_generate_messages_check_deps_Pose6D
[ 65%] Built target tf
[ 66%] Built target fast_lio_generate_messages_lisp
[ 68%] Built target fast_lio_generate_messages_nodejs
[ 73%] Built target fast_lio_generate_messages_eus
[ 73%] Built target fast_lio_generate_messages_py
[ 75%] Built target fast_lio_generate_messages_cpp
[ 78%] Built target tf_empty_listener
[ 86%] Built target static_transform_publisher
[ 86%] Built target tf_echo
[ 86%] Built target tf_monitor
[ 89%] Built target tf_change_notifier
[ 94%] Built target tf_conversions
[ 94%] Built target fast_lio_generate_messages
[100%] Built target fastlio_mapping
WARNING: Package name "ME5400" does not follow the naming conventions. It should start with a lower case letter and only contain lower case letters, digits, underscores, and dashes.
Base path: /home/xc/Projects/ME5400/catkin_ws
Source space: /home/xc/Projects/ME5400/catkin_ws/src
Build space: /home/xc/Projects/ME5400/catkin_ws/build
Devel space: /home/xc/Projects/ME5400/catkin_ws/devel
Install space: /home/xc/Projects/ME5400/catkin_ws/install
####
#### Running command: "make cmake_check_build_system" in "/home/xc/Projects/ME5400/catkin_ws/build"
####
####
#### Running command: "make -j28 -l28" in "/home/xc/Projects/ME5400/catkin_ws/build"
####
[步骤 3] Headless 模式：跳过 RViz 可视化与真实轨迹发布...

=========================================================
   [离线阶段 A] Baseline(Offline,NoWeight)
=========================================================
[A-1] 启动 FAST-LIO (mapping, use_dynamic_weights=false)...
WARNING: Package name "ME5400" does not follow the naming conventions. It should start with a lower case letter and only contain lower case letters, digits, underscores, and dashes.
Multi thread started 
p_pre->lidar_type 2
~~~~/home/xc/Projects/ME5400/catkin_ws/src/fast_lio/ file opened
[FAST-LIO] Trajectory file opened at: /home/xc/Projects/ME5400/Results/trajectory.txt
[A-2] 启动离线 feeder (不等待检测/跟踪)...
[信息] 启动 offline_bag_feeder (require_detection=false require_tracking=false)
[A-3] 等待离线 baseline 阶段完成...
/opt/ros/noetic/lib/python3/dist-packages/rosbag/bag.py:1568: SyntaxWarning: invalid escape sequence '\d'
  matches = re.match("#ROS(.*) V(\d).(\d)", version_line)
[33m[WARN] [1775737154.171345803, 7.900999999]: No point, skip this scan!
[0m
[INFO] [1775737152.421278, 0.000000]: [offline_bag_feeder] bag_path=/home/xc/Projects/ME5400/Data_Tracking/rosbags/seq_0020_nodet.bag
[INFO] [1775737152.422124, 0.000000]: [offline_bag_feeder] lidar_topic=/kitti/velo/pointcloud det_topic=/detection/lidar_detections track_topic=/mctrack/tracked_objects
[INFO] [1775737152.422778, 0.000000]: [offline_bag_feeder] require_detection=False require_tracking=False eps=0.060
[INFO] [1775737152.423531, 0.000000]: [offline_bag_feeder] waiting 1.5s for downstream nodes...
[INFO] [1775737153.973871, 0.001000]: [offline_bag_feeder] frame=1 lidar stamp=0.001000
[INFO] [1775737153.982655, 0.101000]: [offline_bag_feeder] frame=2 lidar stamp=0.101000
[INFO] [1775737153.985591, 0.201000]: [offline_bag_feeder] frame=3 lidar stamp=0.201000
[INFO] [1775737153.988871, 0.301000]: [offline_bag_feeder] frame=4 lidar stamp=0.301000
[INFO] [1775737153.990182, 0.401000]: [offline_bag_feeder] frame=5 lidar stamp=0.401000
[INFO] [1775737153.993031, 0.501000]: [offline_bag_feeder] frame=6 lidar stamp=0.501000
[INFO] [1775737153.994355, 0.601000]: [offline_bag_feeder] frame=7 lidar stamp=0.601000
[INFO] [1775737153.997147, 0.701000]: [offline_bag_feeder] frame=8 lidar stamp=0.701000
[INFO] [1775737153.999092, 0.801000]: [offline_bag_feeder] frame=9 lidar stamp=0.801000
[INFO] [1775737154.000404, 0.901000]: [offline_bag_feeder] frame=10 lidar stamp=0.901000
[INFO] [1775737154.002486, 1.001000]: [offline_bag_feeder] frame=11 lidar stamp=1.001000
[INFO] [1775737154.003731, 1.101000]: [offline_bag_feeder] frame=12 lidar stamp=1.101000
[INFO] [1775737154.006511, 1.201000]: [offline_bag_feeder] frame=13 lidar stamp=1.201000
[INFO] [1775737154.008376, 1.301000]: [offline_bag_feeder] frame=14 lidar stamp=1.301000
[INFO] [1775737154.010433, 1.401000]: [offline_bag_feeder] frame=15 lidar stamp=1.401000
[INFO] [1775737154.011694, 1.501000]: [offline_bag_feeder] frame=16 lidar stamp=1.501000
[INFO] [1775737154.014490, 1.601000]: [offline_bag_feeder] frame=17 lidar stamp=1.601000
[INFO] [1775737154.015737, 1.701000]: [offline_bag_feeder] frame=18 lidar stamp=1.701000
[INFO] [1775737154.018472, 1.801000]: [offline_bag_feeder] frame=19 lidar stamp=1.801000
[INFO] [1775737154.019696, 1.901000]: [offline_bag_feeder] frame=20 lidar stamp=1.901000
[INFO] [1775737154.022427, 2.001000]: [offline_bag_feeder] frame=21 lidar stamp=2.001000
[INFO] [1775737154.023622, 2.101000]: [offline_bag_feeder] frame=22 lidar stamp=2.101000
[INFO] [1775737154.026499, 2.201000]: [offline_bag_feeder] frame=23 lidar stamp=2.201000
[INFO] [1775737154.028722, 2.301000]: [offline_bag_feeder] frame=24 lidar stamp=2.301000
[INFO] [1775737154.030851, 2.401000]: [offline_bag_feeder] frame=25 lidar stamp=2.401000
[INFO] [1775737154.033129, 2.501000]: [offline_bag_feeder] frame=26 lidar stamp=2.501000
[INFO] [1775737154.034422, 2.601000]: [offline_bag_feeder] frame=27 lidar stamp=2.601000
[INFO] [1775737154.035694, 2.701000]: [offline_bag_feeder] frame=28 lidar stamp=2.701000
[INFO] [1775737154.036937, 2.801000]: [offline_bag_feeder] frame=29 lidar stamp=2.801000
[INFO] [1775737154.038146, 2.901000]: [offline_bag_feeder] frame=30 lidar stamp=2.901000
[INFO] [1775737154.040014, 3.001000]: [offline_bag_feeder] frame=31 lidar stamp=3.001000
[INFO] [1775737154.041885, 3.101000]: [offline_bag_feeder] frame=32 lidar stamp=3.101000
[INFO] [1775737154.043150, 3.201000]: [offline_bag_feeder] frame=33 lidar stamp=3.201000
[INFO] [1775737154.046111, 3.301000]: [offline_bag_feeder] frame=34 lidar stamp=3.301000
[INFO] [1775737154.047985, 3.401000]: [offline_bag_feeder] frame=35 lidar stamp=3.401000
[INFO] [1775737154.049771, 3.501000]: [offline_bag_feeder] frame=36 lidar stamp=3.501000
[INFO] [1775737154.051064, 3.601000]: [offline_bag_feeder] frame=37 lidar stamp=3.601000
[INFO] [1775737154.054055, 3.701000]: [offline_bag_feeder] frame=38 lidar stamp=3.701000
[INFO] [1775737154.055944, 3.801000]: [offline_bag_feeder] frame=39 lidar stamp=3.801000
[INFO] [1775737154.057800, 3.901000]: [offline_bag_feeder] frame=40 lidar stamp=3.901000
[INFO] [1775737154.059799, 4.001000]: [offline_bag_feeder] frame=41 lidar stamp=4.001000
[INFO] [1775737154.062578, 4.101000]: [offline_bag_feeder] frame=42 lidar stamp=4.101000
[INFO] [1775737154.064377, 4.201000]: [offline_bag_feeder] frame=43 lidar stamp=4.201000
[INFO] [1775737154.066118, 4.301000]: [offline_bag_feeder] frame=44 lidar stamp=4.301000
[INFO] [1775737154.068115, 4.401000]: [offline_bag_feeder] frame=45 lidar stamp=4.401000
[INFO] [1775737154.070943, 4.501000]: [offline_bag_feeder] frame=46 lidar stamp=4.501000
[INFO] [1775737154.072729, 4.601000]: [offline_bag_feeder] frame=47 lidar stamp=4.601000
[INFO] [1775737154.074569, 4.701000]: [offline_bag_feeder] frame=48 lidar stamp=4.701000
[INFO] [1775737154.076366, 4.801000]: [offline_bag_feeder] frame=49 lidar stamp=4.801000
[INFO] [1775737154.078154, 4.901000]: [offline_bag_feeder] frame=50 lidar stamp=4.901000
[INFO] [1775737154.080201, 5.001000]: [offline_bag_feeder] frame=51 lidar stamp=5.001000
[INFO] [1775737154.083085, 5.101000]: [offline_bag_feeder] frame=52 lidar stamp=5.101000
[INFO] [1775737154.085591, 5.201000]: [offline_bag_feeder] frame=53 lidar stamp=5.201000
[INFO] [1775737154.088303, 5.301000]: [offline_bag_feeder] frame=54 lidar stamp=5.301000
[INFO] [1775737154.090832, 5.401000]: [offline_bag_feeder] frame=55 lidar stamp=5.401000
[INFO] [1775737154.093689, 5.501000]: [offline_bag_feeder] frame=56 lidar stamp=5.501000
[INFO] [1775737154.096222, 5.601000]: [offline_bag_feeder] frame=57 lidar stamp=5.601000
[INFO] [1775737154.098998, 5.701000]: [offline_bag_feeder] frame=58 lidar stamp=5.701000
[INFO] [1775737154.101439, 5.801000]: [offline_bag_feeder] frame=59 lidar stamp=5.801000
[INFO] [1775737154.104981, 5.901000]: [offline_bag_feeder] frame=60 lidar stamp=5.901000
[INFO] [1775737154.108307, 6.001000]: [offline_bag_feeder] frame=61 lidar stamp=6.001000
[INFO] [1775737154.110157, 6.101000]: [offline_bag_feeder] frame=62 lidar stamp=6.101000
[INFO] [1775737154.114001, 6.201000]: [offline_bag_feeder] frame=63 lidar stamp=6.201000
[INFO] [1775737154.117616, 6.301000]: [offline_bag_feeder] frame=64 lidar stamp=6.301000
[INFO] [1775737154.121026, 6.401000]: [offline_bag_feeder] frame=65 lidar stamp=6.401000
[INFO] [1775737154.124666, 6.501000]: [offline_bag_feeder] frame=66 lidar stamp=6.501000
[INFO] [1775737154.128237, 6.601000]: [offline_bag_feeder] frame=67 lidar stamp=6.601000
[INFO] [1775737154.135161, 6.701000]: [offline_bag_feeder] frame=68 lidar stamp=6.701000
[INFO] [1775737154.140451, 6.801000]: [offline_bag_feeder] frame=69 lidar stamp=6.801000
[INFO] [1775737154.146528, 6.901000]: [offline_bag_feeder] frame=70 lidar stamp=6.901000
[INFO] [1775737154.150246, 7.001000]: [offline_bag_feeder] frame=71 lidar stamp=7.001000
[INFO] [1775737154.152196, 7.101000]: [offline_bag_feeder] frame=72 lidar stamp=7.101000
[INFO] [1775737154.154228, 7.201000]: [offline_bag_feeder] frame=73 lidar stamp=7.201000
[INFO] [1775737154.156204, 7.301000]: [offline_bag_feeder] frame=74 lidar stamp=7.301000
[INFO] [1775737154.158190, 7.401000]: [offline_bag_feeder] frame=75 lidar stamp=7.401000
[INFO] [1775737154.160083, 7.501000]: [offline_bag_feeder] frame=76 lidar stamp=7.501000
[INFO] [1775737154.162097, 7.601000]: [offline_bag_feeder] frame=77 lidar stamp=7.601000
[INFO] [1775737154.164822, 7.701000]: [offline_bag_feeder] frame=78 lidar stamp=7.701000
[INFO] [1775737154.166903, 7.801000]: [offline_bag_feeder] frame=79 lidar stamp=7.801000
[INFO] [1775737154.170719, 7.901000]: [offline_bag_feeder] frame=80 lidar stamp=7.901000
[INFO] [1775737154.174329, 8.001000]: [offline_bag_feeder] frame=81 lidar stamp=8.001000
[INFO] [1775737154.176608, 8.101000]: [offline_bag_feeder] frame=82 lidar stamp=8.101000
[INFO] [1775737154.179527, 8.201000]: [offline_bag_feeder] frame=83 lidar stamp=8.201000
[INFO] [1775737154.181686, 8.301000]: [offline_bag_feeder] frame=84 lidar stamp=8.301000
[INFO] [1775737154.183719, 8.401000]: [offline_bag_feeder] frame=85 lidar stamp=8.401000
[INFO] [1775737154.187408, 8.501000]: [offline_bag_feeder] frame=86 lidar stamp=8.501000
[INFO] [1775737154.190993, 8.601000]: [offline_bag_feeder] frame=87 lidar stamp=8.601000
[33m[WARN] [1775737154.192694323, 8.700999999]: No point, skip this scan!
[0m
[33m[WARN] [1775737154.210935686, 9.200999999]: No point, skip this scan!
[0m
[33m[WARN] [1775737154.226184511, 9.801000000]: No point, skip this scan!
[0m
[33m[WARN] [1775737154.248940161, 10.900999998]: No point, skip this scan!
[0m
[33m[WARN] [1775737154.274309519, 11.700999999]: No point, skip this scan!
[0m
[33m[WARN] [1775737154.297503838, 12.700999999]: No point, skip this scan!
[0m
[33m[WARN] [1775737154.320078051, 13.600999999]: No point, skip this scan!
[0m
[33m[WARN] [1775737154.342830829, 14.700999999]: No point, skip this scan!
[0m
[33m[WARN] [1775737154.370327690, 15.700999999]: No point, skip this scan!
[0m
[INFO] [1775737154.193518, 8.701000]: [offline_bag_feeder] frame=88 lidar stamp=8.701000
[INFO] [1775737154.197190, 8.801000]: [offline_bag_feeder] frame=89 lidar stamp=8.801000
[INFO] [1775737154.200087, 8.901000]: [offline_bag_feeder] frame=90 lidar stamp=8.901000
[INFO] [1775737154.202946, 9.001000]: [offline_bag_feeder] frame=91 lidar stamp=9.001000
[INFO] [1775737154.206591, 9.101000]: [offline_bag_feeder] frame=92 lidar stamp=9.101000
[INFO] [1775737154.208926, 9.201000]: [offline_bag_feeder] frame=93 lidar stamp=9.201000
[INFO] [1775737154.213072, 9.301000]: [offline_bag_feeder] frame=94 lidar stamp=9.301000
[INFO] [1775737154.215436, 9.401000]: [offline_bag_feeder] frame=95 lidar stamp=9.401000
[INFO] [1775737154.218912, 9.501000]: [offline_bag_feeder] frame=96 lidar stamp=9.501000
[INFO] [1775737154.221090, 9.601000]: [offline_bag_feeder] frame=97 lidar stamp=9.601000
[INFO] [1775737154.223852, 9.701000]: [offline_bag_feeder] frame=98 lidar stamp=9.701000
[INFO] [1775737154.225740, 9.801000]: [offline_bag_feeder] frame=99 lidar stamp=9.801000
[INFO] [1775737154.227632, 9.901000]: [offline_bag_feeder] frame=100 lidar stamp=9.901000
[INFO] [1775737154.229522, 10.001000]: [offline_bag_feeder] frame=101 lidar stamp=10.001000
[INFO] [1775737154.231421, 10.101000]: [offline_bag_feeder] frame=102 lidar stamp=10.101000
[INFO] [1775737154.233451, 10.201000]: [offline_bag_feeder] frame=103 lidar stamp=10.201000
[INFO] [1775737154.235548, 10.301000]: [offline_bag_feeder] frame=104 lidar stamp=10.301000
[INFO] [1775737154.237526, 10.401000]: [offline_bag_feeder] frame=105 lidar stamp=10.401000
[INFO] [1775737154.239512, 10.501000]: [offline_bag_feeder] frame=106 lidar stamp=10.501000
[INFO] [1775737154.241458, 10.601000]: [offline_bag_feeder] frame=107 lidar stamp=10.601000
[INFO] [1775737154.243515, 10.701000]: [offline_bag_feeder] frame=108 lidar stamp=10.701000
[INFO] [1775737154.246161, 10.801000]: [offline_bag_feeder] frame=109 lidar stamp=10.801000
[INFO] [1775737154.250197, 10.901000]: [offline_bag_feeder] frame=110 lidar stamp=10.901000
[INFO] [1775737154.253706, 11.001000]: [offline_bag_feeder] frame=111 lidar stamp=11.001000
[INFO] [1775737154.258088, 11.101000]: [offline_bag_feeder] frame=112 lidar stamp=11.101000
[INFO] [1775737154.260265, 11.201000]: [offline_bag_feeder] frame=113 lidar stamp=11.201000
[INFO] [1775737154.262327, 11.301000]: [offline_bag_feeder] frame=114 lidar stamp=11.301000
[INFO] [1775737154.264259, 11.401000]: [offline_bag_feeder] frame=115 lidar stamp=11.401000
[INFO] [1775737154.267637, 11.501000]: [offline_bag_feeder] frame=116 lidar stamp=11.501000
[INFO] [1775737154.270994, 11.601000]: [offline_bag_feeder] frame=117 lidar stamp=11.601000
[INFO] [1775737154.273770, 11.701000]: [offline_bag_feeder] frame=118 lidar stamp=11.701000
[INFO] [1775737154.276014, 11.801000]: [offline_bag_feeder] frame=119 lidar stamp=11.801000
[INFO] [1775737154.278124, 11.901000]: [offline_bag_feeder] frame=120 lidar stamp=11.901000
[INFO] [1775737154.280190, 12.001000]: [offline_bag_feeder] frame=121 lidar stamp=12.001000
[INFO] [1775737154.283632, 12.101000]: [offline_bag_feeder] frame=122 lidar stamp=12.101000
[INFO] [1775737154.285769, 12.201000]: [offline_bag_feeder] frame=123 lidar stamp=12.201000
[INFO] [1775737154.287699, 12.301000]: [offline_bag_feeder] frame=124 lidar stamp=12.301000
[INFO] [1775737154.289542, 12.401000]: [offline_bag_feeder] frame=125 lidar stamp=12.401000
[INFO] [1775737154.292490, 12.501000]: [offline_bag_feeder] frame=126 lidar stamp=12.501000
[INFO] [1775737154.294707, 12.601000]: [offline_bag_feeder] frame=127 lidar stamp=12.601000
[INFO] [1775737154.298217, 12.701000]: [offline_bag_feeder] frame=128 lidar stamp=12.701000
[INFO] [1775737154.301398, 12.801000]: [offline_bag_feeder] frame=129 lidar stamp=12.801000
[INFO] [1775737154.304793, 12.901000]: [offline_bag_feeder] frame=130 lidar stamp=12.901000
[INFO] [1775737154.307462, 13.001000]: [offline_bag_feeder] frame=131 lidar stamp=13.001000
[INFO] [1775737154.309462, 13.101000]: [offline_bag_feeder] frame=132 lidar stamp=13.101000
[INFO] [1775737154.311465, 13.201000]: [offline_bag_feeder] frame=133 lidar stamp=13.201000
[INFO] [1775737154.313381, 13.301000]: [offline_bag_feeder] frame=134 lidar stamp=13.301000
[INFO] [1775737154.315291, 13.401000]: [offline_bag_feeder] frame=135 lidar stamp=13.401000
[INFO] [1775737154.317266, 13.501000]: [offline_bag_feeder] frame=136 lidar stamp=13.501000
[INFO] [1775737154.319938, 13.601000]: [offline_bag_feeder] frame=137 lidar stamp=13.601000
[INFO] [1775737154.321929, 13.701000]: [offline_bag_feeder] frame=138 lidar stamp=13.701000
[INFO] [1775737154.323962, 13.801000]: [offline_bag_feeder] frame=139 lidar stamp=13.801000
[INFO] [1775737154.327002, 13.901000]: [offline_bag_feeder] frame=140 lidar stamp=13.901000
[INFO] [1775737154.329833, 14.001000]: [offline_bag_feeder] frame=141 lidar stamp=14.001000
[INFO] [1775737154.331810, 14.101000]: [offline_bag_feeder] frame=142 lidar stamp=14.101000
[INFO] [1775737154.333736, 14.201000]: [offline_bag_feeder] frame=143 lidar stamp=14.201000
[INFO] [1775737154.335690, 14.301000]: [offline_bag_feeder] frame=144 lidar stamp=14.301000
[INFO] [1775737154.337538, 14.401000]: [offline_bag_feeder] frame=145 lidar stamp=14.401000
[INFO] [1775737154.339453, 14.501000]: [offline_bag_feeder] frame=146 lidar stamp=14.501000
[INFO] [1775737154.341380, 14.601000]: [offline_bag_feeder] frame=147 lidar stamp=14.601000
[INFO] [1775737154.343263, 14.701000]: [offline_bag_feeder] frame=148 lidar stamp=14.701000
[INFO] [1775737154.345129, 14.801000]: [offline_bag_feeder] frame=149 lidar stamp=14.801000
[INFO] [1775737154.347099, 14.901000]: [offline_bag_feeder] frame=150 lidar stamp=14.901000
[INFO] [1775737154.349479, 15.001000]: [offline_bag_feeder] frame=151 lidar stamp=15.001000
[INFO] [1775737154.352516, 15.101000]: [offline_bag_feeder] frame=152 lidar stamp=15.101000
[INFO] [1775737154.355007, 15.201000]: [offline_bag_feeder] frame=153 lidar stamp=15.201000
[INFO] [1775737154.359207, 15.301000]: [offline_bag_feeder] frame=154 lidar stamp=15.301000
[INFO] [1775737154.361562, 15.401000]: [offline_bag_feeder] frame=155 lidar stamp=15.401000
[INFO] [1775737154.364940, 15.501000]: [offline_bag_feeder] frame=156 lidar stamp=15.501000
[INFO] [1775737154.367970, 15.601000]: [offline_bag_feeder] frame=157 lidar stamp=15.601000
[INFO] [1775737154.370435, 15.701000]: [offline_bag_feeder] frame=158 lidar stamp=15.701000
[INFO] [1775737154.374929, 15.801000]: [offline_bag_feeder] frame=159 lidar stamp=15.801000
[INFO] [1775737154.377635, 15.901000]: [offline_bag_feeder] frame=160 lidar stamp=15.901000
[INFO] [1775737154.381505, 16.001000]: [offline_bag_feeder] frame=161 lidar stamp=16.001000
[INFO] [1775737154.384684, 16.101000]: [offline_bag_feeder] frame=162 lidar stamp=16.101000
[INFO] [1775737154.387355, 16.201000]: [offline_bag_feeder] frame=163 lidar stamp=16.201000
[INFO] [1775737154.391995, 16.301000]: [offline_bag_feeder] frame=164 lidar stamp=16.301000
[INFO] [1775737154.394681, 16.401000]: [offline_bag_feeder] frame=165 lidar stamp=16.401000
[INFO] [1775737154.398342, 16.501000]: [offline_bag_feeder] frame=166 lidar stamp=16.501000
[INFO] [1775737154.401805, 16.601000]: [offline_bag_feeder] frame=167 lidar stamp=16.601000
[INFO] [1775737154.408128, 16.701000]: [offline_bag_feeder] frame=168 lidar stamp=16.701000
[INFO] [1775737154.414127, 16.801000]: [offline_bag_feeder] frame=169 lidar stamp=16.801000
[INFO] [1775737154.421595, 16.901000]: [offline_bag_feeder] frame=170 lidar stamp=16.901000
[INFO] [1775737154.429059, 17.001000]: [offline_bag_feeder] frame=171 lidar stamp=17.001000
[INFO] [1775737154.433318, 17.101000]: [offline_bag_feeder] frame=172 lidar stamp=17.101000
[INFO] [1775737154.437654, 17.201000]: [offline_bag_feeder] frame=173 lidar stamp=17.201000
[INFO] [1775737154.442757, 17.301000]: [offline_bag_feeder] frame=174 lidar stamp=17.301000
[INFO] [1775737154.447942, 17.401000]: [offline_bag_feeder] frame=175 lidar stamp=17.401000
[INFO] [1775737154.455505, 17.501000]: [offline_bag_feeder] frame=176 lidar stamp=17.501000
[INFO] [1775737154.461133, 17.601000]: [offline_bag_feeder] frame=177 lidar stamp=17.601000
[INFO] [1775737154.466179, 17.701000]: [offline_bag_feeder] frame=178 lidar stamp=17.701000
[INFO] [1775737154.469627, 17.801000]: [offline_bag_feeder] frame=179 lidar stamp=17.801000
[INFO] [1775737154.473659, 17.901000]: [offline_bag_feeder] frame=180 lidar stamp=17.901000
[INFO] [1775737154.476711, 18.001000]: [offline_bag_feeder] frame=181 lidar stamp=18.001000
[INFO] [1775737154.481307, 18.101000]: [offline_bag_feeder] frame=182 lidar stamp=18.101000
[INFO] [1775737154.485866, 18.201000]: [offline_bag_feeder] frame=183 lidar stamp=18.201000
[INFO] [1775737154.489328, 18.301000]: [offline_bag_feeder] frame=184 lidar stamp=18.301000
[INFO] [1775737154.492787, 18.401000]: [offline_bag_feeder] frame=185 lidar stamp=18.401000
[INFO] [1775737154.496782, 18.501000]: [offline_bag_feeder] frame=186 lidar stamp=18.501000
[INFO] [1775737154.501090, 18.601000]: [offline_bag_feeder] frame=187 lidar stamp=18.601000
[INFO] [1775737154.504886, 18.701000]: [offline_bag_feeder] frame=188 lidar stamp=18.701000
[INFO] [1775737154.509000, 18.801000]: [offline_bag_feeder] frame=189 lidar stamp=18.801000
[INFO] [1775737154.512122, 18.901000]: [offline_bag_feeder] frame=190 lidar stamp=18.901000
[INFO] [1775737154.514731, 19.001000]: [offline_bag_feeder] frame=191 lidar stamp=19.001000
[INFO] [1775737154.517444, 19.101000]: [offline_bag_feeder] frame=192 lidar stamp=19.101000
[INFO] [1775737154.520769, 19.201000]: [offline_bag_feeder] frame=193 lidar stamp=19.201000
[INFO] [1775737154.523700, 19.301000]: [offline_bag_feeder] frame=194 lidar stamp=19.301000
[INFO] [1775737154.527946, 19.401000]: [offline_bag_feeder] frame=195 lidar stamp=19.401000
[INFO] [1775737154.531385, 19.501000]: [offline_bag_feeder] frame=196 lidar stamp=19.501000
[INFO] [1775737154.534496, 19.601000]: [offline_bag_feeder] frame=197 lidar stamp=19.601000
[INFO] [1775737154.539574, 19.701000]: [offline_bag_feeder] frame=198 lidar stamp=19.701000
[INFO] [1775737154.542908, 19.801000]: [offline_bag_feeder] frame=199 lidar stamp=19.801000
[INFO] [1775737154.546336, 19.901000]: [offline_bag_feeder] frame=200 lidar stamp=19.901000
[INFO] [1775737154.549010, 20.001000]: [offline_bag_feeder] frame=201 lidar stamp=20.001000
[INFO] [1775737154.552368, 20.101000]: [offline_bag_feeder] frame=202 lidar stamp=20.101000
[INFO] [1775737154.555900, 20.201000]: [offline_bag_feeder] frame=203 lidar stamp=20.201000
[INFO] [1775737154.559184, 20.301000]: [offline_bag_feeder] frame=204 lidar stamp=20.301000
[INFO] [1775737154.564262, 20.401000]: [offline_bag_feeder] frame=205 lidar stamp=20.401000
[INFO] [1775737154.567456, 20.501000]: [offline_bag_feeder] frame=206 lidar stamp=20.501000
[INFO] [1775737154.571438, 20.601000]: [offline_bag_feeder] frame=207 lidar stamp=20.601000
[INFO] [1775737154.574952, 20.701000]: [offline_bag_feeder] frame=208 lidar stamp=20.701000
[INFO] [1775737154.578206, 20.801000]: [offline_bag_feeder] frame=209 lidar stamp=20.801000
[INFO] [1775737154.585035, 20.901000]: [offline_bag_feeder] frame=210 lidar stamp=20.901000
[INFO] [1775737154.590396, 21.001000]: [offline_bag_feeder] frame=211 lidar stamp=21.001000
[INFO] [1775737154.595827, 21.101000]: [offline_bag_feeder] frame=212 lidar stamp=21.101000
[INFO] [1775737154.601593, 21.201000]: [offline_bag_feeder] frame=213 lidar stamp=21.201000
[INFO] [1775737154.605168, 21.301000]: [offline_bag_feeder] frame=214 lidar stamp=21.301000
[INFO] [1775737154.607665, 21.401000]: [offline_bag_feeder] frame=215 lidar stamp=21.401000
[INFO] [1775737154.610176, 21.501000]: [offline_bag_feeder] frame=216 lidar stamp=21.501000
[INFO] [1775737154.612740, 21.601000]: [offline_bag_feeder] frame=217 lidar stamp=21.601000
[INFO] [1775737154.615170, 21.701000]: [offline_bag_feeder] frame=218 lidar stamp=21.701000
[INFO] [1775737154.618885, 21.801000]: [offline_bag_feeder] frame=219 lidar stamp=21.801000
[INFO] [1775737154.621502, 21.901000]: [offline_bag_feeder] frame=220 lidar stamp=21.901000
[INFO] [1775737154.624148, 22.001000]: [offline_bag_feeder] frame=221 lidar stamp=22.001000
[INFO] [1775737154.626702, 22.101000]: [offline_bag_feeder] frame=222 lidar stamp=22.101000
[INFO] [1775737154.629290, 22.201000]: [offline_bag_feeder] frame=223 lidar stamp=22.201000
[INFO] [1775737154.631875, 22.301000]: [offline_bag_feeder] frame=224 lidar stamp=22.301000
[INFO] [1775737154.635379, 22.401000]: [offline_bag_feeder] frame=225 lidar stamp=22.401000
[INFO] [1775737154.639315, 22.501000]: [offline_bag_feeder] frame=226 lidar stamp=22.501000
[INFO] [1775737154.643210, 22.601000]: [offline_bag_feeder] frame=227 lidar stamp=22.601000
[INFO] [1775737154.648264, 22.701000]: [offline_bag_feeder] frame=228 lidar stamp=22.701000
[INFO] [1775737154.652552, 22.801000]: [offline_bag_feeder] frame=229 lidar stamp=22.801000
[INFO] [1775737154.657406, 22.901000]: [offline_bag_feeder] frame=230 lidar stamp=22.901000
[INFO] [1775737154.661182, 23.001000]: [offline_bag_feeder] frame=231 lidar stamp=23.001000
[INFO] [1775737154.664838, 23.101000]: [offline_bag_feeder] frame=232 lidar stamp=23.101000
[INFO] [1775737154.668532, 23.201000]: [offline_bag_feeder] frame=233 lidar stamp=23.201000
[INFO] [1775737154.672168, 23.301000]: [offline_bag_feeder] frame=234 lidar stamp=23.301000
[INFO] [1775737154.674941, 23.401000]: [offline_bag_feeder] frame=235 lidar stamp=23.401000
[INFO] [1775737154.677216, 23.501000]: [offline_bag_feeder] frame=236 lidar stamp=23.501000
[INFO] [1775737154.679602, 23.601000]: [offline_bag_feeder] frame=237 lidar stamp=23.601000
[INFO] [1775737154.682708, 23.701000]: [offline_bag_feeder] frame=238 lidar stamp=23.701000
[INFO] [1775737154.687592, 23.801000]: [offline_bag_feeder] frame=239 lidar stamp=23.801000
[INFO] [1775737154.692277, 23.901000]: [offline_bag_feeder] frame=240 lidar stamp=23.901000
[INFO] [1775737154.699209, 24.001000]: [offline_bag_feeder] frame=241 lidar stamp=24.001000
[INFO] [1775737154.703924, 24.101000]: [offline_bag_feeder] frame=242 lidar stamp=24.101000
[INFO] [1775737154.709710, 24.201000]: [offline_bag_feeder] frame=243 lidar stamp=24.201000
[INFO] [1775737154.714700, 24.301000]: [offline_bag_feeder] frame=244 lidar stamp=24.301000
[INFO] [1775737154.720082, 24.401000]: [offline_bag_feeder] frame=245 lidar stamp=24.401000
[INFO] [1775737154.725348, 24.501000]: [offline_bag_feeder] frame=246 lidar stamp=24.501000
[INFO] [1775737154.730144, 24.601000]: [offline_bag_feeder] frame=247 lidar stamp=24.601000
[INFO] [1775737154.737086, 24.701000]: [offline_bag_feeder] frame=248 lidar stamp=24.701000
[INFO] [1775737154.741505, 24.801000]: [offline_bag_feeder] frame=249 lidar stamp=24.801000
[INFO] [1775737154.746687, 24.901000]: [offline_bag_feeder] frame=250 lidar stamp=24.901000
[INFO] [1775737154.750930, 25.001000]: [offline_bag_feeder] frame=251 lidar stamp=25.001000
[INFO] [1775737154.755217, 25.101000]: [offline_bag_feeder] frame=252 lidar stamp=25.101000
[INFO] [1775737154.759152, 25.201000]: [offline_bag_feeder] frame=253 lidar stamp=25.201000
[INFO] [1775737154.764364, 25.301000]: [offline_bag_feeder] frame=254 lidar stamp=25.301000
[INFO] [1775737154.769786, 25.401000]: [offline_bag_feeder] frame=255 lidar stamp=25.401000
[INFO] [1775737154.775035, 25.501000]: [offline_bag_feeder] frame=256 lidar stamp=25.501000
[INFO] [1775737154.782679, 25.601000]: [offline_bag_feeder] frame=257 lidar stamp=25.601000
[INFO] [1775737154.787535, 25.701000]: [offline_bag_feeder] frame=258 lidar stamp=25.701000
[INFO] [1775737154.794222, 25.801000]: [offline_bag_feeder] frame=259 lidar stamp=25.801000
[INFO] [1775737154.801099, 25.901000]: [offline_bag_feeder] frame=260 lidar stamp=25.901000
[INFO] [1775737154.806725, 26.001000]: [offline_bag_feeder] frame=261 lidar stamp=26.001000
[INFO] [1775737154.811234, 26.101000]: [offline_bag_feeder] frame=262 lidar stamp=26.101000
[INFO] [1775737154.814312, 26.201000]: [offline_bag_feeder] frame=263 lidar stamp=26.201000
[INFO] [1775737154.817156, 26.301000]: [offline_bag_feeder] frame=264 lidar stamp=26.301000
[INFO] [1775737154.820692, 26.401000]: [offline_bag_feeder] frame=265 lidar stamp=26.401000
[INFO] [1775737154.824388, 26.501000]: [offline_bag_feeder] frame=266 lidar stamp=26.501000
[INFO] [1775737154.827938, 26.601000]: [offline_bag_feeder] frame=267 lidar stamp=26.601000
[INFO] [1775737154.833652, 26.701000]: [offline_bag_feeder] frame=268 lidar stamp=26.701000
[INFO] [1775737154.837369, 26.801000]: [offline_bag_feeder] frame=269 lidar stamp=26.801000
[INFO] [1775737154.842302, 26.901000]: [offline_bag_feeder] frame=270 lidar stamp=26.901000
[INFO] [1775737154.849920, 27.001000]: [offline_bag_feeder] frame=271 lidar stamp=27.001000
[INFO] [1775737154.855438, 27.101000]: [offline_bag_feeder] frame=272 lidar stamp=27.101000
[INFO] [1775737154.857912, 27.201000]: [offline_bag_feeder] frame=273 lidar stamp=27.201000
[INFO] [1775737154.860497, 27.301000]: [offline_bag_feeder] frame=274 lidar stamp=27.301000
[INFO] [1775737154.865760, 27.401000]: [offline_bag_feeder] frame=275 lidar stamp=27.401000
[INFO] [1775737154.869890, 27.501000]: [offline_bag_feeder] frame=276 lidar stamp=27.501000
[INFO] [1775737154.876372, 27.601000]: [offline_bag_feeder] frame=277 lidar stamp=27.601000
[INFO] [1775737154.880455, 27.701000]: [offline_bag_feeder] frame=278 lidar stamp=27.701000
[INFO] [1775737154.884606, 27.801000]: [offline_bag_feeder] frame=279 lidar stamp=27.801000
[INFO] [1775737154.888672, 27.901000]: [offline_bag_feeder] frame=280 lidar stamp=27.901000
[INFO] [1775737154.894378, 28.001000]: [offline_bag_feeder] frame=281 lidar stamp=28.001000
[INFO] [1775737154.900008, 28.101000]: [offline_bag_feeder] frame=282 lidar stamp=28.101000
[INFO] [1775737154.905093, 28.201000]: [offline_bag_feeder] frame=283 lidar stamp=28.201000
[INFO] [1775737154.911642, 28.301000]: [offline_bag_feeder] frame=284 lidar stamp=28.301000
[INFO] [1775737154.916349, 28.401000]: [offline_bag_feeder] frame=285 lidar stamp=28.401000
[INFO] [1775737154.921552, 28.501000]: [offline_bag_feeder] frame=286 lidar stamp=28.501000
[INFO] [1775737154.925436, 28.601000]: [offline_bag_feeder] frame=287 lidar stamp=28.601000
[INFO] [1775737154.928622, 28.701000]: [offline_bag_feeder] frame=288 lidar stamp=28.701000
[INFO] [1775737154.932831, 28.801000]: [offline_bag_feeder] frame=289 lidar stamp=28.801000
[INFO] [1775737154.935669, 28.901000]: [offline_bag_feeder] frame=290 lidar stamp=28.901000
[INFO] [1775737154.939880, 29.001000]: [offline_bag_feeder] frame=291 lidar stamp=29.001000
[INFO] [1775737154.943748, 29.101000]: [offline_bag_feeder] frame=292 lidar stamp=29.101000
[INFO] [1775737154.951940, 29.201000]: [offline_bag_feeder] frame=293 lidar stamp=29.201000
[INFO] [1775737154.961173, 29.301000]: [offline_bag_feeder] frame=294 lidar stamp=29.301000
[INFO] [1775737154.968959, 29.401000]: [offline_bag_feeder] frame=295 lidar stamp=29.401000
[INFO] [1775737154.973267, 29.501000]: [offline_bag_feeder] frame=296 lidar stamp=29.501000
[INFO] [1775737154.978249, 29.601000]: [offline_bag_feeder] frame=297 lidar stamp=29.601000
[INFO] [1775737154.982257, 29.701000]: [offline_bag_feeder] frame=298 lidar stamp=29.701000
[INFO] [1775737154.986685, 29.801000]: [offline_bag_feeder] frame=299 lidar stamp=29.801000
[INFO] [1775737154.990787, 29.901000]: [offline_bag_feeder] frame=300 lidar stamp=29.901000
[INFO] [1775737154.994759, 30.001000]: [offline_bag_feeder] frame=301 lidar stamp=30.001000
[INFO] [1775737154.998830, 30.101000]: [offline_bag_feeder] frame=302 lidar stamp=30.101000
[INFO] [1775737155.002981, 30.201000]: [offline_bag_feeder] frame=303 lidar stamp=30.201000
[INFO] [1775737155.006951, 30.301000]: [offline_bag_feeder] frame=304 lidar stamp=30.301000
[INFO] [1775737155.010861, 30.401000]: [offline_bag_feeder] frame=305 lidar stamp=30.401000
[INFO] [1775737155.013525, 30.501000]: [offline_bag_feeder] frame=306 lidar stamp=30.501000
[INFO] [1775737155.016932, 30.601000]: [offline_bag_feeder] frame=307 lidar stamp=30.601000
[INFO] [1775737155.019903, 30.701000]: [offline_bag_feeder] frame=308 lidar stamp=30.701000
[INFO] [1775737155.022608, 30.801000]: [offline_bag_feeder] frame=309 lidar stamp=30.801000
[INFO] [1775737155.025365, 30.901000]: [offline_bag_feeder] frame=310 lidar stamp=30.901000
[INFO] [1775737155.028621, 31.001000]: [offline_bag_feeder] frame=311 lidar stamp=31.001000
[INFO] [1775737155.031180, 31.101000]: [offline_bag_feeder] frame=312 lidar stamp=31.101000
[INFO] [1775737155.033701, 31.201000]: [offline_bag_feeder] frame=313 lidar stamp=31.201000
[INFO] [1775737155.036080, 31.301000]: [offline_bag_feeder] frame=314 lidar stamp=31.301000
[INFO] [1775737155.038419, 31.401000]: [offline_bag_feeder] frame=315 lidar stamp=31.401000
[INFO] [1775737155.040787, 31.501000]: [offline_bag_feeder] frame=316 lidar stamp=31.501000
[INFO] [1775737155.043238, 31.601000]: [offline_bag_feeder] frame=317 lidar stamp=31.601000
[INFO] [1775737155.045501, 31.701000]: [offline_bag_feeder] frame=318 lidar stamp=31.701000
[INFO] [1775737155.049632, 31.801000]: [offline_bag_feeder] frame=319 lidar stamp=31.801000
[INFO] [1775737155.052402, 31.901000]: [offline_bag_feeder] frame=320 lidar stamp=31.901000
[INFO] [1775737155.054826, 32.001000]: [offline_bag_feeder] frame=321 lidar stamp=32.001000
[INFO] [1775737155.057122, 32.101000]: [offline_bag_feeder] frame=322 lidar stamp=32.101000
[INFO] [1775737155.059224, 32.201000]: [offline_bag_feeder] frame=323 lidar stamp=32.201000
[INFO] [1775737155.061651, 32.301000]: [offline_bag_feeder] frame=324 lidar stamp=32.301000
[INFO] [1775737155.063748, 32.401000]: [offline_bag_feeder] frame=325 lidar stamp=32.401000
[INFO] [1775737155.065858, 32.501000]: [offline_bag_feeder] frame=326 lidar stamp=32.501000
[INFO] [1775737155.067835, 32.601000]: [offline_bag_feeder] frame=327 lidar stamp=32.601000
[INFO] [1775737155.070153, 32.701000]: [offline_bag_feeder] frame=328 lidar stamp=32.701000
[INFO] [1775737155.072743, 32.801000]: [offline_bag_feeder] frame=329 lidar stamp=32.801000
[INFO] [1775737155.076922, 32.901000]: [offline_bag_feeder] frame=330 lidar stamp=32.901000
[INFO] [1775737155.080955, 33.001000]: [offline_bag_feeder] frame=331 lidar stamp=33.001000
[INFO] [1775737155.086477, 33.101000]: [offline_bag_feeder] frame=332 lidar stamp=33.101000
[INFO] [1775737155.091533, 33.201000]: [offline_bag_feeder] frame=333 lidar stamp=33.201000
[INFO] [1775737155.094843, 33.301000]: [offline_bag_feeder] frame=334 lidar stamp=33.301000
[INFO] [1775737155.099793, 33.401000]: [offline_bag_feeder] frame=335 lidar stamp=33.401000
[INFO] [1775737155.102741, 33.501000]: [offline_bag_feeder] frame=336 lidar stamp=33.501000
[INFO] [1775737155.106863, 33.601000]: [offline_bag_feeder] frame=337 lidar stamp=33.601000
[INFO] [1775737155.111359, 33.701000]: [offline_bag_feeder] frame=338 lidar stamp=33.701000
[INFO] [1775737155.114331, 33.801000]: [offline_bag_feeder] frame=339 lidar stamp=33.801000
[INFO] [1775737155.119220, 33.901000]: [offline_bag_feeder] frame=340 lidar stamp=33.901000
[INFO] [1775737155.121875, 34.001000]: [offline_bag_feeder] frame=341 lidar stamp=34.001000
[INFO] [1775737155.124889, 34.101000]: [offline_bag_feeder] frame=342 lidar stamp=34.101000
[INFO] [1775737155.128557, 34.201000]: [offline_bag_feeder] frame=343 lidar stamp=34.201000
[INFO] [1775737155.133190, 34.301000]: [offline_bag_feeder] frame=344 lidar stamp=34.301000
[INFO] [1775737155.136002, 34.401000]: [offline_bag_feeder] frame=345 lidar stamp=34.401000
[INFO] [1775737155.138374, 34.501000]: [offline_bag_feeder] frame=346 lidar stamp=34.501000
[INFO] [1775737155.141377, 34.601000]: [offline_bag_feeder] frame=347 lidar stamp=34.601000
[INFO] [1775737155.143917, 34.701000]: [offline_bag_feeder] frame=348 lidar stamp=34.701000
[INFO] [1775737155.146905, 34.801000]: [offline_bag_feeder] frame=349 lidar stamp=34.801000
[INFO] [1775737155.149061, 34.901000]: [offline_bag_feeder] frame=350 lidar stamp=34.901000
[INFO] [1775737155.151158, 35.001000]: [offline_bag_feeder] frame=351 lidar stamp=35.001000
[INFO] [1775737155.153312, 35.101000]: [offline_bag_feeder] frame=352 lidar stamp=35.101000
[INFO] [1775737155.155467, 35.201000]: [offline_bag_feeder] frame=353 lidar stamp=35.201000
[INFO] [1775737155.157542, 35.301000]: [offline_bag_feeder] frame=354 lidar stamp=35.301000
[INFO] [1775737155.159646, 35.401000]: [offline_bag_feeder] frame=355 lidar stamp=35.401000
[INFO] [1775737155.161736, 35.501000]: [offline_bag_feeder] frame=356 lidar stamp=35.501000
[INFO] [1775737155.163941, 35.601000]: [offline_bag_feeder] frame=357 lidar stamp=35.601000
[INFO] [1775737155.167414, 35.701000]: [offline_bag_feeder] frame=358 lidar stamp=35.701000
[INFO] [1775737155.169455, 35.801000]: [offline_bag_feeder] frame=359 lidar stamp=35.801000
[INFO] [1775737155.171465, 35.901000]: [offline_bag_feeder] frame=360 lidar stamp=35.901000
[INFO] [1775737155.173506, 36.001000]: [offline_bag_feeder] frame=361 lidar stamp=36.001000
[INFO] [1775737155.175419, 36.101000]: [offline_bag_feeder] frame=362 lidar stamp=36.101000
[INFO] [1775737155.177438, 36.201000]: [offline_bag_feeder] frame=363 lidar stamp=36.201000
[INFO] [1775737155.179640, 36.301000]: [offline_bag_feeder] frame=364 lidar stamp=36.301000
[INFO] [1775737155.181677, 36.401000]: [offline_bag_feeder] frame=365 lidar stamp=36.401000
[INFO] [1775737155.183622, 36.501000]: [offline_bag_feeder] frame=366 lidar stamp=36.501000
[INFO] [1775737155.185683, 36.601000]: [offline_bag_feeder] frame=367 lidar stamp=36.601000
[INFO] [1775737155.187655, 36.701000]: [offline_bag_feeder] frame=368 lidar stamp=36.701000
[INFO] [1775737155.189602, 36.801000]: [offline_bag_feeder] frame=369 lidar stamp=36.801000
[INFO] [1775737155.192156, 36.901000]: [offline_bag_feeder] frame=370 lidar stamp=36.901000
[INFO] [1775737155.194863, 37.001000]: [offline_bag_feeder] frame=371 lidar stamp=37.001000
[INFO] [1775737155.197151, 37.101000]: [offline_bag_feeder] frame=372 lidar stamp=37.101000
[INFO] [1775737155.201166, 37.201000]: [offline_bag_feeder] frame=373 lidar stamp=37.201000
[INFO] [1775737155.203576, 37.301000]: [offline_bag_feeder] frame=374 lidar stamp=37.301000
[INFO] [1775737155.206880, 37.401000]: [offline_bag_feeder] frame=375 lidar stamp=37.401000
[INFO] [1775737155.208718, 37.501000]: [offline_bag_feeder] frame=376 lidar stamp=37.501000
[INFO] [1775737155.210697, 37.601000]: [offline_bag_feeder] frame=377 lidar stamp=37.601000
[INFO] [1775737155.212644, 37.701000]: [offline_bag_feeder] frame=378 lidar stamp=37.701000
[INFO] [1775737155.214563, 37.801000]: [offline_bag_feeder] frame=379 lidar stamp=37.801000
[INFO] [1775737155.216425, 37.901000]: [offline_bag_feeder] frame=380 lidar stamp=37.901000
[INFO] [1775737155.218249, 38.001000]: [offline_bag_feeder] frame=381 lidar stamp=38.001000
[INFO] [1775737155.220130, 38.101000]: [offline_bag_feeder] frame=382 lidar stamp=38.101000
[INFO] [1775737155.222693, 38.201000]: [offline_bag_feeder] frame=383 lidar stamp=38.201000
[INFO] [1775737155.226221, 38.301000]: [offline_bag_feeder] frame=384 lidar stamp=38.301000
[INFO] [1775737155.228328, 38.401000]: [offline_bag_feeder] frame=385 lidar stamp=38.401000
[INFO] [1775737155.230605, 38.501000]: [offline_bag_feeder] frame=386 lidar stamp=38.501000
[INFO] [1775737155.233459, 38.601000]: [offline_bag_feeder] frame=387 lidar stamp=38.601000
[INFO] [1775737155.236345, 38.701000]: [offline_bag_feeder] frame=388 lidar stamp=38.701000
[INFO] [1775737155.240824, 38.801000]: [offline_bag_feeder] frame=389 lidar stamp=38.801000
[INFO] [1775737155.243375, 38.901000]: [offline_bag_feeder] frame=390 lidar stamp=38.901000
[INFO] [1775737155.246894, 39.001000]: [offline_bag_feeder] frame=391 lidar stamp=39.001000
[INFO] [1775737155.249914, 39.101000]: [offline_bag_feeder] frame=392 lidar stamp=39.101000
[INFO] [1775737155.252337, 39.201000]: [offline_bag_feeder] frame=393 lidar stamp=39.201000
[INFO] [1775737155.255897, 39.301000]: [offline_bag_feeder] frame=394 lidar stamp=39.301000
[INFO] [1775737155.258066, 39.401000]: [offline_bag_feeder] frame=395 lidar stamp=39.401000
[INFO] [1775737155.260162, 39.501000]: [offline_bag_feeder] frame=396 lidar stamp=39.501000
[INFO] [1775737155.262288, 39.601000]: [offline_bag_feeder] frame=397 lidar stamp=39.601000
[INFO] [1775737155.264385, 39.701000]: [offline_bag_feeder] frame=398 lidar stamp=39.701000
[INFO] [1775737155.266605, 39.801000]: [offline_bag_feeder] frame=399 lidar stamp=39.801000
[INFO] [1775737155.269276, 39.901000]: [offline_bag_feeder] frame=400 lidar stamp=39.901000
[INFO] [1775737155.271248, 40.001000]: [offline_bag_feeder] frame=401 lidar stamp=40.001000
[INFO] [1775737155.273212, 40.101000]: [offline_bag_feeder] frame=402 lidar stamp=40.101000
[INFO] [1775737155.275040, 40.201000]: [offline_bag_feeder] frame=403 lidar stamp=40.201000
[INFO] [1775737155.276823, 40.301000]: [offline_bag_feeder] frame=404 lidar stamp=40.301000
[INFO] [1775737155.278607, 40.401000]: [offline_bag_feeder] frame=405 lidar stamp=40.401000
[INFO] [1775737155.280453, 40.501000]: [offline_bag_feeder] frame=406 lidar stamp=40.501000
[INFO] [1775737155.282239, 40.601000]: [offline_bag_feeder] frame=407 lidar stamp=40.601000
[INFO] [1775737155.284562, 40.701000]: [offline_bag_feeder] frame=408 lidar stamp=40.701000
[INFO] [1775737155.287179, 40.801000]: [offline_bag_feeder] frame=409 lidar stamp=40.801000
[INFO] [1775737155.289300, 40.901000]: [offline_bag_feeder] frame=410 lidar stamp=40.901000
[INFO] [1775737155.293250, 41.001000]: [offline_bag_feeder] frame=411 lidar stamp=41.001000
[INFO] [1775737155.295496, 41.101000]: [offline_bag_feeder] frame=412 lidar stamp=41.101000
[INFO] [1775737155.298844, 41.201000]: [offline_bag_feeder] frame=413 lidar stamp=41.201000
[INFO] [1775737155.301719, 41.301000]: [offline_bag_feeder] frame=414 lidar stamp=41.301000
[INFO] [1775737155.303984, 41.401000]: [offline_bag_feeder] frame=415 lidar stamp=41.401000
[INFO] [1775737155.308164, 41.501000]: [offline_bag_feeder] frame=416 lidar stamp=41.501000
[INFO] [1775737155.310796, 41.601000]: [offline_bag_feeder] frame=417 lidar stamp=41.601000
[INFO] [1775737155.314495, 41.701000]: [offline_bag_feeder] frame=418 lidar stamp=41.701000
[INFO] [1775737155.316777, 41.801000]: [offline_bag_feeder] frame=419 lidar stamp=41.801000
[INFO] [1775737155.318847, 41.901000]: [offline_bag_feeder] frame=420 lidar stamp=41.901000
[INFO] [1775737155.321816, 42.001000]: [offline_bag_feeder] frame=421 lidar stamp=42.001000
[INFO] [1775737155.324339, 42.101000]: [offline_bag_feeder] frame=422 lidar stamp=42.101000
[INFO] [1775737155.327276, 42.201000]: [offline_bag_feeder] frame=423 lidar stamp=42.201000
[INFO] [1775737155.329485, 42.301000]: [offline_bag_feeder] frame=424 lidar stamp=42.301000
[INFO] [1775737155.331601, 42.401000]: [offline_bag_feeder] frame=425 lidar stamp=42.401000
[INFO] [1775737155.334484, 42.501000]: [offline_bag_feeder] frame=426 lidar stamp=42.501000
[INFO] [1775737155.336681, 42.601000]: [offline_bag_feeder] frame=427 lidar stamp=42.601000
[INFO] [1775737155.339687, 42.701000]: [offline_bag_feeder] frame=428 lidar stamp=42.701000
[INFO] [1775737155.341931, 42.801000]: [offline_bag_feeder] frame=429 lidar stamp=42.801000
[INFO] [1775737155.344142, 42.901000]: [offline_bag_feeder] frame=430 lidar stamp=42.901000
[INFO] [1775737155.348276, 43.001000]: [offline_bag_feeder] frame=431 lidar stamp=43.001000
[INFO] [1775737155.350487, 43.101000]: [offline_bag_feeder] frame=432 lidar stamp=43.101000
[INFO] [1775737155.352503, 43.201000]: [offline_bag_feeder] frame=433 lidar stamp=43.201000
[INFO] [1775737155.354620, 43.301000]: [offline_bag_feeder] frame=434 lidar stamp=43.301000
[INFO] [1775737155.357232, 43.401000]: [offline_bag_feeder] frame=435 lidar stamp=43.401000
[INFO] [1775737155.360904, 43.501000]: [offline_bag_feeder] frame=436 lidar stamp=43.501000
[INFO] [1775737155.363010, 43.601000]: [offline_bag_feeder] frame=437 lidar stamp=43.601000
[INFO] [1775737155.365141, 43.701000]: [offline_bag_feeder] frame=438 lidar stamp=43.701000
[INFO] [1775737155.367207, 43.801000]: [offline_bag_feeder] frame=439 lidar stamp=43.801000
[INFO] [1775737155.369114, 43.901000]: [offline_bag_feeder] frame=440 lidar stamp=43.901000
[INFO] [1775737155.371029, 44.001000]: [offline_bag_feeder] frame=441 lidar stamp=44.001000
[INFO] [1775737155.373179, 44.101000]: [offline_bag_feeder] frame=442 lidar stamp=44.101000
[INFO] [1775737155.376015, 44.201000]: [offline_bag_feeder] frame=443 lidar stamp=44.201000
[INFO] [1775737155.378395, 44.301000]: [offline_bag_feeder] frame=444 lidar stamp=44.301000
[INFO] [1775737155.382632, 44.401000]: [offline_bag_feeder] frame=445 lidar stamp=44.401000
[INFO] [1775737155.384994, 44.501000]: [offline_bag_feeder] frame=446 lidar stamp=44.501000
[INFO] [1775737155.388479, 44.601000]: [offline_bag_feeder] frame=447 lidar stamp=44.601000
[INFO] [1775737155.391794, 44.701000]: [offline_bag_feeder] frame=448 lidar stamp=44.701000
[INFO] [1775737155.394295, 44.801000]: [offline_bag_feeder] frame=449 lidar stamp=44.801000
[INFO] [1775737155.398608, 44.901000]: [offline_bag_feeder] frame=450 lidar stamp=44.901000
[INFO] [1775737155.400980, 45.001000]: [offline_bag_feeder] frame=451 lidar stamp=45.001000
[INFO] [1775737155.404379, 45.101000]: [offline_bag_feeder] frame=452 lidar stamp=45.101000
[INFO] [1775737155.407978, 45.201000]: [offline_bag_feeder] frame=453 lidar stamp=45.201000
[INFO] [1775737155.412664, 45.301000]: [offline_bag_feeder] frame=454 lidar stamp=45.301000
[INFO] [1775737155.416458, 45.401000]: [offline_bag_feeder] frame=455 lidar stamp=45.401000
[INFO] [1775737155.440960, 45.501000]: [offline_bag_feeder] frame=456 lidar stamp=45.501000
[INFO] [1775737155.447146, 45.601000]: [offline_bag_feeder] frame=457 lidar stamp=45.601000
[INFO] [1775737155.453445, 45.701000]: [offline_bag_feeder] frame=458 lidar stamp=45.701000
[INFO] [1775737155.458663, 45.801000]: [offline_bag_feeder] frame=459 lidar stamp=45.801000
[INFO] [1775737155.464849, 45.901000]: [offline_bag_feeder] frame=460 lidar stamp=45.901000
[INFO] [1775737155.469708, 46.001000]: [offline_bag_feeder] frame=461 lidar stamp=46.001000
[INFO] [1775737155.475313, 46.101000]: [offline_bag_feeder] frame=462 lidar stamp=46.101000
[INFO] [1775737155.480310, 46.201000]: [offline_bag_feeder] frame=463 lidar stamp=46.201000
[INFO] [1775737155.484915, 46.301000]: [offline_bag_feeder] frame=464 lidar stamp=46.301000
[INFO] [1775737155.489126, 46.401000]: [offline_bag_feeder] frame=465 lidar stamp=46.401000
[INFO] [1775737155.494723, 46.501000]: [offline_bag_feeder] frame=466 lidar stamp=46.501000
[INFO] [1775737155.499166, 46.601000]: [offline_bag_feeder] frame=467 lidar stamp=46.601000
[INFO] [1775737155.504076, 46.701000]: [offline_bag_feeder] frame=468 lidar stamp=46.701000
[INFO] [1775737155.509803, 46.801000]: [offline_bag_feeder] frame=469 lidar stamp=46.801000
[INFO] [1775737155.514281, 46.901000]: [offline_bag_feeder] frame=470 lidar stamp=46.901000
[INFO] [1775737155.519572, 47.001000]: [offline_bag_feeder] frame=471 lidar stamp=47.001000
[INFO] [1775737155.523982, 47.101000]: [offline_bag_feeder] frame=472 lidar stamp=47.101000
[INFO] [1775737155.528442, 47.201000]: [offline_bag_feeder] frame=473 lidar stamp=47.201000
[INFO] [1775737155.533074, 47.301000]: [offline_bag_feeder] frame=474 lidar stamp=47.301000
[INFO] [1775737155.537091, 47.401000]: [offline_bag_feeder] frame=475 lidar stamp=47.401000
[INFO] [1775737155.541608, 47.501000]: [offline_bag_feeder] frame=476 lidar stamp=47.501000
[INFO] [1775737155.546155, 47.601000]: [offline_bag_feeder] frame=477 lidar stamp=47.601000
[INFO] [1775737155.550842, 47.701000]: [offline_bag_feeder] frame=478 lidar stamp=47.701000
[INFO] [1775737155.556046, 47.801000]: [offline_bag_feeder] frame=479 lidar stamp=47.801000
[INFO] [1775737155.562103, 47.901000]: [offline_bag_feeder] frame=480 lidar stamp=47.901000
[INFO] [1775737155.567514, 48.001000]: [offline_bag_feeder] frame=481 lidar stamp=48.001000
[INFO] [1775737155.572284, 48.101000]: [offline_bag_feeder] frame=482 lidar stamp=48.101000
[INFO] [1775737155.578727, 48.201000]: [offline_bag_feeder] frame=483 lidar stamp=48.201000
[INFO] [1775737155.583768, 48.301000]: [offline_bag_feeder] frame=484 lidar stamp=48.301000
[INFO] [1775737155.589988, 48.401000]: [offline_bag_feeder] frame=485 lidar stamp=48.401000
[INFO] [1775737155.594087, 48.501000]: [offline_bag_feeder] frame=486 lidar stamp=48.501000
[INFO] [1775737155.599323, 48.601000]: [offline_bag_feeder] frame=487 lidar stamp=48.601000
[INFO] [1775737155.603631, 48.701000]: [offline_bag_feeder] frame=488 lidar stamp=48.701000
[INFO] [1775737155.609061, 48.801000]: [offline_bag_feeder] frame=489 lidar stamp=48.801000
[INFO] [1775737155.615456, 48.901000]: [offline_bag_feeder] frame=490 lidar stamp=48.901000
[INFO] [1775737155.620164, 49.001000]: [offline_bag_feeder] frame=491 lidar stamp=49.001000
[INFO] [1775737155.626411, 49.101000]: [offline_bag_feeder] frame=492 lidar stamp=49.101000
[INFO] [1775737155.633258, 49.201000]: [offline_bag_feeder] frame=493 lidar stamp=49.201000
[INFO] [1775737155.640539, 49.301000]: [offline_bag_feeder] frame=494 lidar stamp=49.301000
[INFO] [1775737155.646446, 49.401000]: [offline_bag_feeder] frame=495 lidar stamp=49.401000
[INFO] [1775737155.653095, 49.501000]: [offline_bag_feeder] frame=496 lidar stamp=49.501000
[INFO] [1775737155.659824, 49.601000]: [offline_bag_feeder] frame=497 lidar stamp=49.601000
[INFO] [1775737155.666093, 49.701000]: [offline_bag_feeder] frame=498 lidar stamp=49.701000
[INFO] [1775737155.673589, 49.801000]: [offline_bag_feeder] frame=499 lidar stamp=49.801000
[INFO] [1775737155.679397, 49.901000]: [offline_bag_feeder] frame=500 lidar stamp=49.901000
[INFO] [1775737155.687061, 50.001000]: [offline_bag_feeder] frame=501 lidar stamp=50.001000
[INFO] [1775737155.692981, 50.101000]: [offline_bag_feeder] frame=502 lidar stamp=50.101000
[INFO] [1775737155.699984, 50.201000]: [offline_bag_feeder] frame=503 lidar stamp=50.201000
[INFO] [1775737155.707009, 50.301000]: [offline_bag_feeder] frame=504 lidar stamp=50.301000
[INFO] [1775737155.713183, 50.401000]: [offline_bag_feeder] frame=505 lidar stamp=50.401000
[INFO] [1775737155.721142, 50.501000]: [offline_bag_feeder] frame=506 lidar stamp=50.501000
[INFO] [1775737155.727159, 50.601000]: [offline_bag_feeder] frame=507 lidar stamp=50.601000
[INFO] [1775737155.734496, 50.701000]: [offline_bag_feeder] frame=508 lidar stamp=50.701000
[INFO] [1775737155.739964, 50.801000]: [offline_bag_feeder] frame=509 lidar stamp=50.801000
[INFO] [1775737155.744380, 50.901000]: [offline_bag_feeder] frame=510 lidar stamp=50.901000
[INFO] [1775737155.749425, 51.001000]: [offline_bag_feeder] frame=511 lidar stamp=51.001000
[INFO] [1775737155.754129, 51.101000]: [offline_bag_feeder] frame=512 lidar stamp=51.101000
[INFO] [1775737155.758552, 51.201000]: [offline_bag_feeder] frame=513 lidar stamp=51.201000
[INFO] [1775737155.764551, 51.301000]: [offline_bag_feeder] frame=514 lidar stamp=51.301000
[INFO] [1775737155.770411, 51.401000]: [offline_bag_feeder] frame=515 lidar stamp=51.401000
[INFO] [1775737155.776297, 51.501000]: [offline_bag_feeder] frame=516 lidar stamp=51.501000
[INFO] [1775737155.781934, 51.601000]: [offline_bag_feeder] frame=517 lidar stamp=51.601000
[INFO] [1775737155.786294, 51.701000]: [offline_bag_feeder] frame=518 lidar stamp=51.701000
[INFO] [1775737155.791347, 51.801000]: [offline_bag_feeder] frame=519 lidar stamp=51.801000
[INFO] [1775737155.796608, 51.901000]: [offline_bag_feeder] frame=520 lidar stamp=51.901000
[INFO] [1775737155.801856, 52.001000]: [offline_bag_feeder] frame=521 lidar stamp=52.001000
[INFO] [1775737155.806742, 52.101000]: [offline_bag_feeder] frame=522 lidar stamp=52.101000
[INFO] [1775737155.813778, 52.201000]: [offline_bag_feeder] frame=523 lidar stamp=52.201000
[INFO] [1775737155.818916, 52.301000]: [offline_bag_feeder] frame=524 lidar stamp=52.301000
[INFO] [1775737155.824574, 52.401000]: [offline_bag_feeder] frame=525 lidar stamp=52.401000
[INFO] [1775737155.831635, 52.501000]: [offline_bag_feeder] frame=526 lidar stamp=52.501000
[INFO] [1775737155.836564, 52.601000]: [offline_bag_feeder] frame=527 lidar stamp=52.601000
[INFO] [1775737155.842547, 52.701000]: [offline_bag_feeder] frame=528 lidar stamp=52.701000
[INFO] [1775737155.847483, 52.801000]: [offline_bag_feeder] frame=529 lidar stamp=52.801000
[INFO] [1775737155.853184, 52.901000]: [offline_bag_feeder] frame=530 lidar stamp=52.901000
[INFO] [1775737155.858461, 53.001000]: [offline_bag_feeder] frame=531 lidar stamp=53.001000
[INFO] [1775737155.863095, 53.101000]: [offline_bag_feeder] frame=532 lidar stamp=53.101000
[INFO] [1775737155.868984, 53.201000]: [offline_bag_feeder] frame=533 lidar stamp=53.201000
[INFO] [1775737155.874472, 53.301000]: [offline_bag_feeder] frame=534 lidar stamp=53.301000
[INFO] [1775737155.880379, 53.401000]: [offline_bag_feeder] frame=535 lidar stamp=53.401000
[INFO] [1775737155.885971, 53.501000]: [offline_bag_feeder] frame=536 lidar stamp=53.501000
[INFO] [1775737155.890939, 53.601000]: [offline_bag_feeder] frame=537 lidar stamp=53.601000
[0m[INFO] [1775737154.370282674, 15.700999999]: IMU Initial Done[0m
[ mapping ]: time: IMU + Map + Input Downsample: 0.003940 ave match: 0.007520 ave solve: 0.001471  ave ICP: 0.009591  map incre: 0.003061 ave total: 0.016592 icp: 0.009057 construct H: 0.000396 
[ mapping ]: time: IMU + Map + Input Downsample: 0.004006 ave match: 0.009694 ave solve: 0.001500  ave ICP: 0.013549  map incre: 0.003313 ave total: 0.018730 icp: 0.011264 construct H: 0.000413 
[ mapping ]: time: IMU + Map + Input Downsample: 0.004006 ave match: 0.010393 ave solve: 0.001499  ave ICP: 0.013423  map incre: 0.004262 ave total: 0.019717 icp: 0.011963 construct H: 0.000409 
[ mapping ]: time: IMU + Map + Input Downsample: 0.004061 ave match: 0.010893 ave solve: 0.001495  ave ICP: 0.014015  map incre: 0.003433 ave total: 0.020165 icp: 0.012460 construct H: 0.000405 
[ mapping ]: time: IMU + Map + Input Downsample: 0.004045 ave match: 0.011111 ave solve: 0.001489  ave ICP: 0.013591  map incre: 0.002718 ave total: 0.020203 icp: 0.012672 construct H: 0.000405 
[ mapping ]: time: IMU + Map + Input Downsample: 0.004021 ave match: 0.011327 ave solve: 0.001472  ave ICP: 0.013932  map incre: 0.002536 ave total: 0.020251 icp: 0.012872 construct H: 0.000400 
[ mapping ]: time: IMU + Map + Input Downsample: 0.004003 ave match: 0.011348 ave solve: 0.001459  ave ICP: 0.012981  map incre: 0.002713 ave total: 0.020172 icp: 0.012879 construct H: 0.000396 
[ mapping ]: time: IMU + Map + Input Downsample: 0.004033 ave match: 0.011386 ave solve: 0.001443  ave ICP: 0.013103  map incre: 0.002694 ave total: 0.020129 icp: 0.012900 construct H: 0.000391 
[ mapping ]: time: IMU + Map + Input Downsample: 0.003970 ave match: 0.011197 ave solve: 0.001424  ave ICP: 0.011061  map incre: 0.002639 ave total: 0.019856 icp: 0.012690 construct H: 0.000387 
[ mapping ]: time: IMU + Map + Input Downsample: 0.004001 ave match: 0.010882 ave solve: 0.001407  ave ICP: 0.009396  map incre: 0.002935 ave total: 0.019503 icp: 0.012356 construct H: 0.000382 
[ mapping ]: time: IMU + Map + Input Downsample: 0.003940 ave match: 0.010609 ave solve: 0.001388  ave ICP: 0.009176  map incre: 0.002759 ave total: 0.019173 icp: 0.012062 construct H: 0.000377 
[ mapping ]: time: IMU + Map + Input Downsample: 0.003913 ave match: 0.010398 ave solve: 0.001372  ave ICP: 0.009349  map incre: 0.002307 ave total: 0.018873 icp: 0.011832 construct H: 0.000372 
[ mapping ]: time: IMU + Map + Input Downsample: 0.003892 ave match: 0.010472 ave solve: 0.001355  ave ICP: 0.012604  map incre: 0.002449 ave total: 0.018879 icp: 0.011888 construct H: 0.000367 
[ mapping ]: time: IMU + Map + Input Downsample: 0.003954 ave match: 0.010538 ave solve: 0.001343  ave ICP: 0.012676  map incre: 0.002098 ave total: 0.018868 icp: 0.011941 construct H: 0.000365 
[ mapping ]: time: IMU + Map + Input Downsample: 0.003938 ave match: 0.010513 ave solve: 0.001331  ave ICP: 0.011421  map incre: 0.002001 ave total: 0.018767 icp: 0.011902 construct H: 0.000361 
[ mapping ]: time: IMU + Map + Input Downsample: 0.003877 ave match: 0.010358 ave solve: 0.001319  ave ICP: 0.009276  map incre: 0.002104 ave total: 0.018548 icp: 0.011735 construct H: 0.000358 
[ mapping ]: time: IMU + Map + Input Downsample: 0.003930 ave match: 0.010232 ave solve: 0.001307  ave ICP: 0.009404  map incre: 0.001964 ave total: 0.018357 icp: 0.011596 construct H: 0.000354 
[ mapping ]: time: IMU + Map + Input Downsample: 0.003908 ave match: 0.010114 ave solve: 0.001297  ave ICP: 0.009323  map incre: 0.002000 ave total: 0.018183 icp: 0.011466 construct H: 0.000351 
[ mapping ]: time: IMU + Map + Input Downsample: 0.003933 ave match: 0.010014 ave solve: 0.001286  ave ICP: 0.009397  map incre: 0.002251 ave total: 0.018046 icp: 0.011355 construct H: 0.000348 
[ mapping ]: time: IMU + Map + Input Downsample: 0.003859 ave match: 0.009926 ave solve: 0.001277  ave ICP: 0.009457  map incre: 0.002261 ave total: 0.017923 icp: 0.011258 construct H: 0.000345 
[ mapping ]: time: IMU + Map + Input Downsample: 0.003831 ave match: 0.009860 ave solve: 0.001273  ave ICP: 0.009812  map incr[INFO] [1775737155.896450, 53.701000]: [offline_bag_feeder] frame=538 lidar stamp=53.701000
[INFO] [1775737155.902683, 53.801000]: [offline_bag_feeder] frame=539 lidar stamp=53.801000
[INFO] [1775737155.908245, 53.901000]: [offline_bag_feeder] frame=540 lidar stamp=53.901000
[INFO] [1775737155.914962, 54.001000]: [offline_bag_feeder] frame=541 lidar stamp=54.001000
[INFO] [1775737155.924562, 54.101000]: [offline_bag_feeder] frame=542 lidar stamp=54.101000
[INFO] [1775737155.932319, 54.201000]: [offline_bag_feeder] frame=543 lidar stamp=54.201000
[INFO] [1775737155.939341, 54.301000]: [offline_bag_feeder] frame=544 lidar stamp=54.301000
[INFO] [1775737155.948052, 54.401000]: [offline_bag_feeder] frame=545 lidar stamp=54.401000
[INFO] [1775737155.954305, 54.501000]: [offline_bag_feeder] frame=546 lidar stamp=54.501000
[INFO] [1775737155.961410, 54.601000]: [offline_bag_feeder] frame=547 lidar stamp=54.601000
[INFO] [1775737155.968126, 54.701000]: [offline_bag_feeder] frame=548 lidar stamp=54.701000
[INFO] [1775737155.975736, 54.801000]: [offline_bag_feeder] frame=549 lidar stamp=54.801000
[INFO] [1775737155.982356, 54.901000]: [offline_bag_feeder] frame=550 lidar stamp=54.901000
[INFO] [1775737155.988300, 55.001000]: [offline_bag_feeder] frame=551 lidar stamp=55.001000
[INFO] [1775737155.995254, 55.101000]: [offline_bag_feeder] frame=552 lidar stamp=55.101000
[INFO] [1775737156.001177, 55.201000]: [offline_bag_feeder] frame=553 lidar stamp=55.201000
[INFO] [1775737156.006898, 55.301000]: [offline_bag_feeder] frame=554 lidar stamp=55.301000
[INFO] [1775737156.013124, 55.401000]: [offline_bag_feeder] frame=555 lidar stamp=55.401000
[INFO] [1775737156.019132, 55.501000]: [offline_bag_feeder] frame=556 lidar stamp=55.501000
[INFO] [1775737156.025211, 55.601000]: [offline_bag_feeder] frame=557 lidar stamp=55.601000
[INFO] [1775737156.030601, 55.701000]: [offline_bag_feeder] frame=558 lidar stamp=55.701000
[INFO] [1775737156.036152, 55.801000]: [offline_bag_feeder] frame=559 lidar stamp=55.801000
[INFO] [1775737156.042457, 55.901000]: [offline_bag_feeder] frame=560 lidar stamp=55.901000
[INFO] [1775737156.049357, 56.001000]: [offline_bag_feeder] frame=561 lidar stamp=56.001000
[INFO] [1775737156.058009, 56.101000]: [offline_bag_feeder] frame=562 lidar stamp=56.101000
[INFO] [1775737156.063671, 56.201000]: [offline_bag_feeder] frame=563 lidar stamp=56.201000
[INFO] [1775737156.069599, 56.301000]: [offline_bag_feeder] frame=564 lidar stamp=56.301000
[INFO] [1775737156.077051, 56.401000]: [offline_bag_feeder] frame=565 lidar stamp=56.401000
[INFO] [1775737156.083560, 56.501000]: [offline_bag_feeder] frame=566 lidar stamp=56.501000
[INFO] [1775737156.092627, 56.601000]: [offline_bag_feeder] frame=567 lidar stamp=56.601000
[INFO] [1775737156.099088, 56.701000]: [offline_bag_feeder] frame=568 lidar stamp=56.701000
[INFO] [1775737156.106417, 56.801000]: [offline_bag_feeder] frame=569 lidar stamp=56.801000
[INFO] [1775737156.112433, 56.901000]: [offline_bag_feeder] frame=570 lidar stamp=56.901000
[INFO] [1775737156.118718, 57.001000]: [offline_bag_feeder] frame=571 lidar stamp=57.001000
[INFO] [1775737156.125535, 57.101000]: [offline_bag_feeder] frame=572 lidar stamp=57.101000
[INFO] [1775737156.132658, 57.201000]: [offline_bag_feeder] frame=573 lidar stamp=57.201000
[INFO] [1775737156.140040, 57.301000]: [offline_bag_feeder] frame=574 lidar stamp=57.301000
[INFO] [1775737156.146189, 57.401000]: [offline_bag_feeder] frame=575 lidar stamp=57.401000
[INFO] [1775737156.155465, 57.501000]: [offline_bag_feeder] frame=576 lidar stamp=57.501000
[INFO] [1775737156.162834, 57.601000]: [offline_bag_feeder] frame=577 lidar stamp=57.601000
[INFO] [1775737156.170871, 57.701000]: [offline_bag_feeder] frame=578 lidar stamp=57.701000
[INFO] [1775737156.177073, 57.801000]: [offline_bag_feeder] frame=579 lidar stamp=57.801000
[INFO] [1775737156.183575, 57.901000]: [offline_bag_feeder] frame=580 lidar stamp=57.901000
[INFO] [1775737156.190300, 58.001000]: [offline_bag_feeder] frame=581 lidar stamp=58.001000
[INFO] [1775737156.197026, 58.101000]: [offline_bag_feeder] frame=582 lidar stamp=58.101000
[INFO] [1775737156.201785, 58.201000]: [offline_bag_feeder] frame=583 lidar stamp=58.201000
[INFO] [1775737156.209127, 58.301000]: [offline_bag_feeder] frame=584 lidar stamp=58.301000
[INFO] [1775737156.215495, 58.401000]: [offline_bag_feeder] frame=585 lidar stamp=58.401000
[INFO] [1775737156.221613, 58.501000]: [offline_bag_feeder] frame=586 lidar stamp=58.501000
[INFO] [1775737156.228910, 58.601000]: [offline_bag_feeder] frame=587 lidar stamp=58.601000
[INFO] [1775737156.235491, 58.701000]: [offline_bag_feeder] frame=588 lidar stamp=58.701000
[INFO] [1775737156.242193, 58.801000]: [offline_bag_feeder] frame=589 lidar stamp=58.801000
[INFO] [1775737156.249426, 58.901000]: [offline_bag_feeder] frame=590 lidar stamp=58.901000
[INFO] [1775737156.255540, 59.001000]: [offline_bag_feeder] frame=591 lidar stamp=59.001000
[INFO] [1775737156.262362, 59.101000]: [offline_bag_feeder] frame=592 lidar stamp=59.101000
[INFO] [1775737156.268640, 59.201000]: [offline_bag_feeder] frame=593 lidar stamp=59.201000
[INFO] [1775737156.275474, 59.301000]: [offline_bag_feeder] frame=594 lidar stamp=59.301000
[INFO] [1775737156.282456, 59.401000]: [offline_bag_feeder] frame=595 lidar stamp=59.401000
[INFO] [1775737156.288748, 59.501000]: [offline_bag_feeder] frame=596 lidar stamp=59.501000
[INFO] [1775737156.295475, 59.601000]: [offline_bag_feeder] frame=597 lidar stamp=59.601000
[INFO] [1775737156.303454, 59.701000]: [offline_bag_feeder] frame=598 lidar stamp=59.701000
[INFO] [1775737156.310639, 59.801000]: [offline_bag_feeder] frame=599 lidar stamp=59.801000
[INFO] [1775737156.317652, 59.901000]: [offline_bag_feeder] frame=600 lidar stamp=59.901000
[INFO] [1775737156.324376, 60.001000]: [offline_bag_feeder] frame=601 lidar stamp=60.001000
[INFO] [1775737156.332211, 60.101000]: [offline_bag_feeder] frame=602 lidar stamp=60.101000
[INFO] [1775737156.339518, 60.201000]: [offline_bag_feeder] frame=603 lidar stamp=60.201000
[INFO] [1775737156.345282, 60.301000]: [offline_bag_feeder] frame=604 lidar stamp=60.301000
[INFO] [1775737156.353777, 60.401000]: [offline_bag_feeder] frame=605 lidar stamp=60.401000
[INFO] [1775737156.360778, 60.501000]: [offline_bag_feeder] frame=606 lidar stamp=60.501000
[INFO] [1775737156.368612, 60.601000]: [offline_bag_feeder] frame=607 lidar stamp=60.601000
[INFO] [1775737156.373888, 60.701000]: [offline_bag_feeder] frame=608 lidar stamp=60.701000
[INFO] [1775737156.379209, 60.801000]: [offline_bag_feeder] frame=609 lidar stamp=60.801000
[INFO] [1775737156.384236, 60.901000]: [offline_bag_feeder] frame=610 lidar stamp=60.901000
[INFO] [1775737156.389207, 61.001000]: [offline_bag_feeder] frame=611 lidar stamp=61.001000
[INFO] [1775737156.393636, 61.101000]: [offline_bag_feeder] frame=612 lidar stamp=61.101000
[INFO] [1775737156.398269, 61.201000]: [offline_bag_feeder] frame=613 lidar stamp=61.201000
[INFO] [1775737156.408216, 61.301000]: [offline_bag_feeder] frame=614 lidar stamp=61.301000
[INFO] [1775737156.415130, 61.401000]: [offline_bag_feeder] frame=615 lidar stamp=61.401000
[INFO] [1775737156.421797, 61.501000]: [offline_bag_feeder] frame=616 lidar stamp=61.501000
[INFO] [1775737156.427293, 61.601000]: [offline_bag_feeder] frame=617 lidar stamp=61.601000
[INFO] [1775737156.444231, 61.701000]: [offline_bag_feeder] frame=618 lidar stamp=61.701000
[INFO] [1775737156.450261, 61.801000]: [offline_bag_feeder] frame=619 lidar stamp=61.801000
[INFO] [1775737156.456360, 61.901000]: [offline_bag_feeder] frame=620 lidar stamp=61.901000
[INFO] [1775737156.464895, 62.001000]: [offline_bag_feeder] frame=621 lidar stamp=62.001000
[INFO] [1775737156.470795, 62.101000]: [offline_bag_feeder] frame=622 lidar stamp=62.101000
[INFO] [1775737156.476585, 62.201000]: [offline_bag_feeder] frame=623 lidar stamp=62.201000
[INFO] [1775737156.483820, 62.301000]: [offline_bag_feeder] frame=624 lidar stamp=62.301000
[INFO] [1775737156.491151, 62.401000]: [offline_bag_feeder] frame=625 lidar stamp=62.401000
[INFO] [1775737156.500676, 62.501000]: [offline_bag_feeder] frame=626 lidar stamp=62.501000
[INFO] [1775737156.507315, 62.601000]: [offline_bag_feeder] frame=627 lidar stamp=62.601000
e: 0.002624 ave total: 0.017844 icp: 0.011186 construct H: 0.000344 
[ mapping ]: time: IMU + Map + Input Downsample: 0.003927 ave match: 0.009790 ave solve: 0.001265  ave ICP: 0.009525  map incre: 0.002245 ave total: 0.017746 icp: 0.011108 construct H: 0.000341 
[ mapping ]: time: IMU + Map + Input Downsample: 0.003916 ave match: 0.009922 ave solve: 0.001259  ave ICP: 0.014069  map incre: 0.002288 ave total: 0.017856 icp: 0.011235 construct H: 0.000339 
[ mapping ]: time: IMU + Map + Input Downsample: 0.003970 ave match: 0.010049 ave solve: 0.001252  ave ICP: 0.014169  map incre: 0.002569 ave total: 0.017975 icp: 0.011355 construct H: 0.000338 
[ mapping ]: time: IMU + Map + Input Downsample: 0.003927 ave match: 0.010157 ave solve: 0.001247  ave ICP: 0.013979  map incre: 0.002321 ave total: 0.018065 icp: 0.011457 construct H: 0.000336 
[ mapping ]: time: IMU + Map + Input Downsample: 0.003991 ave match: 0.010253 ave solve: 0.001241  ave ICP: 0.013833  map incre: 0.001910 ave total: 0.018129 icp: 0.011546 construct H: 0.000334 
[ mapping ]: time: IMU + Map + Input Downsample: 0.003920 ave match: 0.010349 ave solve: 0.001235  ave ICP: 0.014030  map incre: 0.002296 ave total: 0.018208 icp: 0.011636 construct H: 0.000332 
[ mapping ]: time: IMU + Map + Input Downsample: 0.003981 ave match: 0.010429 ave solve: 0.001228  ave ICP: 0.013726  map incre: 0.002076 ave total: 0.018264 icp: 0.011709 construct H: 0.000330 
[ mapping ]: time: IMU + Map + Input Downsample: 0.003950 ave match: 0.010512 ave solve: 0.001221  ave ICP: 0.013975  map incre: 0.002060 ave total: 0.018323 icp: 0.011785 construct H: 0.000328 
[ mapping ]: time: IMU + Map + Input Downsample: 0.003997 ave match: 0.010583 ave solve: 0.001215  ave ICP: 0.013790  map incre: 0.002031 ave total: 0.018373 icp: 0.011850 construct H: 0.000326 
[ mapping ]: time: IMU + Map + Input Downsample: 0.003923 ave match: 0.010650 ave solve: 0.001208  ave ICP: 0.013759  map incre: 0.002112 ave total: 0.018419 icp: 0.011910 construct H: 0.000324 
[ mapping ]: time: IMU + Map + Input Downsample: 0.003996 ave match: 0.010725 ave solve: 0.001203  ave ICP: 0.014190  map incre: 0.002520 ave total: 0.018490 icp: 0.011980 construct H: 0.000322 
[ mapping ]: time: IMU + Map + Input Downsample: 0.004020 ave match: 0.010798 ave solve: 0.001198  ave ICP: 0.014254  map incre: 0.002759 ave total: 0.018567 icp: 0.012047 construct H: 0.000320 
[ mapping ]: time: IMU + Map + Input Downsample: 0.003963 ave match: 0.010862 ave solve: 0.001191  ave ICP: 0.014062  map incre: 0.002282 ave total: 0.018619 icp: 0.012105 construct H: 0.000319 
[ mapping ]: time: IMU + Map + Input Downsample: 0.004014 ave match: 0.010845 ave solve: 0.001184  ave ICP: 0.011274  map incre: 0.002101 ave total: 0.018583 icp: 0.012079 construct H: 0.000316 
[ mapping ]: time: IMU + Map + Input Downsample: 0.001375 ave match: 0.010800 ave solve: 0.001178  ave ICP: 0.010320  map incre: 0.001551 ave total: 0.018435 icp: 0.012029 construct H: 0.000314 
[ mapping ]: time: IMU + Map + Input Downsample: 0.003945 ave match: 0.010755 ave solve: 0.001172  ave ICP: 0.010185  map incre: 0.002599 ave total: 0.018389 icp: 0.011977 construct H: 0.000313 
[ mapping ]: time: IMU + Map + Input Downsample: 0.003924 ave match: 0.010814 ave solve: 0.001165  ave ICP: 0.014036  map incre: 0.002347 ave total: 0.018440 icp: 0.012030 construct H: 0.000311 
[ mapping ]: time: IMU + Map + Input Downsample: 0.003956 ave match: 0.010880 ave solve: 0.001159  ave ICP: 0.014379  map incre: 0.002503 ave total: 0.018501 icp: 0.012089 construct H: 0.000309 
[ mapping ]: time: IMU + Map + Input Downsample: 0.003900 ave match: 0.010926 ave solve: 0.001152  ave ICP: 0.013673  map incre: 0.002239 ave total: 0.018534 icp: 0.012127 construct H: 0.000307 
[ mapping ]: time: IMU + Map + Input Downsample: 0.003773 ave match: 0.010947 ave solve: 0.001144  ave ICP: 0.012705  map incre: 0.002007 ave total: 0.018533 icp: 0.012140 construct H: 0.000305 
[ mapping ]: time: IMU + Map + Input Downsample: 0.003847 ave match: 0.010888 ave solve: 0.001137  ave ICP: 0.009408  map incre[INFO] [1775737156.513819, 62.701000]: [offline_bag_feeder] frame=628 lidar stamp=62.701000
[INFO] [1775737156.521339, 62.801000]: [offline_bag_feeder] frame=629 lidar stamp=62.801000
[INFO] [1775737156.528467, 62.901000]: [offline_bag_feeder] frame=630 lidar stamp=62.901000
[INFO] [1775737156.536154, 63.001000]: [offline_bag_feeder] frame=631 lidar stamp=63.001000
[INFO] [1775737156.542739, 63.101000]: [offline_bag_feeder] frame=632 lidar stamp=63.101000
[INFO] [1775737156.551050, 63.201000]: [offline_bag_feeder] frame=633 lidar stamp=63.201000
[INFO] [1775737156.558046, 63.301000]: [offline_bag_feeder] frame=634 lidar stamp=63.301000
[INFO] [1775737156.565076, 63.401000]: [offline_bag_feeder] frame=635 lidar stamp=63.401000
[INFO] [1775737156.570642, 63.501000]: [offline_bag_feeder] frame=636 lidar stamp=63.501000
[INFO] [1775737156.575970, 63.601000]: [offline_bag_feeder] frame=637 lidar stamp=63.601000
[INFO] [1775737156.581629, 63.701000]: [offline_bag_feeder] frame=638 lidar stamp=63.701000
[INFO] [1775737156.586286, 63.801000]: [offline_bag_feeder] frame=639 lidar stamp=63.801000
[INFO] [1775737156.591511, 63.901000]: [offline_bag_feeder] frame=640 lidar stamp=63.901000
[INFO] [1775737156.598447, 64.001000]: [offline_bag_feeder] frame=641 lidar stamp=64.001000
[INFO] [1775737156.603752, 64.101000]: [offline_bag_feeder] frame=642 lidar stamp=64.101000
[INFO] [1775737156.611169, 64.201000]: [offline_bag_feeder] frame=643 lidar stamp=64.201000
[INFO] [1775737156.615192, 64.301000]: [offline_bag_feeder] frame=644 lidar stamp=64.301000
[INFO] [1775737156.621818, 64.401000]: [offline_bag_feeder] frame=645 lidar stamp=64.401000
[INFO] [1775737156.630050, 64.501000]: [offline_bag_feeder] frame=646 lidar stamp=64.501000
[INFO] [1775737156.635752, 64.601000]: [offline_bag_feeder] frame=647 lidar stamp=64.601000
[INFO] [1775737156.641756, 64.701000]: [offline_bag_feeder] frame=648 lidar stamp=64.701000
[INFO] [1775737156.647890, 64.801000]: [offline_bag_feeder] frame=649 lidar stamp=64.801000
[INFO] [1775737156.653141, 64.901000]: [offline_bag_feeder] frame=650 lidar stamp=64.901000
[INFO] [1775737156.659567, 65.001000]: [offline_bag_feeder] frame=651 lidar stamp=65.001000
[INFO] [1775737156.664526, 65.101000]: [offline_bag_feeder] frame=652 lidar stamp=65.101000
[INFO] [1775737156.671488, 65.201000]: [offline_bag_feeder] frame=653 lidar stamp=65.201000
[INFO] [1775737156.679716, 65.301000]: [offline_bag_feeder] frame=654 lidar stamp=65.301000
[INFO] [1775737156.689193, 65.401000]: [offline_bag_feeder] frame=655 lidar stamp=65.401000
[INFO] [1775737156.696105, 65.501000]: [offline_bag_feeder] frame=656 lidar stamp=65.501000
[INFO] [1775737156.703120, 65.601000]: [offline_bag_feeder] frame=657 lidar stamp=65.601000
[INFO] [1775737156.711029, 65.701000]: [offline_bag_feeder] frame=658 lidar stamp=65.701000
[INFO] [1775737156.716809, 65.801000]: [offline_bag_feeder] frame=659 lidar stamp=65.801000
[INFO] [1775737156.725167, 65.901000]: [offline_bag_feeder] frame=660 lidar stamp=65.901000
[INFO] [1775737156.734238, 66.001000]: [offline_bag_feeder] frame=661 lidar stamp=66.001000
[INFO] [1775737156.740471, 66.101000]: [offline_bag_feeder] frame=662 lidar stamp=66.101000
[INFO] [1775737156.747397, 66.201000]: [offline_bag_feeder] frame=663 lidar stamp=66.201000
[INFO] [1775737156.754842, 66.301000]: [offline_bag_feeder] frame=664 lidar stamp=66.301000
[INFO] [1775737156.762887, 66.401000]: [offline_bag_feeder] frame=665 lidar stamp=66.401000
[INFO] [1775737156.774435, 66.501000]: [offline_bag_feeder] frame=666 lidar stamp=66.501000
[INFO] [1775737156.783917, 66.601000]: [offline_bag_feeder] frame=667 lidar stamp=66.601000
[INFO] [1775737156.789702, 66.701000]: [offline_bag_feeder] frame=668 lidar stamp=66.701000
[INFO] [1775737156.801191, 66.801000]: [offline_bag_feeder] frame=669 lidar stamp=66.801000
[INFO] [1775737156.807602, 66.901000]: [offline_bag_feeder] frame=670 lidar stamp=66.901000
[INFO] [1775737156.816122, 67.001000]: [offline_bag_feeder] frame=671 lidar stamp=67.001000
[INFO] [1775737156.823849, 67.101000]: [offline_bag_feeder] frame=672 lidar stamp=67.101000
[INFO] [1775737156.833854, 67.201000]: [offline_bag_feeder] frame=673 lidar stamp=67.201000
[INFO] [1775737156.841909, 67.301000]: [offline_bag_feeder] frame=674 lidar stamp=67.301000
[INFO] [1775737156.850337, 67.401000]: [offline_bag_feeder] frame=675 lidar stamp=67.401000
[INFO] [1775737156.859336, 67.501000]: [offline_bag_feeder] frame=676 lidar stamp=67.501000
[INFO] [1775737156.868961, 67.601000]: [offline_bag_feeder] frame=677 lidar stamp=67.601000
[INFO] [1775737156.878864, 67.701000]: [offline_bag_feeder] frame=678 lidar stamp=67.701000
[INFO] [1775737156.883573, 67.801000]: [offline_bag_feeder] frame=679 lidar stamp=67.801000
[INFO] [1775737156.889453, 67.901000]: [offline_bag_feeder] frame=680 lidar stamp=67.901000
[INFO] [1775737156.895685, 68.001000]: [offline_bag_feeder] frame=681 lidar stamp=68.001000
[INFO] [1775737156.903714, 68.101000]: [offline_bag_feeder] frame=682 lidar stamp=68.101000
[INFO] [1775737156.912942, 68.201000]: [offline_bag_feeder] frame=683 lidar stamp=68.201000
[INFO] [1775737156.920358, 68.301000]: [offline_bag_feeder] frame=684 lidar stamp=68.301000
[INFO] [1775737156.925431, 68.401000]: [offline_bag_feeder] frame=685 lidar stamp=68.401000
[INFO] [1775737156.930807, 68.501000]: [offline_bag_feeder] frame=686 lidar stamp=68.501000
[INFO] [1775737156.936054, 68.601000]: [offline_bag_feeder] frame=687 lidar stamp=68.601000
[INFO] [1775737156.942382, 68.601000]: [offline_bag_feeder] frame=688 lidar stamp=68.701000
[INFO] [1775737156.949229, 68.801000]: [offline_bag_feeder] frame=689 lidar stamp=68.801000
[INFO] [1775737156.955146, 68.901000]: [offline_bag_feeder] frame=690 lidar stamp=68.901000
[INFO] [1775737156.961416, 69.001000]: [offline_bag_feeder] frame=691 lidar stamp=69.001000
[INFO] [1775737156.968663, 69.101000]: [offline_bag_feeder] frame=692 lidar stamp=69.101000
[INFO] [1775737156.973480, 69.201000]: [offline_bag_feeder] frame=693 lidar stamp=69.201000
[INFO] [1775737156.979958, 69.201000]: [offline_bag_feeder] frame=694 lidar stamp=69.301000
[INFO] [1775737156.985451, 69.301000]: [offline_bag_feeder] frame=695 lidar stamp=69.401000
[INFO] [1775737156.992322, 69.501000]: [offline_bag_feeder] frame=696 lidar stamp=69.501000
[INFO] [1775737156.998041, 69.601000]: [offline_bag_feeder] frame=697 lidar stamp=69.601000
[INFO] [1775737157.004447, 69.701000]: [offline_bag_feeder] frame=698 lidar stamp=69.701000
[INFO] [1775737157.008713, 69.801000]: [offline_bag_feeder] frame=699 lidar stamp=69.801000
[INFO] [1775737157.015018, 69.901000]: [offline_bag_feeder] frame=700 lidar stamp=69.901000
[INFO] [1775737157.018090, 70.001000]: [offline_bag_feeder] frame=701 lidar stamp=70.001000
[INFO] [1775737157.020653, 70.101000]: [offline_bag_feeder] frame=702 lidar stamp=70.101000
[INFO] [1775737157.025194, 70.201000]: [offline_bag_feeder] frame=703 lidar stamp=70.201000
[INFO] [1775737157.027663, 70.301000]: [offline_bag_feeder] frame=704 lidar stamp=70.301000
[INFO] [1775737157.031061, 70.401000]: [offline_bag_feeder] frame=705 lidar stamp=70.401000
[INFO] [1775737157.034952, 70.501000]: [offline_bag_feeder] frame=706 lidar stamp=70.501000
[INFO] [1775737157.037668, 70.601000]: [offline_bag_feeder] frame=707 lidar stamp=70.601000
[INFO] [1775737157.040603, 70.701000]: [offline_bag_feeder] frame=708 lidar stamp=70.701000
[INFO] [1775737157.043532, 70.801000]: [offline_bag_feeder] frame=709 lidar stamp=70.801000
[INFO] [1775737157.047384, 70.901000]: [offline_bag_feeder] frame=710 lidar stamp=70.901000
[INFO] [1775737157.051363, 71.001000]: [offline_bag_feeder] frame=711 lidar stamp=71.001000
[INFO] [1775737157.056086, 71.101000]: [offline_bag_feeder] frame=712 lidar stamp=71.101000
[INFO] [1775737157.059948, 71.201000]: [offline_bag_feeder] frame=713 lidar stamp=71.201000
[INFO] [1775737157.063274, 71.301000]: [offline_bag_feeder] frame=714 lidar stamp=71.301000
[INFO] [1775737157.066533, 71.401000]: [offline_bag_feeder] frame=715 lidar stamp=71.401000
[INFO] [1775737157.068807, 71.501000]: [offline_bag_feeder] frame=716 lidar stamp=71.501000
[INFO] [1775737157.072845, 71.601000]: [offline_bag_feeder] frame=717 lidar stamp=71.601000
[INFO] [1775737157.076281, 71.701000]: [offline_bag_feeder] frame=718 lidar stamp=71.701000
[INFO] [1775737157.078930, 71.801000]: [offline_bag_feeder] frame=719 lidar stamp=71.801000
[INFO] [1775737157.083007, 71.901000]: [offline_bag_feeder] frame=720 lidar stamp=71.901000
[INFO] [1775737157.085241, 72.001000]: [offline_bag_feeder] frame=721 lidar stamp=72.001000
[INFO] [1775737157.088095, 72.101000]: [offline_bag_feeder] frame=722 lidar stamp=72.101000
[INFO] [1775737157.091048, 72.201000]: [offline_bag_feeder] frame=723 lidar stamp=72.201000
[INFO] [1775737157.093588, 72.301000]: [offline_bag_feeder] frame=724 lidar stamp=72.301000
[INFO] [1775737157.097131, 72.401000]: [offline_bag_feeder] frame=725 lidar stamp=72.401000
[INFO] [1775737157.099516, 72.501000]: [offline_bag_feeder] frame=726 lidar stamp=72.501000
[INFO] [1775737157.103082, 72.601000]: [offline_bag_feeder] frame=727 lidar stamp=72.601000
[INFO] [1775737157.106109, 72.701000]: [offline_bag_feeder] frame=728 lidar stamp=72.701000
[INFO] [1775737157.108808, 72.801000]: [offline_bag_feeder] frame=729 lidar stamp=72.801000
[INFO] [1775737157.113743, 72.901000]: [offline_bag_feeder] frame=730 lidar stamp=72.901000
[INFO] [1775737157.119952, 73.001000]: [offline_bag_feeder] frame=731 lidar stamp=73.001000
[INFO] [1775737157.124771, 73.101000]: [offline_bag_feeder] frame=732 lidar stamp=73.101000
[INFO] [1775737157.127799, 73.201000]: [offline_bag_feeder] frame=733 lidar stamp=73.201000
[INFO] [1775737157.130308, 73.301000]: [offline_bag_feeder] frame=734 lidar stamp=73.301000
[INFO] [1775737157.134181, 73.401000]: [offline_bag_feeder] frame=735 lidar stamp=73.401000
[INFO] [1775737157.138064, 73.501000]: [offline_bag_feeder] frame=736 lidar stamp=73.501000
[INFO] [1775737157.141782, 73.601000]: [offline_bag_feeder] frame=737 lidar stamp=73.601000
[INFO] [1775737157.144332, 73.701000]: [offline_bag_feeder] frame=738 lidar stamp=73.701000
[INFO] [1775737157.148887, 73.801000]: [offline_bag_feeder] frame=739 lidar stamp=73.801000
[INFO] [1775737157.151847, 73.901000]: [offline_bag_feeder] frame=740 lidar stamp=73.901000
[INFO] [1775737157.155703, 74.001000]: [offline_bag_feeder] frame=741 lidar stamp=74.001000
[INFO] [1775737157.158418, 74.101000]: [offline_bag_feeder] frame=742 lidar stamp=74.101000
[INFO] [1775737157.163931, 74.201000]: [offline_bag_feeder] frame=743 lidar stamp=74.201000
[INFO] [1775737157.168062, 74.301000]: [offline_bag_feeder] frame=744 lidar stamp=74.301000
[INFO] [1775737157.173488, 74.401000]: [offline_bag_feeder] frame=745 lidar stamp=74.401000
[INFO] [1775737157.178391, 74.501000]: [offline_bag_feeder] frame=746 lidar stamp=74.501000
[INFO] [1775737157.182332, 74.601000]: [offline_bag_feeder] frame=747 lidar stamp=74.601000
[INFO] [1775737157.187859, 74.701000]: [offline_bag_feeder] frame=748 lidar stamp=74.701000
[INFO] [1775737157.191550, 74.801000]: [offline_bag_feeder] frame=749 lidar stamp=74.801000
[INFO] [1775737157.195924, 74.901000]: [offline_bag_feeder] frame=750 lidar stamp=74.901000
[INFO] [1775737157.199583, 75.001000]: [offline_bag_feeder] frame=751 lidar stamp=75.001000
[INFO] [1775737157.204713, 75.101000]: [offline_bag_feeder] frame=752 lidar stamp=75.101000
[INFO] [1775737157.207527, 75.201000]: [offline_bag_feeder] frame=753 lidar stamp=75.201000
[INFO] [1775737157.209818, 75.201000]: [offline_bag_feeder] frame=754 lidar stamp=75.301000
[INFO] [1775737157.213534, 75.401000]: [offline_bag_feeder] frame=755 lidar stamp=75.401000
[INFO] [1775737157.219480, 75.501000]: [offline_bag_feeder] frame=756 lidar stamp=75.501000
[INFO] [1775737157.223349, 75.601000]: [offline_bag_feeder] frame=757 lidar stamp=75.601000
[INFO] [1775737157.227429, 75.701000]: [offline_bag_feeder] frame=758 lidar stamp=75.701000
[INFO] [1775737157.230200, 75.801000]: [offline_bag_feeder] frame=759 lidar stamp=75.801000
[INFO] [1775737157.232568, 75.901000]: [offline_bag_feeder] frame=760 lidar stamp=75.901000
[INFO] [1775737157.234874, 76.001000]: [offline_bag_feeder] frame=761 lidar stamp=76.001000
[INFO] [1775737157.237070, 76.101000]: [offline_bag_feeder] frame=762 lidar stamp=76.101000
[INFO] [1775737157.239293, 76.201000]: [offline_bag_feeder] frame=763 lidar stamp=76.201000
[INFO] [1775737157.242945, 76.301000]: [offline_bag_feeder] frame=764 lidar stamp=76.301000
[INFO] [1775737157.246638, 76.401000]: [offline_bag_feeder] frame=765 lidar stamp=76.401000
[INFO] [1775737157.250243, 76.501000]: [offline_bag_feeder] frame=766 lidar stamp=76.501000
[INFO] [1775737157.252505, 76.601000]: [offline_bag_feeder] frame=767 lidar stamp=76.601000
[INFO] [1775737157.254714, 76.701000]: [offline_bag_feeder] frame=768 lidar stamp=76.701000
[INFO] [1775737157.256939, 76.801000]: [offline_bag_feeder] frame=769 lidar stamp=76.801000
[INFO] [1775737157.259271, 76.901000]: [offline_bag_feeder] frame=770 lidar stamp=76.901000
[INFO] [1775737157.261660, 77.001000]: [offline_bag_feeder] frame=771 lidar stamp=77.001000
[INFO] [1775737157.263889, 77.101000]: [offline_bag_feeder] frame=772 lidar stamp=77.101000
[INFO] [1775737157.266093, 77.201000]: [offline_bag_feeder] frame=773 lidar stamp=77.201000
[INFO] [1775737157.268355, 77.301000]: [offline_bag_feeder] frame=774 lidar stamp=77.301000
[INFO] [1775737157.272144, 77.401000]: [offline_bag_feeder] frame=775 lidar stamp=77.401000
[INFO] [1775737157.274367, 77.501000]: [offline_bag_feeder] frame=776 lidar stamp=77.501000
[INFO] [1775737157.276558, 77.601000]: [offline_bag_feeder] frame=777 lidar stamp=77.601000
[INFO] [1775737157.278718, 77.701000]: [offline_bag_feeder] frame=778 lidar stamp=77.701000
[INFO] [1775737157.281055, 77.801000]: [offline_bag_feeder] frame=779 lidar stamp=77.801000
[INFO] [1775737157.284088, 77.901000]: [offline_bag_feeder] frame=780 lidar stamp=77.901000
[INFO] [1775737157.286692, 78.001000]: [offline_bag_feeder] frame=781 lidar stamp=78.001000
[INFO] [1775737157.289690, 78.101000]: [offline_bag_feeder] frame=782 lidar stamp=78.101000
[INFO] [1775737157.292056, 78.201000]: [offline_bag_feeder] frame=783 lidar stamp=78.201000
[INFO] [1775737157.294329, 78.301000]: [offline_bag_feeder] frame=784 lidar stamp=78.301000
[INFO] [1775737157.296687, 78.401000]: [offline_bag_feeder] frame=785 lidar stamp=78.401000
[INFO] [1775737157.298776, 78.501000]: [offline_bag_feeder] frame=786 lidar stamp=78.501000
[INFO] [1775737157.300900, 78.601000]: [offline_bag_feeder] frame=787 lidar stamp=78.601000
[INFO] [1775737157.303806, 78.701000]: [offline_bag_feeder] frame=788 lidar stamp=78.701000
[INFO] [1775737157.308461, 78.801000]: [offline_bag_feeder] frame=789 lidar stamp=78.801000
[INFO] [1775737157.310593, 78.901000]: [offline_bag_feeder] frame=790 lidar stamp=78.901000
[INFO] [1775737157.312570, 79.001000]: [offline_bag_feeder] frame=791 lidar stamp=79.001000
[INFO] [1775737157.314576, 79.101000]: [offline_bag_feeder] frame=792 lidar stamp=79.101000
[INFO] [1775737157.317376, 79.201000]: [offline_bag_feeder] frame=793 lidar stamp=79.201000
[INFO] [1775737157.319740, 79.301000]: [offline_bag_feeder] frame=794 lidar stamp=79.301000
[INFO] [1775737157.322168, 79.401000]: [offline_bag_feeder] frame=795 lidar stamp=79.401000
[INFO] [1775737157.324306, 79.501000]: [offline_bag_feeder] frame=796 lidar stamp=79.501000
[INFO] [1775737157.326407, 79.601000]: [offline_bag_feeder] frame=797 lidar stamp=79.601000
[INFO] [1775737157.328588, 79.701000]: [offline_bag_feeder] frame=798 lidar stamp=79.701000
[INFO] [1775737157.331410, 79.801000]: [offline_bag_feeder] frame=799 lidar stamp=79.801000
[INFO] [1775737157.333410, 79.901000]: [offline_bag_feeder] frame=800 lidar stamp=79.901000
[INFO] [1775737157.336305, 80.001000]: [offline_bag_feeder] frame=801 lidar stamp=80.001000
[INFO] [1775737157.338369, 80.101000]: [offline_bag_feeder] frame=802 lidar stamp=80.101000
[INFO] [1775737157.340536, 80.201000]: [offline_bag_feeder] frame=803 lidar stamp=80.201000
[INFO] [1775737157.342798, 80.301000]: [offline_bag_feeder] frame=804 lidar stamp=80.301000
[INFO] [1775737157.346948, 80.401000]: [offline_bag_feeder] frame=805 lidar stamp=80.401000
[INFO] [1775737157.349056, 80.501000]: [offline_bag_feeder] frame=806 lidar stamp=80.501000
[INFO] [1775737157.351103, 80.601000]: [offline_bag_feeder] frame=807 lidar stamp=80.601000
[INFO] [1775737157.353908, 80.701000]: [offline_bag_feeder] frame=808 lidar stamp=80.701000
[INFO] [1775737157.356013, 80.801000]: [offline_bag_feeder] frame=809 lidar stamp=80.801000
[INFO] [1775737157.358171, 80.901000]: [offline_bag_feeder] frame=810 lidar stamp=80.901000
[INFO] [1775737157.362316, 81.001000]: [offline_bag_feeder] frame=811 lidar stamp=81.001000
[INFO] [1775737157.364790, 81.101000]: [offline_bag_feeder] frame=812 lidar stamp=81.101000
[INFO] [1775737157.367888, 81.201000]: [offline_bag_feeder] frame=813 lidar stamp=81.201000
[INFO] [1775737157.372062, 81.301000]: [offline_bag_feeder] frame=814 lidar stamp=81.301000
[INFO] [1775737157.374513, 81.401000]: [offline_bag_feeder] frame=815 lidar stamp=81.401000
[INFO] [1775737157.377613, 81.501000]: [offline_bag_feeder] frame=816 lidar stamp=81.501000
[INFO] [1775737157.382338, 81.601000]: [offline_bag_feeder] frame=817 lidar stamp=81.601000
[INFO] [1775737157.385572, 81.701000]: [offline_bag_feeder] frame=818 lidar stamp=81.701000
[INFO] [1775737157.388681, 81.801000]: [offline_bag_feeder] frame=819 lidar stamp=81.801000
[INFO] [1775737157.391340, 81.901000]: [offline_bag_feeder] frame=820 lidar stamp=81.901000
[INFO] [1775737157.393948, 82.001000]: [offline_bag_feeder] frame=821 lidar stamp=82.001000
[INFO] [1775737157.396660, 82.101000]: [offline_bag_feeder] frame=822 lidar stamp=82.101000
[INFO] [1775737157.399434, 82.201000]: [offline_bag_feeder] frame=823 lidar stamp=82.201000
[INFO] [1775737157.402236, 82.301000]: [offline_bag_feeder] frame=824 lidar stamp=82.301000
[INFO] [1775737157.406664, 82.401000]: [offline_bag_feeder] frame=825 lidar stamp=82.401000
[INFO] [1775737157.412007, 82.501000]: [offline_bag_feeder] frame=826 lidar stamp=82.501000
[INFO] [1775737157.416768, 82.601000]: [offline_bag_feeder] frame=827 lidar stamp=82.601000
[INFO] [1775737157.421999, 82.701000]: [offline_bag_feeder] frame=828 lidar stamp=82.701000
[INFO] [1775737157.426105, 82.801000]: [offline_bag_feeder] frame=829 lidar stamp=82.801000
[INFO] [1775737157.430161, 82.901000]: [offline_bag_feeder] frame=830 lidar stamp=82.901000
[INFO] [1775737157.435519, 83.001000]: [offline_bag_feeder] frame=831 lidar stamp=83.001000
[INFO] [1775737157.439789, 83.101000]: [offline_bag_feeder] frame=832 lidar stamp=83.101000
[INFO] [1775737157.444276, 83.201000]: [offline_bag_feeder] frame=833 lidar stamp=83.201000
[INFO] [1775737157.448792, 83.301000]: [offline_bag_feeder] frame=834 lidar stamp=83.301000
[INFO] [1775737157.453068, 83.401000]: [offline_bag_feeder] frame=835 lidar stamp=83.401000
[INFO] [1775737157.457510, 83.501000]: [offline_bag_feeder] frame=836 lidar stamp=83.501000
[INFO] [1775737157.461723, 83.601000]: [offline_bag_feeder] frame=837 lidar stamp=83.601000
[INFO] [1775737157.462995, 83.601000]: [offline_bag_feeder] finished. lidar_frames=837
[INFO] [1775737157.463472, 83.601000]: [offline_bag_feeder] detection: ok=0 timeout=0
[INFO] [1775737157.464002, 83.601000]: [offline_bag_feeder] tracking : ok=0 timeout=0
[INFO] [1775737157.464406, 83.601000]: [offline_bag_feeder] avg_wait_per_frame=0.000s
[A-4] 停止 FAST-LIO...
[信息] 轨迹已保存为 Results/0020_results/trajectory_baseline_offline.txt

=========================================================
   [离线阶段 C] JointOffline
=========================================================
[C-1] 启动 PointPillars 节点...
启动KITTI PointPillars Bag ROS节点...
激活ME5400环境...
启动KITTI PointPillars Bag节点...
/home/xc/miniconda3/envs/ME5400/lib/python3.10/site-packages/mmdet3d/models/dense_heads/anchor3d_head.py:94: UserWarning: dir_offset and dir_limit_offset will be depressed and be incorporated into box coder in the future
  warnings.warn(
[INFO] [1775737163.409030, 0.000000]: 加载标定文件成功: /home/xc/Projects/ME5400/Data_Tracking/training/calib/0020.txt
[INFO] [1775737163.409982, 0.000000]: 正在初始化PointPillars推理器...
Loads checkpoint by local backend from path: /home/xc/Projects/ME5400/MMDET3D/checkpoints/pointpillars_hv_secfpn_6x8_160e_kitti-3d-3class.pth
04/09 20:19:23 - mmengine - WARNING - Failed to search registry with scope "mmdet3d" in the "function" registry tree. As a workaround, the current "function" registry in "mmengine" is used to build instance. This may cause unexpected failure when running the built modules. Please check whether "mmdet3d" is a correct scope, or whether the registry is initialized.
/home/xc/miniconda3/envs/ME5400/lib/python3.10/site-packages/mmengine/visualization/visualizer.py:196: UserWarning: Failed to add <class 'mmengine.visualization.vis_backend.LocalVisBackend'>, please provide the `save_dir` argument.
  warnings.warn(f'Failed to add {vis_backend.__class__}, '
[C-2] 启动 MCTrack 在线节点...
[信息] 启动MCTrack在线跟踪节点
[信息] 订阅话题: /detection/lidar_detections (Detection3DArray, 带时间戳)
[信息]           /mctrack/lidar_pose (FAST-LIO 位姿)
[C-3] 启动 FAST-LIO (both, use_dynamic_weights=true)...
WARNING: Package name "ME5400" does not follow the naming conventions. It should start with a lower case letter and only contain lower case letters, digits, underscores, and dashes.
Multi thread started 
p_pre->lidar_type 2
~~~~/home/xc/Projects/ME5400/catkin_ws/src/fast_lio/ file opened
[FAST-LIO] Trajectory file opened at: /home/xc/Projects/ME5400/Results/trajectory.txt
[33m[WARN] [1775737178.458837007, 83.600999998]: Shutdown request received.[0m
[33m[WARN] [1775737178.458865337, 83.600999998]: Reason given for shutdown: [[/laserMapping] Reason: new node registered with same name][0m
/opt/ros/noetic/lib/python3/dist-packages/actionlib/goal_id_generator.py:44: SyntaxWarning: invalid escape sequence '\p'
  """
/opt/ros/noetic/lib/python3/dist-packages/actionlib/goal_id_generator.py:55: SyntaxWarning: invalid escape sequence '\p'
  """
: 0.002311 ave total: 0.018462 icp: 0.012074 construct H: 0.000303 
[ mapping ]: time: IMU + Map + Input Downsample: 0.003839 ave match: 0.010834 ave solve: 0.001129  ave ICP: 0.009421  map incre: 0.002903 ave total: 0.018408 icp: 0.012011 construct H: 0.000300 
[ mapping ]: time: IMU + Map + Input Downsample: 0.003852 ave match: 0.010774 ave solve: 0.001121  ave ICP: 0.009081  map incre: 0.001672 ave total: 0.018322 icp: 0.011943 construct H: 0.000298 
[ mapping ]: time: IMU + Map + Input Downsample: 0.003796 ave match: 0.010720 ave solve: 0.001114  ave ICP: 0.009241  map incre: 0.002006 ave total: 0.018249 icp: 0.011882 construct H: 0.000296 
[ mapping ]: time: IMU + Map + Input Downsample: 0.003772 ave match: 0.010670 ave solve: 0.001106  ave ICP: 0.009224  map incre: 0.001922 ave total: 0.018177 icp: 0.011823 construct H: 0.000294 
[ mapping ]: time: IMU + Map + Input Downsample: 0.003825 ave match: 0.010673 ave solve: 0.001099  ave ICP: 0.011660  map incre: 0.001862 ave total: 0.018159 icp: 0.011819 construct H: 0.000292 
[ mapping ]: time: IMU + Map + Input Downsample: 0.003740 ave match: 0.010626 ave solve: 0.001091  ave ICP: 0.009242  map incre: 0.001986 ave total: 0.018093 icp: 0.011764 construct H: 0.000290 
[ mapping ]: time: IMU + Map + Input Downsample: 0.003790 ave match: 0.010584 ave solve: 0.001084  ave ICP: 0.009390  map incre: 0.002091 ave total: 0.018035 icp: 0.011714 construct H: 0.000288 
[ mapping ]: time: IMU + Map + Input Downsample: 0.003860 ave match: 0.010543 ave solve: 0.001077  ave ICP: 0.009322  map incre: 0.003247 ave total: 0.018003 icp: 0.011666 construct H: 0.000286 
[ mapping ]: time: IMU + Map + Input Downsample: 0.003806 ave match: 0.010492 ave solve: 0.001070  ave ICP: 0.008752  map incre: 0.001496 ave total: 0.017925 icp: 0.011607 construct H: 0.000284 
[ mapping ]: time: IMU + Map + Input Downsample: 0.003803 ave match: 0.010449 ave solve: 0.001064  ave ICP: 0.009066  map incre: 0.001523 ave total: 0.017858 icp: 0.011558 construct H: 0.000282 
[ mapping ]: time: IMU + Map + Input Downsample: 0.003745 ave match: 0.010412 ave solve: 0.001057  ave ICP: 0.009258  map incre: 0.001613 ave total: 0.017796 icp: 0.011513 construct H: 0.000280 
[ mapping ]: time: IMU + Map + Input Downsample: 0.003776 ave match: 0.010415 ave solve: 0.001051  ave ICP: 0.011403  map incre: 0.001624 ave total: 0.017778 icp: 0.011510 construct H: 0.000278 
[ mapping ]: time: IMU + Map + Input Downsample: 0.003808 ave match: 0.010379 ave solve: 0.001044  ave ICP: 0.009182  map incre: 0.001752 ave total: 0.017723 icp: 0.011467 construct H: 0.000276 
[ mapping ]: time: IMU + Map + Input Downsample: 0.003794 ave match: 0.010343 ave solve: 0.001038  ave ICP: 0.009145  map incre: 0.001701 ave total: 0.017668 icp: 0.011425 construct H: 0.000274 
[ mapping ]: time: IMU + Map + Input Downsample: 0.003777 ave match: 0.010329 ave solve: 0.001031  ave ICP: 0.010265  map incre: 0.001636 ave total: 0.017633 icp: 0.011403 construct H: 0.000273 
[ mapping ]: time: IMU + Map + Input Downsample: 0.003828 ave match: 0.010378 ave solve: 0.001026  ave ICP: 0.014010  map incre: 0.001705 ave total: 0.017666 icp: 0.011447 construct H: 0.000271 
[ mapping ]: time: IMU + Map + Input Downsample: 0.003801 ave match: 0.010425 ave solve: 0.001020  ave ICP: 0.013928  map incre: 0.001766 ave total: 0.017697 icp: 0.011488 construct H: 0.000270 
Rebuild thread terminated normally
WARNING: Package name "ME5400" does not follow the naming conventions. It should start with a lower case letter and only contain lower case letters, digits, underscores, and dashes.
WARNING: Package name "ME5400" does not follow the naming conventions. It should start with a lower case letter and only contain lower case letters, digits, underscores, and dashes.
... logging to /home/xc/.ros/log/36dbbe92-33e9-11f1-8aed-950ffa084d8d/roslaunch-z790m-307650.log
Checking log directory for disk usage. This may take a while.
Press Ctrl-C to interrupt
Done checking log file disk usage. Usage is <1GB.
]2;/home/xc/Projects/ME5400/catkin_ws/src/fast_lio/launch/mapping_velodyne.launch
[1mstarted roslaunch server http://z790m:41731/[0m

SUMMARY
========

PARAMETERS
 * /common/imu_topic: /kitti/oxts/imu
 * /common/lid_topic: /kitti/velo/point...
 * /common/time_offset_lidar_to_imu: 0.0
 * /common/time_sync_en: False
 * /cube_side_length: 1000.0
 * /feature_extract_enable: False
 * /filter_size_map: 0.5
 * /filter_size_surf: 0.5
 * /mapping/acc_cov: 0.1
 * /mapping/b_acc_cov: 0.0001
 * /mapping/b_gyr_cov: 0.0001
 * /mapping/det_range: 100.0
 * /mapping/extrinsic_R: [1, 0, 0, 0, 1, 0...
 * /mapping/extrinsic_T: [0, 0, 0.28]
 * /mapping/extrinsic_est_en: False
 * /mapping/fov_degree: 180
 * /mapping/gyr_cov: 0.1
 * /max_iteration: 3
 * /pcd_save/interval: -1
 * /pcd_save/pcd_save_en: False
 * /point_filter_num: 4
 * /preprocess/blind: 2
 * /preprocess/dynamic_acc_penalty: 0.3
 * /preprocess/dynamic_acc_ref: 4.0
 * /preprocess/dynamic_bbox_margin_xy: 0.6
 * /preprocess/dynamic_bbox_margin_z: 0.5
 * /preprocess/dynamic_min_track_length: 3
 * /preprocess/dynamic_min_weight: 0.2
 * /preprocess/dynamic_score_penalty: 0.2
 * /preprocess/dynamic_speed_penalty: 0.5
 * /preprocess/dynamic_speed_ref: 12.0
 * /preprocess/dynamic_timeout: 0.7
 * /preprocess/ignore_given_offset_time: True
 * /preprocess/lidar_type: 2
 * /preprocess/scan_line: 64
 * /preprocess/scan_rate: 10
 * /preprocess/timestamp_unit: 2
 * /preprocess/tracked_topic: /mctrack/tracked_...
 * /preprocess/use_dynamic_weights: False
 * /publish/dense_publish_en: True
 * /publish/path_en: True
 * /publish/scan_bodyframe_pub_en: True
 * /publish/scan_publish_en: True
 * /rosdistro: noetic
 * /rosversion: 1.17.4
 * /runtime_pos_log_enable: True
 * /use_sim_time: True

NODES
  /
    laserMapping (fast_lio/fastlio_mapping)

[1mROS_MASTER_URI=http://localhost:11311[0m
]2;/home/xc/Projects/ME5400/catkin_ws/src/fast_lio/launch/mapping_velodyne.launch http://localhost:11311
[1mprocess[laserMapping-1]: started with pid [307664][0m
[1m[laserMapping-1] process has finished cleanly
log file: /home/xc/.ros/log/36dbbe92-33e9-11f1-8aed-950ffa084d8d/laserMapping-1*.log[0m
all processes on machine have died, roslaunch will exit
shutting down processing monitor...
... shutting down processing monitor complete
[1mdone[0m
[C-4] 启动联合后端...
[信息] 加载参数: /home/xc/Projects/ME5400/catkin_ws/src/ME5400/config/joint_backend_ego.yaml
[信息] 启动 joint_backend_ego_node
[信息] 输入: /Odometry + /mctrack/tracked_objects
[信息] 输出: /joint_backend/odom
[C-5] 录制 /joint_backend/odom -> trajectory_joint.txt ...
[WARN] [1775737186.523266, 0.000000]: [odom_to_tum] overwrite existing file: /home/xc/Projects/ME5400/Results/0020_results/trajectory_joint.txt
[C-6] 启动离线 feeder (等待检测/跟踪)...
[信息] 启动 offline_bag_feeder (require_detection=true require_tracking=true)
[C-7] 等待离线联合阶段完成...
/opt/ros/noetic/lib/python3/dist-packages/rosbag/bag.py:1568: SyntaxWarning: invalid escape sequence '\d'
  matches = re.match("#ROS(.*) V(\d).(\d)", version_line)
[WARN] [1775737194.254400, 1.463000]: [offline_bag_feeder] frame=1 detection timeout (4.00s)
[WARN] [1775737195.254461, 1.827000]: [offline_bag_feeder] frame=1 tracking timeout (5.00s)
/home/xc/miniconda3/envs/ME5400/lib/python3.10/site-packages/torch/functional.py:505: UserWarning: torch.meshgrid: in an upcoming release, it will be required to pass the indexing argument. (Triggered internally at /pytorch/aten/src/ATen/native/TensorShape.cpp:4333.)
  return _VF.meshgrid(tensors, **kwargs)  # type: ignore[attr-defined]
[INFO] [1775737164.189573, 0.000000]: 推理器初始化成功
[INFO] [1775737164.192516, 0.000000]: KITTI PointPillars Bag ROS节点初始化完成
[INFO] [1775737164.192830, 0.000000]: 配置文件: /home/xc/Projects/ME5400/MMDET3D/configs/pointpillars/pointpillars_hv_secfpn_8xb6-160e_kitti-3d-3class.py
[INFO] [1775737164.193104, 0.000000]: 检查点: /home/xc/Projects/ME5400/MMDET3D/checkpoints/pointpillars_hv_secfpn_6x8_160e_kitti-3d-3class.pth
[INFO] [1775737164.193368, 0.000000]: Bag文件: /home/xc/Projects/ME5400/MMDET3D/data/kitti/seq_0019_with_det.bag
[INFO] [1775737164.193630, 0.000000]: 数据集路径: /home/xc/Projects/ME5400/Data_Tracking/training / 序列: 0020
[INFO] [1775737164.193875, 0.000000]: 订阅话题: /kitti/velo/pointcloud
[INFO] [1775737164.194140, 0.000000]: 发布频率: 10.0 Hz
[INFO] [1775737164.194390, 0.000000]: 模型类别: ['Pedestrian', 'Cyclist', 'Car']
[INFO] [1775737164.194650, 0.000000]: 类别过滤: 未启用
[INFO] [1775737164.194918, 0.000000]: 转发原始点云/IMU: False
[INFO] [1775737164.195159, 0.000000]: 等待点云数据...
[INFO] [1775737195.274852, 1.829000]: 转换得到 116129 个点
Inference ━━━━━━━━━━━━━━━━━━━━━━━━━━━━━━━━━━━━━━━━   
[WARN] [1775737195.633478, 1.961000]: 尚未收到 FAST-LIO 位姿，暂时缓存检测结果
[WARN] [1775737195.634355, 1.961000]: 慢帧 0: 纯计算耗时 360.3ms，分段=inferencer_call=355.9ms, pointcloud_to_numpy=1.5ms, camera_projection=0.7ms, write_temp_bin=0.7ms, publish_markers=0.2ms, remove_temp_bin=0.2ms, publish_lidar_detections=0.1ms, extract_detections=0.1ms, publish_kitti_tracking=0.1ms, publish_lidar_tracking=0.0ms
[WARN] [1775737200.276880, 3.653000]: [offline_bag_feeder] frame=2 tracking timeout (5.00s)
[INFO] [1775737195.633703, 1.961000]: 帧 0: 检测到 10 个目标
[INFO] [1775737200.292724, 3.657000]: 转换得到 116144 个点
Inference ━━━━━━━━━━━━━━━━━━━━━━━━━━━━━━━━━━━━━━━━   
[WARN] [1775737205.289776, 5.481000]: [offline_bag_feeder] frame=3 tracking timeout (5.00s)
[INFO] [1775737200.334979, 3.671000]: 帧 1: 检测到 11 个目标
[INFO] [1775737205.296056, 5.483000]: 转换得到 115922 个点
Inference ━━━━━━━━━━━━━━━━━━━━━━━━━━━━━━━━━━━━━━━━   
[WARN] [1775737210.297373, 7.307000]: [offline_bag_feeder] frame=4 tracking timeout (5.00s)
[INFO] [1775737205.331183, 5.495000]: 帧 2: 检测到 12 个目标
[INFO] [1775737210.304554, 7.309000]: 转换得到 115836 个点
Inference ━━━━━━━━━━━━━━━━━━━━━━━━━━━━━━━━━━━━━━━━   
[WARN] [1775737210.340010, 7.323000]: 尚未收到 FAST-LIO 位姿，暂时缓存检测结果
[WARN] [1775737215.305178, 9.133000]: [offline_bag_feeder] frame=5 tracking timeout (5.00s)
[33m[WARN] [1775737215.314026656, 9.134999999]: No point, skip this scan!
[0m
[INFO] [1775737210.339760, 7.321000]: 帧 3: 检测到 12 个目标
[INFO] [1775737215.313458, 9.135000]: 转换得到 115710 个点
Inference ━━━━━━━━━━━━━━━━━━━━━━━━━━━━━━━━━━━━━━━━   
[WARN] [1775737220.315417, 10.959000]: [offline_bag_feeder] frame=6 tracking timeout (5.00s)
[33m[WARN] [1775737220.322433821, 10.961000000]: No point, skip this scan!
[0m
[INFO] [1775737215.349453, 9.147000]: 帧 4: 检测到 11 个目标
[INFO] [1775737220.322868, 10.961000]: 转换得到 115667 个点
Inference ━━━━━━━━━━━━━━━━━━━━━━━━━━━━━━━━━━━━━━━━   
[WARN] [1775737225.323505, 12.783000]: [offline_bag_feeder] frame=7 tracking timeout (5.00s)
[33m[WARN] [1775737225.331386252, 12.785000000]: No point, skip this scan!
[0m
[INFO] [1775737220.359610, 10.975000]: 帧 5: 检测到 11 个目标
[INFO] [1775737225.330652, 12.785000]: 转换得到 115596 个点
Inference ━━━━━━━━━━━━━━━━━━━━━━━━━━━━━━━━━━━━━━━━   
[WARN] [1775737225.365323, 12.797000]: 尚未收到 FAST-LIO 位姿，暂时缓存检测结果
[WARN] [1775737230.330891, 14.609000]: [offline_bag_feeder] frame=8 tracking timeout (5.00s)
[33m[WARN] [1775737230.343993794, 14.613000000]: No point, skip this scan!
[0m
[INFO] [1775737225.365059, 12.797000]: 帧 6: 检测到 11 个目标
[INFO] [1775737230.341107, 14.611000]: 转换得到 115615 个点
Inference ━━━━━━━━━━━━━━━━━━━━━━━━━━━━━━━━━━━━━━━━   
[WARN] [1775737235.339748, 16.435000]: [offline_bag_feeder] frame=9 tracking timeout (5.00s)
[33m[WARN] [1775737235.352190012, 16.439000000]: No point, skip this scan!
[0m
[INFO] [1775737230.383511, 14.625000]: 帧 7: 检测到 11 个目标
[INFO] [1775737235.347807, 16.437000]: 转换得到 115439 个点
Inference ━━━━━━━━━━━━━━━━━━━━━━━━━━━━━━━━━━━━━━━━   
[WARN] [1775737240.348011, 18.259000]: [offline_bag_feeder] frame=10 tracking timeout (5.00s)
[33m[WARN] [1775737240.360513476, 18.263000000]: No point, skip this scan!
[0m
[INFO] [1775737235.383531, 16.451000]: 帧 8: 检测到 11 个目标
[INFO] [1775737240.355663, 18.261000]: 转换得到 115372 个点
Inference ━━━━━━━━━━━━━━━━━━━━━━━━━━━━━━━━━━━━━━━━   
[WARN] [1775737240.389569, 18.273000]: 尚未收到 FAST-LIO 位姿，暂时缓存检测结果
[WARN] [1775737245.356432, 20.083000]: [offline_bag_feeder] frame=11 tracking timeout (5.00s)
[33m[WARN] [1775737245.370331301, 20.086999999]: No point, skip this scan!
[0m
[INFO] [1775737240.389692, 18.273000]: 帧 9: 检测到 10 个目标
[INFO] [1775737245.366119, 20.085000]: 转换得到 115229 个点
Inference ━━━━━━━━━━━━━━━━━━━━━━━━━━━━━━━━━━━━━━━━   
[WARN] [1775737250.362632, 21.907000]: [offline_bag_feeder] frame=12 tracking timeout (5.00s)
[33m[WARN] [1775737250.372997496, 21.908999999]: No point, skip this scan!
[0m
[INFO] [1775737245.409024, 20.101000]: 帧 10: 检测到 11 个目标
[INFO] [1775737250.371214, 21.909000]: 转换得到 114978 个点
Inference ━━━━━━━━━━━━━━━━━━━━━━━━━━━━━━━━━━━━━━━━   
[WARN] [1775737255.368639, 23.731000]: [offline_bag_feeder] frame=13 tracking timeout (5.00s)
[33m[WARN] [1775737255.381264673, 23.734999999]: No point, skip this scan!
[0m
[INFO] [1775737250.407583, 21.923000]: 帧 11: 检测到 10 个目标
[INFO] [1775737255.375986, 23.733000]: 转换得到 114999 个点
Inference ━━━━━━━━━━━━━━━━━━━━━━━━━━━━━━━━━━━━━━━━   
[WARN] [1775737255.413923, 23.747000]: 尚未收到 FAST-LIO 位姿，暂时缓存检测结果
[WARN] [1775737260.379440, 25.559000]: [offline_bag_feeder] frame=14 tracking timeout (5.00s)
[33m[WARN] [1775737260.388249341, 25.560999999]: No point, skip this scan!
[0m
[INFO] [1775737255.413470, 23.747000]: 帧 12: 检测到 10 个目标
[INFO] [1775737260.385880, 25.561000]: 转换得到 114937 个点
Inference ━━━━━━━━━━━━━━━━━━━━━━━━━━━━━━━━━━━━━━━━   
[WARN] [1775737265.384927, 27.385000]: [offline_bag_feeder] frame=15 tracking timeout (5.00s)
[INFO] [1775737260.425318, 25.575000]: 帧 13: 检测到 10 个目标
[INFO] [1775737265.391642, 27.387000]: 转换得到 114875 个点
Inference ━━━━━━━━━━━━━━━━━━━━━━━━━━━━━━━━━━━━━━━━   
[WARN] [1775737270.392153, 29.211000]: [offline_bag_feeder] frame=16 tracking timeout (5.00s)
[INFO] [1775737265.427727, 27.401000]: 帧 14: 检测到 10 个目标
[INFO] [1775737270.400983, 29.213000]: 转换得到 114831 个点
Inference ━━━━━━━━━━━━━━━━━━━━━━━━━━━━━━━━━━━━━━━━   
/home/xc/Projects/ME5400/MCTrack/tracker/trajectory.py:370: OptimizeWarning: Covariance of the parameters could not be estimated
  popt_x, _ = curve_fit(linear_func, x_vals, y_vals_x)
/home/xc/Projects/ME5400/MCTrack/tracker/trajectory.py:371: OptimizeWarning: Covariance of the parameters could not be estimated
  popt_y, _ = curve_fit(linear_func, x_vals, y_vals_y)
[WARN] [1775737270.719146, 29.329000]: 等待与检测时间戳对齐的位姿超时，回退使用最新 FAST-LIO 位姿
[INFO] [1775737270.440804, 29.227000]: 帧 15: 检测到 9 个目标
[INFO] [1775737270.766787, 29.345000]: 转换得到 114706 个点
Inference ━━━━━━━━━━━━━━━━━━━━━━━━━━━━━━━━━━━━━━━━   
[WARN] [1775737275.766234, 31.167000]: [offline_bag_feeder] frame=18 tracking timeout (5.00s)
[INFO] [1775737270.802354, 29.357000]: 帧 16: 检测到 10 个目标
[INFO] [1775737275.775383, 31.169000]: 转换得到 114513 个点
Inference ━━━━━━━━━━━━━━━━━━━━━━━━━━━━━━━━━━━━━━━━   
[WARN] [1775737280.772469, 32.993000]: [offline_bag_feeder] frame=19 tracking timeout (5.00s)
[INFO] [1775737275.816378, 31.183000]: 帧 17: 检测到 10 个目标
[INFO] [1775737280.780761, 32.995000]: 转换得到 114454 个点
Inference ━━━━━━━━━━━━━━━━━━━━━━━━━━━━━━━━━━━━━━━━   
[WARN] [1775737285.780704, 34.819000]: [offline_bag_feeder] frame=20 tracking timeout (5.00s)
[WARN] [1775737285.807233, 34.829000]: 等待与检测时间戳对齐的位姿超时，回退使用最新 FAST-LIO 位姿
[INFO] [1775737280.822030, 33.009000]: 帧 18: 检测到 9 个目标
[INFO] [1775737285.787420, 34.821000]: 转换得到 114306 个点
Inference ━━━━━━━━━━━━━━━━━━━━━━━━━━━━━━━━━━━━━━━━   
[WARN] [1775737290.789793, 36.645000]: [offline_bag_feeder] frame=21 tracking timeout (5.00s)
[INFO] [1775737285.829745, 34.837000]: 帧 19: 检测到 10 个目标
[INFO] [1775737285.830603, 34.837000]: PointPillars计时汇总(20帧均值): 点云解析=2.0ms, 临时落盘=1.0ms, 模型推理=50.4ms, 结果提取=0.1ms, 清理临时文件=0.2ms, 相机坐标转换=1.0ms, 发布Detection3DArray=0.1ms, 发布MarkerArray=0.3ms, 发布KITTI串=0.1ms, 发布LiDAR串=0.0ms, 纯计算总耗时=56.1ms, 墙钟总耗时=56.1ms
[INFO] [1775737290.797014, 36.647000]: 转换得到 114261 个点
Inference ━━━━━━━━━━━━━━━━━━━━━━━━━━━━━━━━━━━━━━━━   
[WARN] [1775737295.797739, 38.471000]: [offline_bag_feeder] frame=22 tracking timeout (5.00s)
[INFO] [1775737290.831911, 36.659000]: 帧 20: 检测到 10 个目标
[INFO] [1775737295.806711, 38.473000]: 转换得到 114246 个点
Inference ━━━━━━━━━━━━━━━━━━━━━━━━━━━━━━━━━━━━━━━━   
[WARN] [1775737300.808136, 40.297000]: [offline_bag_feeder] frame=23 tracking timeout (5.00s)
[WARN] [1775737300.834305, 40.305000]: 等待与检测时间戳对齐的位姿超时，回退使用最新 FAST-LIO 位姿
[INFO] [1775737295.847207, 38.487000]: 帧 21: 检测到 9 个目标
[INFO] [1775737300.816564, 40.299000]: 转换得到 114264 个点
Inference ━━━━━━━━━━━━━━━━━━━━━━━━━━━━━━━━━━━━━━━━   
[WARN] [1775737305.818006, 42.121000]: [offline_bag_feeder] frame=24 tracking timeout (5.00s)
[INFO] [1775737300.853354, 40.313000]: 帧 22: 检测到 10 个目标
[INFO] [1775737305.827518, 42.123000]: 转换得到 114263 个点
Inference ━━━━━━━━━━━━━━━━━━━━━━━━━━━━━━━━━━━━━━━━   
[WARN] [1775737310.823825, 43.945000]: [offline_bag_feeder] frame=25 tracking timeout (5.00s)
[INFO] [1775737305.867803, 42.137000]: 帧 23: 检测到 10 个目标
[INFO] [1775737310.834589, 43.947000]: 转换得到 114205 个点
Inference ━━━━━━━━━━━━━━━━━━━━━━━━━━━━━━━━━━━━━━━━   
[WARN] [1775737315.833871, 45.771000]: [offline_bag_feeder] frame=26 tracking timeout (5.00s)
[WARN] [1775737315.863593, 45.781000]: 等待与检测时间戳对齐的位姿超时，回退使用最新 FAST-LIO 位姿
[INFO] [1775737310.871114, 43.961000]: 帧 24: 检测到 9 个目标
[INFO] [1775737315.841371, 45.773000]: 转换得到 114111 个点
Inference ━━━━━━━━━━━━━━━━━━━━━━━━━━━━━━━━━━━━━━━━   
[WARN] [1775737320.842076, 47.599000]: [offline_bag_feeder] frame=27 tracking timeout (5.00s)
[INFO] [1775737315.881877, 45.787000]: 帧 25: 检测到 9 个目标
[INFO] [1775737320.849924, 47.601000]: 转换得到 114139 个点
Inference ━━━━━━━━━━━━━━━━━━━━━━━━━━━━━━━━━━━━━━━━   
[WARN] [1775737325.848805, 49.425000]: [offline_bag_feeder] frame=28 tracking timeout (5.00s)
[INFO] [1775737320.888731, 47.615000]: 帧 26: 检测到 9 个目标
[INFO] [1775737325.857059, 49.427000]: 转换得到 114069 个点
Inference ━━━━━━━━━━━━━━━━━━━━━━━━━━━━━━━━━━━━━━━━   
[WARN] [1775737330.859053, 51.249000]: [offline_bag_feeder] frame=29 tracking timeout (5.00s)
[WARN] [1775737330.881828, 51.257000]: 等待与检测时间戳对齐的位姿超时，回退使用最新 FAST-LIO 位姿
[INFO] [1775737325.893738, 49.441000]: 帧 27: 检测到 11 个目标
[INFO] [1775737330.867231, 51.251000]: 转换得到 114132 个点
Inference ━━━━━━━━━━━━━━━━━━━━━━━━━━━━━━━━━━━━━━━━   
[WARN] [1775737335.865416, 53.073000]: [offline_bag_feeder] frame=30 tracking timeout (5.00s)
[INFO] [1775737330.902274, 51.263000]: 帧 28: 检测到 10 个目标
[INFO] [1775737335.874615, 53.075000]: 转换得到 114291 个点
Inference ━━━━━━━━━━━━━━━━━━━━━━━━━━━━━━━━━━━━━━━━   
[WARN] [1775737340.876859, 54.899000]: [offline_bag_feeder] frame=31 tracking timeout (5.00s)
[INFO] [1775737335.916307, 53.089000]: 帧 29: 检测到 9 个目标
[INFO] [1775737340.884971, 54.901000]: 转换得到 114282 个点
Inference ━━━━━━━━━━━━━━━━━━━━━━━━━━━━━━━━━━━━━━━━   
[WARN] [1775737345.883271, 56.725000]: [offline_bag_feeder] frame=32 tracking timeout (5.00s)
[WARN] [1775737345.918564, 56.737000]: 等待与检测时间戳对齐的位姿超时，回退使用最新 FAST-LIO 位姿
[INFO] [1775737340.922958, 54.915000]: 帧 30: 检测到 10 个目标
[INFO] [1775737345.892109, 56.727000]: 转换得到 114321 个点
Inference ━━━━━━━━━━━━━━━━━━━━━━━━━━━━━━━━━━━━━━━━   
[WARN] [1775737350.889499, 58.549000]: [offline_bag_feeder] frame=33 tracking timeout (5.00s)
[INFO] [1775737345.932913, 56.741000]: 帧 31: 检测到 9 个目标
[INFO] [1775737350.895287, 58.551000]: 转换得到 114272 个点
Inference ━━━━━━━━━━━━━━━━━━━━━━━━━━━━━━━━━━━━━━━━   
[WARN] [1775737355.896682, 60.373000]: [offline_bag_feeder] frame=34 tracking timeout (5.00s)
[INFO] [1775737350.928867, 58.563000]: 帧 32: 检测到 9 个目标
[INFO] [1775737355.906806, 60.375000]: 转换得到 114317 个点
Inference ━━━━━━━━━━━━━━━━━━━━━━━━━━━━━━━━━━━━━━━━   
[WARN] [1775737360.908920, 62.199000]: [offline_bag_feeder] frame=35 tracking timeout (5.00s)
[WARN] [1775737360.934977, 62.207000]: 等待与检测时间戳对齐的位姿超时，回退使用最新 FAST-LIO 位姿
[INFO] [1775737355.949061, 60.389000]: 帧 33: 检测到 9 个目标
[INFO] [1775737360.915833, 62.201000]: 转换得到 114562 个点
Inference ━━━━━━━━━━━━━━━━━━━━━━━━━━━━━━━━━━━━━━━━   
[WARN] [1775737361.282610, 62.329000]: [joint_backend_ego] optimize slow: 95.9 ms (window=8)
[WARN] [1775737365.913421, 64.021000]: [offline_bag_feeder] frame=36 tracking timeout (5.00s)
[0m[INFO] [1775737260.388207750, 25.560999999]: IMU Initial Done[0m
[ mapping ]: time: IMU + Map + Input Downsample: 0.004201 ave match: 0.010595 ave solve: 0.001838  ave ICP: 0.013168  map incre: 0.003491 ave total: 0.020859 icp: 0.012495 construct H: 0.000453 
[ mapping ]: time: IMU + Map + Input Downsample: 0.004068 ave match: 0.009029 ave solve: 0.001662  ave ICP: 0.009087  map incre: 0.004406 ave total: 0.019210 icp: 0.010747 construct H: 0.000429 
[ mapping ]: time: IMU + Map + Input Downsample: 0.003868 ave match: 0.009681 ave solve: 0.001619  ave ICP: 0.012664  map incre: 0.002664 ave total: 0.019206 icp: 0.011360 construct H: 0.000425 
[ mapping ]: time: IMU + Map + Input Downsample: 0.005315 ave match: 0.010223 ave solve: 0.001633  ave ICP: 0.013688  map incre: 0.003551 ave total: 0.020043 icp: 0.011920 construct H: 0.000434 
[ mapping ]: time: IMU + Map + Input Downsample: 0.004914 ave match: 0.010503 ave solve: 0.001764  ave ICP: 0.014166  map incre: 0.003203 ave total: 0.020491 icp: 0.012342 construct H: 0.000460 
[ mapping ]: time: IMU + Map + Input Downsample: 0.005880 ave match: 0.010594 ave solve: 0.001750  ave ICP: 0.012917  map incre: 0.004162 ave total: 0.020902 icp: 0.012421 construct H: 0.000452 
[ mapping ]: time: IMU + Map + Input Downsample: 0.005864 ave match: 0.010835 ave solve: 0.001828  ave ICP: 0.014863  map incre: 0.003718 ave total: 0.021408 icp: 0.012750 construct H: 0.000471 
[ mapping ]: time: IMU + Map + Input Downsample: 0.004518 ave match: 0.010875 ave solve: 0.001782  ave ICP: 0.012750  map incre: 0.002529 ave total: 0.021207 icp: 0.012740 construct H: 0.000461 
[ mapping ]: time: IMU + Map + Input Downsample: 0.003921 ave match: 0.010953 ave solve: 0.001748  ave ICP: 0.013198  map incre: 0.002500 ave total: 0.021030 icp: 0.012781 construct H: 0.000455 
[ mapping ]: time: IMU + Map + Input Downsample: 0.004560 ave match: 0.010957 ave solve: 0.001717  ave ICP: 0.012555  map incre: 0.002354 ave total: 0.020874 icp: 0.012751 construct H: 0.000450 
[ mapping ]: time: IMU + Map + Input Downsample: 0.005451 ave match: 0.011007 ave solve: 0.001695  ave ICP: 0.013121  map incre: 0.002397 ave total: 0.020883 icp: 0.012777 construct H: 0.000445 
[ mapping ]: time: IMU + Map + Input Downsample: 0.005773 ave match: 0.010976 ave solve: 0.001674  ave ICP: 0.012221  map incre: 0.001810 ave total: 0.020793 icp: 0.012725 construct H: 0.000442 
[ mapping ]: time: IMU + Map + Input Downsample: 0.003901 ave match: 0.010869 ave solve: 0.001650  ave ICP: 0.011071  map incre: 0.002678 ave total: 0.020551 icp: 0.012592 construct H: 0.000436 
[ mapping ]: time: IMU + Map + Input Downsample: 0.003890 ave match: 0.010669 ave solve: 0.001629  ave ICP: 0.009532  map incre: 0.001796 ave total: 0.020170 icp: 0.012369 construct H: 0.000431 
[ mapping ]: time: IMU + Map + Input Downsample: 0.006017 ave match: 0.010814 ave solve: 0.001675  ave ICP: 0.015404  map incre: 0.003771 ave total: 0.020505 icp: 0.012563 construct H: 0.000441 
[ mapping ]: time: IMU + Map + Input Downsample: 0.003720 ave match: 0.010740 ave solve: 0.001656  ave ICP: 0.011111  map incre: 0.001577 ave total: 0.020249 icp: 0.012468 construct H: 0.000436 
[ mapping ]: time: IMU + Map + Input Downsample: 0.006015 ave match: 0.010888 ave solve: 0.001698  ave ICP: 0.015906  map incre: 0.003663 ave total: 0.020563 icp: 0.012663 construct H: 0.000445 
[ mapping ]: time: IMU + Map + Input Downsample: 0.005562 ave match: 0.010879 ave solve: 0.001678  ave ICP: 0.012207  map incre: 0.001715 ave total: 0.020503 icp: 0.012633 construct H: 0.000441 
[ mapping ]: time: IMU + Map + Input Downsample: 0.006053 ave match: 0.011015 ave solve: 0.001707  ave ICP: 0.015921  map incre: 0.003699 ave total: 0.020775 icp: 0.012801 construct H: 0.000446 
[ mapping ]: time: IMU + Map + Input Downsample: 0.004144 ave match: 0.011047 ave solve: 0.001687  ave ICP: 0.013066  map incre: 0.001707 ave total: 0.020682 icp: 0.012810 construct H: 0.000441 
[ mapping ]: time: IMU + Map + Input Downsample: 0.005873 ave match: 0.011131 ave solve: 0.001706  ave ICP: 0.015114  map incr[INFO] [1775737360.951998, 62.215000]: 帧 34: 检测到 10 个目标
[INFO] [1775737365.921741, 64.023000]: 转换得到 114747 个点
Inference ━━━━━━━━━━━━━━━━━━━━━━━━━━━━━━━━━━━━━━━━   
[WARN] [1775737370.920420, 65.845000]: [offline_bag_feeder] frame=37 tracking timeout (5.00s)
[INFO] [1775737366.006015, 64.053000]: 帧 35: 检测到 11 个目标
[INFO] [1775737370.930708, 65.847000]: 转换得到 114874 个点
Inference ━━━━━━━━━━━━━━━━━━━━━━━━━━━━━━━━━━━━━━━━   
[WARN] [1775737375.930461, 67.669000]: [offline_bag_feeder] frame=38 tracking timeout (5.00s)
[WARN] [1775737375.954803, 67.677000]: 等待与检测时间戳对齐的位姿超时，回退使用最新 FAST-LIO 位姿
[INFO] [1775737370.972765, 65.863000]: 帧 36: 检测到 10 个目标
[INFO] [1775737375.939502, 67.671000]: 转换得到 114914 个点
Inference ━━━━━━━━━━━━━━━━━━━━━━━━━━━━━━━━━━━━━━━━   
[WARN] [1775737380.939030, 69.493000]: [offline_bag_feeder] frame=39 tracking timeout (5.00s)
[INFO] [1775737375.977926, 67.685000]: 帧 37: 检测到 11 个目标
[INFO] [1775737380.949195, 69.495000]: 转换得到 114966 个点
Inference ━━━━━━━━━━━━━━━━━━━━━━━━━━━━━━━━━━━━━━━━   
[WARN] [1775737385.946587, 71.317000]: [offline_bag_feeder] frame=40 tracking timeout (5.00s)
[INFO] [1775737380.988771, 69.509000]: 帧 38: 检测到 11 个目标
[INFO] [1775737385.952683, 71.319000]: 转换得到 115085 个点
Inference ━━━━━━━━━━━━━━━━━━━━━━━━━━━━━━━━━━━━━━━━   
[WARN] [1775737390.954114, 73.141000]: [offline_bag_feeder] frame=41 tracking timeout (5.00s)
[WARN] [1775737390.982955, 73.151000]: 等待与检测时间戳对齐的位姿超时，回退使用最新 FAST-LIO 位姿
[INFO] [1775737385.990273, 71.333000]: 帧 39: 检测到 10 个目标
[INFO] [1775737385.991202, 71.333000]: PointPillars计时汇总(20帧均值): 点云解析=1.9ms, 临时落盘=0.9ms, 模型推理=37.1ms, 结果提取=0.1ms, 清理临时文件=0.2ms, 相机坐标转换=1.0ms, 发布Detection3DArray=0.1ms, 发布MarkerArray=0.3ms, 发布KITTI串=0.1ms, 发布LiDAR串=0.0ms, 纯计算总耗时=42.6ms, 墙钟总耗时=42.6ms
[INFO] [1775737390.961747, 73.143000]: 转换得到 115191 个点
Inference ━━━━━━━━━━━━━━━━━━━━━━━━━━━━━━━━━━━━━━━━   
[WARN] [1775737395.960779, 74.965000]: [offline_bag_feeder] frame=42 tracking timeout (5.00s)
[INFO] [1775737390.996487, 73.155000]: 帧 40: 检测到 10 个目标
[INFO] [1775737395.970467, 74.967000]: 转换得到 115348 个点
Inference ━━━━━━━━━━━━━━━━━━━━━━━━━━━━━━━━━━━━━━━━   
[WARN] [1775737400.972836, 76.789000]: [offline_bag_feeder] frame=43 tracking timeout (5.00s)
[INFO] [1775737396.011233, 74.981000]: 帧 41: 检测到 11 个目标
[INFO] [1775737400.978184, 76.791000]: 转换得到 115484 个点
Inference ━━━━━━━━━━━━━━━━━━━━━━━━━━━━━━━━━━━━━━━━   
[WARN] [1775737405.980052, 78.617000]: [offline_bag_feeder] frame=44 tracking timeout (5.00s)
[WARN] [1775737406.004393, 78.625000]: 等待与检测时间戳对齐的位姿超时，回退使用最新 FAST-LIO 位姿
[INFO] [1775737401.018197, 76.805000]: 帧 42: 检测到 10 个目标
[INFO] [1775737405.987238, 78.619000]: 转换得到 115677 个点
Inference ━━━━━━━━━━━━━━━━━━━━━━━━━━━━━━━━━━━━━━━━   
[WARN] [1775737406.311509, 78.737000]: [joint_backend_ego] optimize slow: 100.2 ms (window=8)
[WARN] [1775737410.990570, 80.441000]: [offline_bag_feeder] frame=45 tracking timeout (5.00s)
[INFO] [1775737406.025760, 78.633000]: 帧 43: 检测到 10 个目标
[INFO] [1775737410.998554, 80.443000]: 转换得到 115809 个点
Inference ━━━━━━━━━━━━━━━━━━━━━━━━━━━━━━━━━━━━━━━━   
[WARN] [1775737416.000762, 82.267000]: [offline_bag_feeder] frame=46 tracking timeout (5.00s)
[INFO] [1775737411.042265, 80.459000]: 帧 44: 检测到 9 个目标
[INFO] [1775737416.007661, 82.269000]: 转换得到 115935 个点
Inference ━━━━━━━━━━━━━━━━━━━━━━━━━━━━━━━━━━━━━━━━   
[WARN] [1775737421.009457, 84.095000]: [offline_bag_feeder] frame=47 tracking timeout (5.00s)
[WARN] [1775737421.043248, 84.105000]: 等待与检测时间戳对齐的位姿超时，回退使用最新 FAST-LIO 位姿
[INFO] [1775737416.051824, 82.285000]: 帧 45: 检测到 10 个目标
[INFO] [1775737421.019948, 84.097000]: 转换得到 115870 个点
Inference ━━━━━━━━━━━━━━━━━━━━━━━━━━━━━━━━━━━━━━━━   
[WARN] [1775737426.017276, 85.919000]: [offline_bag_feeder] frame=48 tracking timeout (5.00s)
[INFO] [1775737421.065128, 84.113000]: 帧 46: 检测到 11 个目标
[INFO] [1775737426.025100, 85.921000]: 转换得到 116133 个点
Inference ━━━━━━━━━━━━━━━━━━━━━━━━━━━━━━━━━━━━━━━━   
[WARN] [1775737431.027214, 87.745000]: [offline_bag_feeder] frame=49 tracking timeout (5.00s)
[INFO] [1775737426.062644, 85.935000]: 帧 47: 检测到 9 个目标
[INFO] [1775737431.037517, 87.747000]: 转换得到 116326 个点
Inference ━━━━━━━━━━━━━━━━━━━━━━━━━━━━━━━━━━━━━━━━   
[WARN] [1775737431.280507, 87.835000]: [joint_backend_ego] optimize slow: 95.2 ms (window=8)
[WARN] [1775737436.034615, 89.569000]: [offline_bag_feeder] frame=50 tracking timeout (5.00s)
[WARN] [1775737436.061673, 89.577000]: 等待与检测时间戳对齐的位姿超时，回退使用最新 FAST-LIO 位姿
[INFO] [1775737431.078469, 87.761000]: 帧 48: 检测到 10 个目标
[INFO] [1775737436.045805, 89.571000]: 转换得到 116552 个点
Inference ━━━━━━━━━━━━━━━━━━━━━━━━━━━━━━━━━━━━━━━━   
[WARN] [1775737441.045764, 91.397000]: [offline_bag_feeder] frame=51 tracking timeout (5.00s)
[INFO] [1775737436.089516, 89.587000]: 帧 49: 检测到 10 个目标
[INFO] [1775737441.056906, 91.399000]: 转换得到 116849 个点
Inference ━━━━━━━━━━━━━━━━━━━━━━━━━━━━━━━━━━━━━━━━   
[WARN] [1775737446.055604, 93.223000]: [offline_bag_feeder] frame=52 tracking timeout (5.00s)
[INFO] [1775737441.093305, 91.413000]: 帧 50: 检测到 11 个目标
[INFO] [1775737446.067345, 93.225000]: 转换得到 116966 个点
Inference ━━━━━━━━━━━━━━━━━━━━━━━━━━━━━━━━━━━━━━━━   
[WARN] [1775737451.063051, 95.049000]: [offline_bag_feeder] frame=53 tracking timeout (5.00s)
[WARN] [1775737451.095984, 95.059000]: 等待与检测时间戳对齐的位姿超时，回退使用最新 FAST-LIO 位姿
[INFO] [1775737446.107293, 93.241000]: 帧 51: 检测到 11 个目标
[INFO] [1775737451.073349, 95.051000]: 转换得到 117187 个点
Inference ━━━━━━━━━━━━━━━━━━━━━━━━━━━━━━━━━━━━━━━━   
[WARN] [1775737456.072168, 96.875000]: [offline_bag_feeder] frame=54 tracking timeout (5.00s)
[INFO] [1775737451.110143, 95.065000]: 帧 52: 检测到 10 个目标
[INFO] [1775737456.083299, 96.877000]: 转换得到 117410 个点
Inference ━━━━━━━━━━━━━━━━━━━━━━━━━━━━━━━━━━━━━━━━   
[WARN] [1775737461.082711, 98.701000]: [offline_bag_feeder] frame=55 tracking timeout (5.00s)
[INFO] [1775737456.120392, 96.891000]: 帧 53: 检测到 9 个目标
[INFO] [1775737461.099081, 98.703000]: 转换得到 117653 个点
Inference ━━━━━━━━━━━━━━━━━━━━━━━━━━━━━━━━━━━━━━━━   
[WARN] [1775737466.097388, 100.527000]: [offline_bag_feeder] frame=56 tracking timeout (5.00s)
[WARN] [1775737466.126501, 100.535000]: 等待与检测时间戳对齐的位姿超时，回退使用最新 FAST-LIO 位姿
[INFO] [1775737461.146676, 98.721000]: 帧 54: 检测到 8 个目标
[INFO] [1775737466.109995, 100.529000]: 转换得到 117848 个点
Inference ━━━━━━━━━━━━━━━━━━━━━━━━━━━━━━━━━━━━━━━━   
[WARN] [1775737471.109238, 102.353000]: [offline_bag_feeder] frame=57 tracking timeout (5.00s)
e: 0.003670 ave total: 0.020871 icp: 0.012915 construct H: 0.000445 
[ mapping ]: time: IMU + Map + Input Downsample: 0.005814 ave match: 0.011153 ave solve: 0.001687  ave ICP: 0.013023  map incre: 0.001665 ave total: 0.020854 icp: 0.012916 construct H: 0.000440 
[ mapping ]: time: IMU + Map + Input Downsample: 0.003890 ave match: 0.011059 ave solve: 0.001670  ave ICP: 0.010398  map incre: 0.002208 ave total: 0.020665 icp: 0.012804 construct H: 0.000436 
[ mapping ]: time: IMU + Map + Input Downsample: 0.004117 ave match: 0.011571 ave solve: 0.001658  ave ICP: 0.024924  map incre: 0.002256 ave total: 0.021108 icp: 0.013305 construct H: 0.000434 
[ mapping ]: time: IMU + Map + Input Downsample: 0.003982 ave match: 0.011579 ave solve: 0.001642  ave ICP: 0.013131  map incre: 0.001931 ave total: 0.021025 icp: 0.013295 construct H: 0.000430 
[ mapping ]: time: IMU + Map + Input Downsample: 0.003938 ave match: 0.011583 ave solve: 0.001627  ave ICP: 0.013063  map incre: 0.001756 ave total: 0.020938 icp: 0.013283 construct H: 0.000427 
[ mapping ]: time: IMU + Map + Input Downsample: 0.004032 ave match: 0.011574 ave solve: 0.001613  ave ICP: 0.012662  map incre: 0.001627 ave total: 0.020841 icp: 0.013258 construct H: 0.000423 
[ mapping ]: time: IMU + Map + Input Downsample: 0.004087 ave match: 0.011499 ave solve: 0.001599  ave ICP: 0.010844  map incre: 0.002130 ave total: 0.020706 icp: 0.013169 construct H: 0.000420 
[ mapping ]: time: IMU + Map + Input Downsample: 0.003973 ave match: 0.011392 ave solve: 0.001588  ave ICP: 0.009771  map incre: 0.001785 ave total: 0.020528 icp: 0.013049 construct H: 0.000417 
[ mapping ]: time: IMU + Map + Input Downsample: 0.004150 ave match: 0.011316 ave solve: 0.001575  ave ICP: 0.010437  map incre: 0.001927 ave total: 0.020394 icp: 0.012960 construct H: 0.000414 
[ mapping ]: time: IMU + Map + Input Downsample: 0.004262 ave match: 0.011349 ave solve: 0.001565  ave ICP: 0.013754  map incre: 0.001826 ave total: 0.020376 icp: 0.012983 construct H: 0.000412 
[ mapping ]: time: IMU + Map + Input Downsample: 0.004099 ave match: 0.011386 ave solve: 0.001556  ave ICP: 0.013961  map incre: 0.002120 ave total: 0.020370 icp: 0.013011 construct H: 0.000410 
[ mapping ]: time: IMU + Map + Input Downsample: 0.004018 ave match: 0.011375 ave solve: 0.001545  ave ICP: 0.012312  map incre: 0.001924 ave total: 0.020306 icp: 0.012987 construct H: 0.000407 
[ mapping ]: time: IMU + Map + Input Downsample: 0.005910 ave match: 0.011415 ave solve: 0.001555  ave ICP: 0.014856  map incre: 0.002737 ave total: 0.020400 icp: 0.013039 construct H: 0.000409 
[ mapping ]: time: IMU + Map + Input Downsample: 0.003895 ave match: 0.011370 ave solve: 0.001545  ave ICP: 0.011180  map incre: 0.001508 ave total: 0.020291 icp: 0.012983 construct H: 0.000406 
[ mapping ]: time: IMU + Map + Input Downsample: 0.004303 ave match: 0.011371 ave solve: 0.001535  ave ICP: 0.012690  map incre: 0.001738 ave total: 0.020247 icp: 0.012973 construct H: 0.000403 
[ mapping ]: time: IMU + Map + Input Downsample: 0.003944 ave match: 0.011377 ave solve: 0.001525  ave ICP: 0.012873  map incre: 0.002365 ave total: 0.020219 icp: 0.012968 construct H: 0.000401 
[ mapping ]: time: IMU + Map + Input Downsample: 0.003858 ave match: 0.011388 ave solve: 0.001515  ave ICP: 0.013062  map incre: 0.001790 ave total: 0.020179 icp: 0.012969 construct H: 0.000398 
[ mapping ]: time: IMU + Map + Input Downsample: 0.004139 ave match: 0.011315 ave solve: 0.001505  ave ICP: 0.009766  map incre: 0.001474 ave total: 0.020056 icp: 0.012884 construct H: 0.000396 
[ mapping ]: time: IMU + Map + Input Downsample: 0.006071 ave match: 0.011420 ave solve: 0.001514  ave ICP: 0.017577  map incre: 0.002623 ave total: 0.020211 icp: 0.012999 construct H: 0.000397 
[ mapping ]: time: IMU + Map + Input Downsample: 0.003867 ave match: 0.011389 ave solve: 0.001504  ave ICP: 0.011379  map incre: 0.001880 ave total: 0.020136 icp: 0.012957 construct H: 0.000395 
[ mapping ]: time: IMU + Map + Input Downsample: 0.003885 ave match: 0.011358 ave solve: 0.001496  ave ICP: 0.011383  map incre[INFO] [1775737466.149138, 100.543000]: 帧 55: 检测到 10 个目标
[INFO] [1775737471.120514, 102.355000]: 转换得到 117951 个点
Inference ━━━━━━━━━━━━━━━━━━━━━━━━━━━━━━━━━━━━━━━━   
[WARN] [1775737476.115842, 104.177000]: [offline_bag_feeder] frame=58 tracking timeout (5.00s)
[INFO] [1775737471.163001, 102.371000]: 帧 56: 检测到 10 个目标
[INFO] [1775737476.129623, 104.179000]: 转换得到 117885 个点
Inference ━━━━━━━━━━━━━━━━━━━━━━━━━━━━━━━━━━━━━━━━   
[WARN] [1775737481.127605, 106.003000]: [offline_bag_feeder] frame=59 tracking timeout (5.00s)
[WARN] [1775737481.157412, 106.013000]: 等待与检测时间戳对齐的位姿超时，回退使用最新 FAST-LIO 位姿
[INFO] [1775737476.176569, 104.195000]: 帧 57: 检测到 9 个目标
[INFO] [1775737481.137356, 106.005000]: 转换得到 118034 个点
Inference ━━━━━━━━━━━━━━━━━━━━━━━━━━━━━━━━━━━━━━━━   
[WARN] [1775737486.134653, 107.829000]: [offline_bag_feeder] frame=60 tracking timeout (5.00s)
[INFO] [1775737481.176574, 106.019000]: 帧 58: 检测到 10 个目标
[INFO] [1775737486.143704, 107.831000]: 转换得到 118036 个点
Inference ━━━━━━━━━━━━━━━━━━━━━━━━━━━━━━━━━━━━━━━━   
[WARN] [1775737491.145422, 109.653000]: [offline_bag_feeder] frame=61 tracking timeout (5.00s)
[INFO] [1775737486.179807, 107.843000]: 帧 59: 检测到 9 个目标
[INFO] [1775737486.180602, 107.845000]: PointPillars计时汇总(20帧均值): 点云解析=1.9ms, 临时落盘=0.9ms, 模型推理=36.8ms, 结果提取=0.1ms, 清理临时文件=0.3ms, 相机坐标转换=1.0ms, 发布Detection3DArray=0.1ms, 发布MarkerArray=0.3ms, 发布KITTI串=0.1ms, 发布LiDAR串=0.0ms, 纯计算总耗时=42.4ms, 墙钟总耗时=42.4ms
[INFO] [1775737491.159192, 109.655000]: 转换得到 118120 个点
Inference ━━━━━━━━━━━━━━━━━━━━━━━━━━━━━━━━━━━━━━━━   
[WARN] [1775737496.155343, 111.477000]: [offline_bag_feeder] frame=62 tracking timeout (5.00s)
[WARN] [1775737496.178894, 111.485000]: 等待与检测时间戳对齐的位姿超时，回退使用最新 FAST-LIO 位姿
[INFO] [1775737491.203947, 109.671000]: 帧 60: 检测到 10 个目标
[INFO] [1775737496.163465, 111.479000]: 转换得到 118215 个点
Inference ━━━━━━━━━━━━━━━━━━━━━━━━━━━━━━━━━━━━━━━━   
[WARN] [1775737501.163082, 113.299000]: [offline_bag_feeder] frame=63 tracking timeout (5.00s)
[INFO] [1775737496.200436, 111.493000]: 帧 61: 检测到 10 个目标
[INFO] [1775737501.176001, 113.301000]: 转换得到 118392 个点
Inference ━━━━━━━━━━━━━━━━━━━━━━━━━━━━━━━━━━━━━━━━   
[WARN] [1775737506.172317, 115.123000]: [offline_bag_feeder] frame=64 tracking timeout (5.00s)
[INFO] [1775737501.220041, 113.317000]: 帧 62: 检测到 10 个目标
[INFO] [1775737506.186714, 115.127000]: 转换得到 118461 个点
Inference ━━━━━━━━━━━━━━━━━━━━━━━━━━━━━━━━━━━━━━━━   
[WARN] [1775737511.181165, 116.945000]: [offline_bag_feeder] frame=65 tracking timeout (5.00s)
[WARN] [1775737511.221593, 116.957000]: 等待与检测时间戳对齐的位姿超时，回退使用最新 FAST-LIO 位姿
[INFO] [1775737506.223473, 115.139000]: 帧 63: 检测到 10 个目标
[INFO] [1775737511.196006, 116.947000]: 转换得到 118631 个点
Inference ━━━━━━━━━━━━━━━━━━━━━━━━━━━━━━━━━━━━━━━━   
[WARN] [1775737511.436538, 117.035000]: [joint_backend_ego] optimize slow: 95.6 ms (window=8)
[WARN] [1775737516.194540, 118.771000]: [offline_bag_feeder] frame=66 tracking timeout (5.00s)
[INFO] [1775737511.240112, 116.963000]: 帧 64: 检测到 10 个目标
[INFO] [1775737516.207464, 118.773000]: 转换得到 118761 个点
Inference ━━━━━━━━━━━━━━━━━━━━━━━━━━━━━━━━━━━━━━━━   
[WARN] [1775737521.205714, 120.597000]: [offline_bag_feeder] frame=67 tracking timeout (5.00s)
[INFO] [1775737516.247099, 118.789000]: 帧 65: 检测到 10 个目标
[INFO] [1775737521.219845, 120.599000]: 转换得到 118702 个点
Inference ━━━━━━━━━━━━━━━━━━━━━━━━━━━━━━━━━━━━━━━━   
[WARN] [1775737526.216701, 122.421000]: [offline_bag_feeder] frame=68 tracking timeout (5.00s)
[WARN] [1775737526.252139, 122.431000]: 等待与检测时间戳对齐的位姿超时，回退使用最新 FAST-LIO 位姿
[INFO] [1775737521.265361, 120.615000]: 帧 66: 检测到 10 个目标
[INFO] [1775737526.230753, 122.423000]: 转换得到 118870 个点
Inference ━━━━━━━━━━━━━━━━━━━━━━━━━━━━━━━━━━━━━━━━   
[WARN] [1775737531.226074, 124.245000]: [offline_bag_feeder] frame=69 tracking timeout (5.00s)
[INFO] [1775737526.285521, 122.443000]: 帧 67: 检测到 10 个目标
[INFO] [1775737531.238094, 124.247000]: 转换得到 118891 个点
Inference ━━━━━━━━━━━━━━━━━━━━━━━━━━━━━━━━━━━━━━━━   
[WARN] [1775737536.236920, 126.069000]: [offline_bag_feeder] frame=70 tracking timeout (5.00s)
[INFO] [1775737531.277411, 124.261000]: 帧 68: 检测到 10 个目标
[INFO] [1775737536.248255, 126.071000]: 转换得到 118845 个点
Inference ━━━━━━━━━━━━━━━━━━━━━━━━━━━━━━━━━━━━━━━━   
[WARN] [1775737541.247006, 127.895000]: [offline_bag_feeder] frame=71 tracking timeout (5.00s)
[WARN] [1775737541.269911, 127.903000]: 等待与检测时间戳对齐的位姿超时，回退使用最新 FAST-LIO 位姿
[INFO] [1775737536.283948, 126.085000]: 帧 69: 检测到 10 个目标
[INFO] [1775737541.253942, 127.897000]: 转换得到 118681 个点
Inference ━━━━━━━━━━━━━━━━━━━━━━━━━━━━━━━━━━━━━━━━   
[WARN] [1775737541.639327, 128.037000]: [joint_backend_ego] optimize slow: 100.7 ms (window=8)
[WARN] [1775737546.254752, 129.721000]: [offline_bag_feeder] frame=72 tracking timeout (5.00s)
[INFO] [1775737541.291255, 127.909000]: 帧 70: 检测到 10 个目标
[INFO] [1775737546.261724, 129.723000]: 转换得到 118453 个点
Inference ━━━━━━━━━━━━━━━━━━━━━━━━━━━━━━━━━━━━━━━━   
[WARN] [1775737551.260972, 131.547000]: [offline_bag_feeder] frame=73 tracking timeout (5.00s)
[INFO] [1775737546.297307, 129.735000]: 帧 71: 检测到 11 个目标
[INFO] [1775737551.270685, 131.549000]: 转换得到 118309 个点
Inference ━━━━━━━━━━━━━━━━━━━━━━━━━━━━━━━━━━━━━━━━   
[WARN] [1775737556.272425, 133.373000]: [offline_bag_feeder] frame=74 tracking timeout (5.00s)
[WARN] [1775737556.300349, 133.383000]: 等待与检测时间戳对齐的位姿超时，回退使用最新 FAST-LIO 位姿
[INFO] [1775737551.315204, 131.565000]: 帧 72: 检测到 10 个目标
[INFO] [1775737556.280114, 133.375000]: 转换得到 118232 个点
Inference ━━━━━━━━━━━━━━━━━━━━━━━━━━━━━━━━━━━━━━━━   
[WARN] [1775737561.281484, 135.197000]: [offline_bag_feeder] frame=75 tracking timeout (5.00s)
[INFO] [1775737556.322046, 133.391000]: 帧 73: 检测到 10 个目标
[INFO] [1775737561.289761, 135.199000]: 转换得到 118154 个点
Inference ━━━━━━━━━━━━━━━━━━━━━━━━━━━━━━━━━━━━━━━━   
[WARN] [1775737566.288015, 137.023000]: [offline_bag_feeder] frame=76 tracking timeout (5.00s)
[INFO] [1775737561.330692, 135.213000]: 帧 74: 检测到 10 个目标
[INFO] [1775737566.295095, 137.025000]: 转换得到 118082 个点
Inference ━━━━━━━━━━━━━━━━━━━━━━━━━━━━━━━━━━━━━━━━   
[WARN] [1775737571.293263, 138.845000]: [offline_bag_feeder] frame=77 tracking timeout (5.00s)
[WARN] [1775737571.316208, 138.853000]: 等待与检测时间戳对齐的位姿超时，回退使用最新 FAST-LIO 位姿
[INFO] [1775737566.332705, 137.039000]: 帧 75: 检测到 10 个目标
[INFO] [1775737571.299609, 138.847000]: 转换得到 118141 个点
Inference ━━━━━━━━━━━━━━━━━━━━━━━━━━━━━━━━━━━━━━━━   
[WARN] [1775737576.300251, 140.671000]: [offline_bag_feeder] frame=78 tracking timeout (5.00s)
: 0.001568 ave total: 0.020057 icp: 0.012918 construct H: 0.000393 
[ mapping ]: time: IMU + Map + Input Downsample: 0.006131 ave match: 0.011410 ave solve: 0.001502  ave ICP: 0.015554  map incre: 0.003068 ave total: 0.020167 icp: 0.012977 construct H: 0.000394 
[ mapping ]: time: IMU + Map + Input Downsample: 0.004013 ave match: 0.011409 ave solve: 0.001494  ave ICP: 0.012640  map incre: 0.001411 ave total: 0.020119 icp: 0.012967 construct H: 0.000391 
[ mapping ]: time: IMU + Map + Input Downsample: 0.006117 ave match: 0.011433 ave solve: 0.001498  ave ICP: 0.014347  map incre: 0.002411 ave total: 0.020180 icp: 0.012996 construct H: 0.000392 
[ mapping ]: time: IMU + Map + Input Downsample: 0.005793 ave match: 0.011473 ave solve: 0.001504  ave ICP: 0.015254  map incre: 0.002244 ave total: 0.020248 icp: 0.013043 construct H: 0.000392 
[ mapping ]: time: IMU + Map + Input Downsample: 0.004034 ave match: 0.011416 ave solve: 0.001495  ave ICP: 0.009936  map incre: 0.001610 ave total: 0.020148 icp: 0.012975 construct H: 0.000390 
[ mapping ]: time: IMU + Map + Input Downsample: 0.006312 ave match: 0.011464 ave solve: 0.001500  ave ICP: 0.015667  map incre: 0.002976 ave total: 0.020249 icp: 0.013029 construct H: 0.000391 
[ mapping ]: time: IMU + Map + Input Downsample: 0.005199 ave match: 0.011476 ave solve: 0.001492  ave ICP: 0.013288  map incre: 0.001816 ave total: 0.020250 icp: 0.013033 construct H: 0.000389 
[ mapping ]: time: IMU + Map + Input Downsample: 0.006219 ave match: 0.011524 ave solve: 0.001497  ave ICP: 0.015824  map incre: 0.002861 ave total: 0.020343 icp: 0.013086 construct H: 0.000390 
[ mapping ]: time: IMU + Map + Input Downsample: 0.004310 ave match: 0.011536 ave solve: 0.001489  ave ICP: 0.013331  map incre: 0.001920 ave total: 0.020327 icp: 0.013090 construct H: 0.000388 
[ mapping ]: time: IMU + Map + Input Downsample: 0.006280 ave match: 0.011781 ave solve: 0.001492  ave ICP: 0.026164  map incre: 0.003084 ave total: 0.020620 icp: 0.013339 construct H: 0.000388 
[ mapping ]: time: IMU + Map + Input Downsample: 0.004230 ave match: 0.011819 ave solve: 0.001485  ave ICP: 0.015074  map incre: 0.002697 ave total: 0.020646 icp: 0.013369 construct H: 0.000386 
[ mapping ]: time: IMU + Map + Input Downsample: 0.004086 ave match: 0.011824 ave solve: 0.001476  ave ICP: 0.013181  map incre: 0.001891 ave total: 0.020618 icp: 0.013365 construct H: 0.000384 
[ mapping ]: time: IMU + Map + Input Downsample: 0.004530 ave match: 0.011794 ave solve: 0.001468  ave ICP: 0.011309  map incre: 0.001862 ave total: 0.020565 icp: 0.013326 construct H: 0.000382 
[ mapping ]: time: IMU + Map + Input Downsample: 0.004143 ave match: 0.011739 ave solve: 0.001460  ave ICP: 0.009822  map incre: 0.001854 ave total: 0.020480 icp: 0.013262 construct H: 0.000380 
[ mapping ]: time: IMU + Map + Input Downsample: 0.004176 ave match: 0.011687 ave solve: 0.001452  ave ICP: 0.009883  map incre: 0.001856 ave total: 0.020400 icp: 0.013201 construct H: 0.000378 
[ mapping ]: time: IMU + Map + Input Downsample: 0.006051 ave match: 0.011751 ave solve: 0.001454  ave ICP: 0.017175  map incre: 0.002783 ave total: 0.020497 icp: 0.013268 construct H: 0.000378 
[ mapping ]: time: IMU + Map + Input Downsample: 0.004231 ave match: 0.011729 ave solve: 0.001447  ave ICP: 0.011613  map incre: 0.002680 ave total: 0.020464 icp: 0.013239 construct H: 0.000376 
[ mapping ]: time: IMU + Map + Input Downsample: 0.006108 ave match: 0.011753 ave solve: 0.001448  ave ICP: 0.014843  map incre: 0.002243 ave total: 0.020509 icp: 0.013264 construct H: 0.000376 
[ mapping ]: time: IMU + Map + Input Downsample: 0.004302 ave match: 0.011701 ave solve: 0.001440  ave ICP: 0.009643  map incre: 0.001644 ave total: 0.020428 icp: 0.013203 construct H: 0.000374 
[ mapping ]: time: IMU + Map + Input Downsample: 0.004389 ave match: 0.011657 ave solve: 0.001433  ave ICP: 0.010120  map incre: 0.001741 ave total: 0.020361 icp: 0.013152 construct H: 0.000372 
[ mapping ]: time: IMU + Map + Input Downsample: 0.006112 ave match: 0.011699 ave solve: 0.001434  ave ICP: 0.016033  map incre:[INFO] [1775737571.334920, 138.859000]: 帧 76: 检测到 10 个目标
[INFO] [1775737576.308777, 140.673000]: 转换得到 118189 个点
Inference ━━━━━━━━━━━━━━━━━━━━━━━━━━━━━━━━━━━━━━━━   
[WARN] [1775737576.481949, 140.737000]: [joint_backend_ego] optimize slow: 99.3 ms (window=8)
[WARN] [1775737581.305501, 142.497000]: [offline_bag_feeder] frame=79 tracking timeout (5.00s)
[INFO] [1775737576.354733, 140.689000]: 帧 77: 检测到 10 个目标
[INFO] [1775737581.314567, 142.499000]: 转换得到 118133 个点
Inference ━━━━━━━━━━━━━━━━━━━━━━━━━━━━━━━━━━━━━━━━   
[WARN] [1775737586.311828, 144.321000]: [offline_bag_feeder] frame=80 tracking timeout (5.00s)
[WARN] [1775737586.344426, 144.331000]: 等待与检测时间戳对齐的位姿超时，回退使用最新 FAST-LIO 位姿
[INFO] [1775737581.358989, 142.515000]: 帧 78: 检测到 11 个目标
[INFO] [1775737586.322342, 144.323000]: 转换得到 118206 个点
Inference ━━━━━━━━━━━━━━━━━━━━━━━━━━━━━━━━━━━━━━━━   
[WARN] [1775737591.324437, 146.149000]: [offline_bag_feeder] frame=81 tracking timeout (5.00s)
[INFO] [1775737586.366295, 144.339000]: 帧 79: 检测到 11 个目标
[INFO] [1775737586.367134, 144.339000]: PointPillars计时汇总(20帧均值): 点云解析=2.1ms, 临时落盘=1.0ms, 模型推理=37.4ms, 结果提取=0.1ms, 清理临时文件=0.2ms, 相机坐标转换=1.1ms, 发布Detection3DArray=0.1ms, 发布MarkerArray=0.3ms, 发布KITTI串=0.1ms, 发布LiDAR串=0.0ms, 纯计算总耗时=43.5ms, 墙钟总耗时=43.5ms
[INFO] [1775737591.332400, 146.151000]: 转换得到 118006 个点
Inference ━━━━━━━━━━━━━━━━━━━━━━━━━━━━━━━━━━━━━━━━   
[WARN] [1775737596.333563, 147.975000]: [offline_bag_feeder] frame=82 tracking timeout (5.00s)
[INFO] [1775737591.375058, 146.165000]: 帧 80: 检测到 11 个目标
[INFO] [1775737596.342915, 147.977000]: 转换得到 117945 个点
Inference ━━━━━━━━━━━━━━━━━━━━━━━━━━━━━━━━━━━━━━━━   
[WARN] [1775737601.341032, 149.801000]: [offline_bag_feeder] frame=83 tracking timeout (5.00s)
[WARN] [1775737601.388231, 149.817000]: 等待与检测时间戳对齐的位姿超时，回退使用最新 FAST-LIO 位姿
[INFO] [1775737596.378248, 147.989000]: 帧 81: 检测到 10 个目标
[INFO] [1775737601.348837, 149.803000]: 转换得到 117894 个点
Inference ━━━━━━━━━━━━━━━━━━━━━━━━━━━━━━━━━━━━━━━━   
[WARN] [1775737606.347430, 151.625000]: [offline_bag_feeder] frame=84 tracking timeout (5.00s)
[INFO] [1775737601.391881, 149.819000]: 帧 82: 检测到 10 个目标
[INFO] [1775737606.355029, 151.627000]: 转换得到 117889 个点
Inference ━━━━━━━━━━━━━━━━━━━━━━━━━━━━━━━━━━━━━━━━   
[WARN] [1775737611.357322, 153.451000]: [offline_bag_feeder] frame=85 tracking timeout (5.00s)
[INFO] [1775737188.712251, 0.000000]: [offline_bag_feeder] bag_path=/home/xc/Projects/ME5400/Data_Tracking/rosbags/seq_0020_nodet.bag
[INFO] [1775737188.712690, 0.000000]: [offline_bag_feeder] lidar_topic=/kitti/velo/pointcloud det_topic=/detection/lidar_detections track_topic=/mctrack/tracked_objects
[INFO] [1775737188.713060, 0.000000]: [offline_bag_feeder] require_detection=True require_tracking=True eps=0.060
[INFO] [1775737188.713480, 0.000000]: [offline_bag_feeder] waiting 1.5s for downstream nodes...
[INFO] [1775737190.250641, 0.001000]: [offline_bag_feeder] frame=1 lidar stamp=0.001000
[INFO] [1775737195.270607, 1.827000]: [offline_bag_feeder] frame=2 lidar stamp=0.101000
[INFO] [1775737200.284994, 3.653000]: [offline_bag_feeder] frame=3 lidar stamp=0.201000
[INFO] [1775737205.293375, 5.481000]: [offline_bag_feeder] frame=4 lidar stamp=0.301000
[INFO] [1775737210.301049, 7.307000]: [offline_bag_feeder] frame=5 lidar stamp=0.401000
[INFO] [1775737215.310113, 9.133000]: [offline_bag_feeder] frame=6 lidar stamp=0.501000
[INFO] [1775737220.319169, 10.959000]: [offline_bag_feeder] frame=7 lidar stamp=0.601000
[INFO] [1775737225.327677, 12.783000]: [offline_bag_feeder] frame=8 lidar stamp=0.701000
[INFO] [1775737230.336641, 14.609000]: [offline_bag_feeder] frame=9 lidar stamp=0.801000
[INFO] [1775737235.342973, 16.435000]: [offline_bag_feeder] frame=10 lidar stamp=0.901000
[INFO] [1775737240.353258, 18.259000]: [offline_bag_feeder] frame=11 lidar stamp=1.001000
[INFO] [1775737245.361501, 20.083000]: [offline_bag_feeder] frame=12 lidar stamp=1.101000
[INFO] [1775737250.367229, 21.907000]: [offline_bag_feeder] frame=13 lidar stamp=1.201000
[INFO] [1775737255.373362, 23.731000]: [offline_bag_feeder] frame=14 lidar stamp=1.301000
[INFO] [1775737260.382445, 25.559000]: [offline_bag_feeder] frame=15 lidar stamp=1.401000
[INFO] [1775737265.387904, 27.385000]: [offline_bag_feeder] frame=16 lidar stamp=1.501000
[INFO] [1775737270.396813, 29.211000]: [offline_bag_feeder] frame=17 lidar stamp=1.601000
[INFO] [1775737270.762970, 29.343000]: [offline_bag_feeder] frame=18 lidar stamp=1.701000
[INFO] [1775737275.771044, 31.167000]: [offline_bag_feeder] frame=19 lidar stamp=1.801000
[INFO] [1775737280.776945, 32.993000]: [offline_bag_feeder] frame=20 lidar stamp=1.901000
[INFO] [1775737285.783767, 34.819000]: [offline_bag_feeder] frame=21 lidar stamp=2.001000
[INFO] [1775737290.794384, 36.645000]: [offline_bag_feeder] frame=22 lidar stamp=2.101000
[INFO] [1775737295.802612, 38.471000]: [offline_bag_feeder] frame=23 lidar stamp=2.201000
[INFO] [1775737300.812491, 40.297000]: [offline_bag_feeder] frame=24 lidar stamp=2.301000
[INFO] [1775737305.822600, 42.121000]: [offline_bag_feeder] frame=25 lidar stamp=2.401000
[INFO] [1775737310.830633, 43.945000]: [offline_bag_feeder] frame=26 lidar stamp=2.501000
[INFO] [1775737315.838505, 45.771000]: [offline_bag_feeder] frame=27 lidar stamp=2.601000
[INFO] [1775737320.845172, 47.599000]: [offline_bag_feeder] frame=28 lidar stamp=2.701000
[INFO] [1775737325.853062, 49.425000]: [offline_bag_feeder] frame=29 lidar stamp=2.801000
[INFO] [1775737330.863905, 51.249000]: [offline_bag_feeder] frame=30 lidar stamp=2.901000
[INFO] [1775737335.871133, 53.073000]: [offline_bag_feeder] frame=31 lidar stamp=3.001000
[INFO] [1775737340.881148, 54.899000]: [offline_bag_feeder] frame=32 lidar stamp=3.101000
[INFO] [1775737345.888365, 56.725000]: [offline_bag_feeder] frame=33 lidar stamp=3.201000
[INFO] [1775737350.893402, 58.549000]: [offline_bag_feeder] frame=34 lidar stamp=3.301000
[INFO] [1775737355.902648, 60.373000]: [offline_bag_feeder] frame=35 lidar stamp=3.401000
[INFO] [1775737360.912698, 62.199000]: [offline_bag_feeder] frame=36 lidar stamp=3.501000
[INFO] [1775737365.918904, 64.021000]: [offline_bag_feeder] frame=37 lidar stamp=3.601000
[INFO] [1775737370.926046, 65.845000]: [offline_bag_feeder] frame=38 lidar stamp=3.701000
[INFO] [1775737375.934362, 67.669000]: [offline_bag_feeder] frame=39 lidar stamp=3.801000
[INFO] [1775737380.945163, 69.493000]: [offline_bag_feeder] frame=40 lidar stamp=3.901000
[INFO] [1775737385.950236, 71.317000]: [offline_bag_feeder] frame=41 lidar stamp=4.001000
[INFO] [1775737390.958956, 73.141000]: [offline_bag_feeder] frame=42 lidar stamp=4.101000
[INFO] [1775737395.967549, 74.965000]: [offline_bag_feeder] frame=43 lidar stamp=4.201000
[INFO] [1775737400.976293, 76.789000]: [offline_bag_feeder] frame=44 lidar stamp=4.301000
[INFO] [1775737405.984284, 78.617000]: [offline_bag_feeder] frame=45 lidar stamp=4.401000
[INFO] [1775737410.994619, 80.441000]: [offline_bag_feeder] frame=46 lidar stamp=4.501000
[INFO] [1775737416.004153, 82.267000]: [offline_bag_feeder] frame=47 lidar stamp=4.601000
[INFO] [1775737421.015978, 84.095000]: [offline_bag_feeder] frame=48 lidar stamp=4.701000
[INFO] [1775737426.022134, 85.919000]: [offline_bag_feeder] frame=49 lidar stamp=4.801000
[INFO] [1775737431.033527, 87.745000]: [offline_bag_feeder] frame=50 lidar stamp=4.901000
[INFO] [1775737436.040802, 89.569000]: [offline_bag_feeder] frame=51 lidar stamp=5.001000
[INFO] [1775737441.052042, 91.397000]: [offline_bag_feeder] frame=52 lidar stamp=5.101000
[INFO] [1775737446.061201, 93.223000]: [offline_bag_feeder] frame=53 lidar stamp=5.201000
[INFO] [1775737451.069031, 95.049000]: [offline_bag_feeder] frame=54 lidar stamp=5.301000
[INFO] [1775737456.079326, 96.875000]: [offline_bag_feeder] frame=55 lidar stamp=5.401000
[INFO] [1775737461.092751, 98.701000]: [offline_bag_feeder] frame=56 lidar stamp=5.501000
[INFO] [1775737466.104547, 100.527000]: [offline_bag_feeder] frame=57 lidar stamp=5.601000
[INFO] [1775737471.114903, 102.353000]: [offline_bag_feeder] frame=58 lidar stamp=5.701000
[INFO] [1775737476.124378, 104.177000]: [offline_bag_feeder] frame=59 lidar stamp=5.801000
[INFO] [1775737481.132236, 106.003000]: [offline_bag_feeder] frame=60 lidar stamp=5.901000
[INFO] [1775737486.141052, 107.829000]: [offline_bag_feeder] frame=61 lidar stamp=6.001000
[INFO] [1775737491.153072, 109.653000]: [offline_bag_feeder] frame=62 lidar stamp=6.101000
[INFO] [1775737496.160090, 111.477000]: [offline_bag_feeder] frame=63 lidar stamp=6.201000
[INFO] [1775737501.169948, 113.299000]: [offline_bag_feeder] frame=64 lidar stamp=6.301000
[INFO] [1775737506.179508, 115.123000]: [offline_bag_feeder] frame=65 lidar stamp=6.401000
[INFO] [1775737511.190274, 116.945000]: [offline_bag_feeder] frame=66 lidar stamp=6.501000
[INFO] [1775737516.201514, 118.771000]: [offline_bag_feeder] frame=67 lidar stamp=6.601000
[INFO] [1775737521.213933, 120.597000]: [offline_bag_feeder] frame=68 lidar stamp=6.701000
[INFO] [1775737526.224387, 122.421000]: [offline_bag_feeder] frame=69 lidar stamp=6.801000
[INFO] [1775737531.234201, 124.245000]: [offline_bag_feeder] frame=70 lidar stamp=6.901000
[INFO] [1775737536.243358, 126.069000]: [offline_bag_feeder] frame=71 lidar stamp=7.001000
[INFO] [1775737541.251426, 127.895000]: [offline_bag_feeder] frame=72 lidar stamp=7.101000
[INFO] [1775737546.259156, 129.721000]: [offline_bag_feeder] frame=73 lidar stamp=7.201000
[INFO] [1775737551.266228, 131.547000]: [offline_bag_feeder] frame=74 lidar stamp=7.301000
[INFO] [1775737556.275994, 133.373000]: [offline_bag_feeder] frame=75 lidar stamp=7.401000
[INFO] [1775737561.285625, 135.197000]: [offline_bag_feeder] frame=76 lidar stamp=7.501000
[INFO] [1775737566.292382, 137.023000]: [offline_bag_feeder] frame=77 lidar stamp=7.601000
[INFO] [1775737571.296995, 138.845000]: [offline_bag_feeder] frame=78 lidar stamp=7.701000
[INFO] [1775737576.303570, 140.671000]: [offline_bag_feeder] frame=79 lidar stamp=7.801000
[INFO] [1775737581.310356, 142.497000]: [offline_bag_feeder] frame=80 lidar stamp=7.901000
[INFO] [1775737586.318229, 144.321000]: [offline_bag_feeder] frame=81 lidar stamp=8.001000
[INFO] [1775737591.329062, 146.149000]: [offline_bag_feeder] frame=82 lidar stamp=8.101000
[INFO] [1775737596.339070, 147.975000]: [offline_bag_feeder] frame=83 lidar stamp=8.201000
[INFO] [1775737601.345652, 149.801000]: [offline_bag_feeder] frame=84 lidar stamp=8.301000
[INFO] [1775737606.351296, 151.625000]: [offline_bag_feeder] frame=85 lidar stamp=8.401000
[INFO] [1775737611.364654, 153.451000]: [offline_bag_feeder] frame=86 lidar stamp=8.501000
[INFO] [1775737606.398727, 151.643000]: 帧 83: 检测到 10 个目标
[INFO] [1775737611.368566, 153.453000]: 转换得到 117868 个点
Inference ━━━━━━━━━━━━━━━━━━━━━━━━━━━━━━━━━━━━━━━━   
[WARN] [1775737616.367698, 155.277000]: [offline_bag_feeder] frame=86 tracking timeout (5.00s)
[WARN] [1775737616.401037, 155.287000]: 等待与检测时间戳对齐的位姿超时，回退使用最新 FAST-LIO 位姿
[INFO] [1775737611.412451, 153.469000]: 帧 84: 检测到 10 个目标
[INFO] [1775737616.377901, 155.279000]: 转换得到 117949 个点
Inference ━━━━━━━━━━━━━━━━━━━━━━━━━━━━━━━━━━━━━━━━   
[WARN] [1775737621.375917, 157.101000]: [offline_bag_feeder] frame=87 tracking timeout (5.00s)
[INFO] [1775737616.416012, 155.293000]: 帧 85: 检测到 10 个目标
[INFO] [1775737621.384666, 157.103000]: 转换得到 118077 个点
Inference ━━━━━━━━━━━━━━━━━━━━━━━━━━━━━━━━━━━━━━━━   
[WARN] [1775737626.383992, 158.929000]: [offline_bag_feeder] frame=88 tracking timeout (5.00s)
[INFO] [1775737621.423018, 157.117000]: 帧 86: 检测到 10 个目标
[INFO] [1775737626.391946, 158.931000]: 转换得到 118128 个点
Inference ━━━━━━━━━━━━━━━━━━━━━━━━━━━━━━━━━━━━━━━━   
[WARN] [1775737631.392920, 160.765000]: [offline_bag_feeder] frame=89 tracking timeout (5.00s)
[WARN] [1775737631.424771, 160.775000]: 等待与检测时间戳对齐的位姿超时，回退使用最新 FAST-LIO 位姿
[INFO] [1775737626.433961, 158.947000]: 帧 87: 检测到 9 个目标
[INFO] [1775737631.401311, 160.767000]: 转换得到 118257 个点
Inference ━━━━━━━━━━━━━━━━━━━━━━━━━━━━━━━━━━━━━━━━   
[WARN] [1775737636.402143, 162.591000]: [offline_bag_feeder] frame=90 tracking timeout (5.00s)
[INFO] [1775737631.441419, 160.781000]: 帧 88: 检测到 10 个目标
[INFO] [1775737636.409893, 162.593000]: 转换得到 118228 个点
Inference ━━━━━━━━━━━━━━━━━━━━━━━━━━━━━━━━━━━━━━━━   
[WARN] [1775737641.408297, 164.415000]: [offline_bag_feeder] frame=91 tracking timeout (5.00s)
[INFO] [1775737636.447153, 162.607000]: 帧 89: 检测到 10 个目标
[INFO] [1775737641.419767, 164.417000]: 转换得到 118402 个点
Inference ━━━━━━━━━━━━━━━━━━━━━━━━━━━━━━━━━━━━━━━━   
[WARN] [1775737646.418429, 166.241000]: [offline_bag_feeder] frame=92 tracking timeout (5.00s)
[WARN] [1775737646.446210, 166.249000]: 等待与检测时间戳对齐的位姿超时，回退使用最新 FAST-LIO 位姿
[INFO] [1775737641.466295, 164.433000]: 帧 90: 检测到 9 个目标
[INFO] [1775737646.427083, 166.243000]: 转换得到 118478 个点
Inference ━━━━━━━━━━━━━━━━━━━━━━━━━━━━━━━━━━━━━━━━   
[WARN] [1775737651.426910, 168.069000]: [offline_bag_feeder] frame=93 tracking timeout (5.00s)
[INFO] [1775737646.466099, 166.257000]: 帧 91: 检测到 11 个目标
[INFO] [1775737651.434773, 168.071000]: 转换得到 118694 个点
Inference ━━━━━━━━━━━━━━━━━━━━━━━━━━━━━━━━━━━━━━━━   
[WARN] [1775737656.432988, 169.899000]: [offline_bag_feeder] frame=94 tracking timeout (5.00s)
[INFO] [1775737651.468286, 168.083000]: 帧 92: 检测到 9 个目标
[INFO] [1775737656.439792, 169.901000]: 转换得到 118597 个点
Inference ━━━━━━━━━━━━━━━━━━━━━━━━━━━━━━━━━━━━━━━━   
[WARN] [1775737661.443415, 171.725000]: [offline_bag_feeder] frame=95 tracking timeout (5.00s)
[WARN] [1775737661.478950, 171.737000]: 等待与检测时间戳对齐的位姿超时，回退使用最新 FAST-LIO 位姿
[INFO] [1775737656.474986, 169.913000]: 帧 93: 检测到 10 个目标
[INFO] [1775737661.452937, 171.727000]: 转换得到 118649 个点
Inference ━━━━━━━━━━━━━━━━━━━━━━━━━━━━━━━━━━━━━━━━   
[WARN] [1775737666.452179, 173.553000]: [offline_bag_feeder] frame=96 tracking timeout (5.00s)
[INFO] [1775737661.496696, 171.743000]: 帧 94: 检测到 9 个目标
[INFO] [1775737666.458948, 173.555000]: 转换得到 118404 个点
Inference ━━━━━━━━━━━━━━━━━━━━━━━━━━━━━━━━━━━━━━━━   
[WARN] [1775737671.460623, 175.379000]: [offline_bag_feeder] frame=97 tracking timeout (5.00s)
[INFO] [1775737666.497616, 173.569000]: 帧 95: 检测到 11 个目标
[INFO] [1775737671.469249, 175.381000]: 转换得到 118323 个点
Inference ━━━━━━━━━━━━━━━━━━━━━━━━━━━━━━━━━━━━━━━━   
[WARN] [1775737676.470362, 177.213000]: [offline_bag_feeder] frame=98 tracking timeout (5.00s)
[WARN] [1775737676.495000, 177.221000]: 等待与检测时间戳对齐的位姿超时，回退使用最新 FAST-LIO 位姿
[INFO] [1775737671.501700, 175.393000]: 帧 96: 检测到 10 个目标
[INFO] [1775737676.475945, 177.215000]: 转换得到 118000 个点
Inference ━━━━━━━━━━━━━━━━━━━━━━━━━━━━━━━━━━━━━━━━   
[WARN] [1775737681.474587, 179.037000]: [offline_bag_feeder] frame=99 tracking timeout (5.00s)
 0.002633 ave total: 0.020431 icp: 0.013196 construct H: 0.000372 
[ mapping ]: time: IMU + Map + Input Downsample: 0.004054 ave match: 0.011725 ave solve: 0.001429  ave ICP: 0.014512  map incre: 0.001775 ave total: 0.020430 icp: 0.013216 construct H: 0.000370 
[ mapping ]: time: IMU + Map + Input Downsample: 0.004501 ave match: 0.011746 ave solve: 0.001422  ave ICP: 0.014192  map incre: 0.001872 ave total: 0.020432 icp: 0.013230 construct H: 0.000369 
[ mapping ]: time: IMU + Map + Input Downsample: 0.004214 ave match: 0.011768 ave solve: 0.001414  ave ICP: 0.014233  map incre: 0.001559 ave total: 0.020425 icp: 0.013244 construct H: 0.000367 
[ mapping ]: time: IMU + Map + Input Downsample: 0.004036 ave match: 0.011777 ave solve: 0.001407  ave ICP: 0.013427  map incre: 0.001841 ave total: 0.020409 icp: 0.013245 construct H: 0.000365 
[ mapping ]: time: IMU + Map + Input Downsample: 0.006040 ave match: 0.011968 ave solve: 0.001407  ave ICP: 0.026326  map incre: 0.002569 ave total: 0.020622 icp: 0.013436 construct H: 0.000364 
[ mapping ]: time: IMU + Map + Input Downsample: 0.004278 ave match: 0.011971 ave solve: 0.001399  ave ICP: 0.013120  map incre: 0.001630 ave total: 0.020599 icp: 0.013430 construct H: 0.000362 
[ mapping ]: time: IMU + Map + Input Downsample: 0.004313 ave match: 0.011990 ave solve: 0.001391  ave ICP: 0.014320  map incre: 0.001787 ave total: 0.020597 icp: 0.013442 construct H: 0.000360 
[ mapping ]: time: IMU + Map + Input Downsample: 0.004063 ave match: 0.011992 ave solve: 0.001384  ave ICP: 0.013097  map incre: 0.001836 ave total: 0.020574 icp: 0.013436 construct H: 0.000358 
[ mapping ]: time: IMU + Map + Input Downsample: 0.004038 ave match: 0.012001 ave solve: 0.001376  ave ICP: 0.013610  map incre: 0.001884 ave total: 0.020560 icp: 0.013437 construct H: 0.000356 
[ mapping ]: time: IMU + Map + Input Downsample: 0.004221 ave match: 0.011998 ave solve: 0.001369  ave ICP: 0.012697  map incre: 0.001776 ave total: 0.020534 icp: 0.013426 construct H: 0.000354 
[ mapping ]: time: IMU + Map + Input Downsample: 0.004219 ave match: 0.012010 ave solve: 0.001362  ave ICP: 0.013916  map incre: 0.001952 ave total: 0.020528 icp: 0.013431 construct H: 0.000353 
[ mapping ]: time: IMU + Map + Input Downsample: 0.004045 ave match: 0.012012 ave solve: 0.001355  ave ICP: 0.013023  map incre: 0.001652 ave total: 0.020504 icp: 0.013425 construct H: 0.000351 
[ mapping ]: time: IMU + Map + Input Downsample: 0.006543 ave match: 0.012050 ave solve: 0.001355  ave ICP: 0.016473  map incre: 0.002706 ave total: 0.020573 icp: 0.013463 construct H: 0.000350 
[ mapping ]: time: IMU + Map + Input Downsample: 0.004112 ave match: 0.012051 ave solve: 0.001348  ave ICP: 0.013029  map incre: 0.001713 ave total: 0.020550 icp: 0.013457 construct H: 0.000349 
[ mapping ]: time: IMU + Map + Input Downsample: 0.004700 ave match: 0.012038 ave solve: 0.001341  ave ICP: 0.011944  map incre: 0.001450 ave total: 0.020519 icp: 0.013436 construct H: 0.000347 
[ mapping ]: time: IMU + Map + Input Downsample: 0.005452 ave match: 0.012032 ave solve: 0.001334  ave ICP: 0.012442  map incre: 0.001467 ave total: 0.020504 icp: 0.013423 construct H: 0.000345 
[ mapping ]: time: IMU + Map + Input Downsample: 0.006124 ave match: 0.012054 ave solve: 0.001332  ave ICP: 0.015205  map incre: 0.002669 ave total: 0.020548 icp: 0.013444 construct H: 0.000344 
[ mapping ]: time: IMU + Map + Input Downsample: 0.004003 ave match: 0.012044 ave solve: 0.001326  ave ICP: 0.012162  map incre: 0.001659 ave total: 0.020514 icp: 0.013427 construct H: 0.000343 
[ mapping ]: time: IMU + Map + Input Downsample: 0.004338 ave match: 0.012052 ave solve: 0.001320  ave ICP: 0.013650  map incre: 0.001700 ave total: 0.020504 icp: 0.013429 construct H: 0.000341 
[ mapping ]: time: IMU + Map + Input Downsample: 0.004231 ave match: 0.012053 ave solve: 0.001314  ave ICP: 0.013091  map incre: 0.001586 ave total: 0.020485 icp: 0.013424 construct H: 0.000339 
[ mapping ]: time: IMU + Map + Input Downsample: 0.004066 ave match: 0.012055 ave solve: 0.001307  ave ICP: 0.013063  map incre: [INFO] [1775737676.507568, 177.225000]: 帧 97: 检测到 12 个目标
[INFO] [1775737681.482300, 179.039000]: 转换得到 117657 个点
Inference ━━━━━━━━━━━━━━━━━━━━━━━━━━━━━━━━━━━━━━━━   
[WARN] [1775737686.480564, 180.859000]: [offline_bag_feeder] frame=100 tracking timeout (5.00s)
[INFO] [1775737681.516341, 179.051000]: 帧 98: 检测到 11 个目标
[INFO] [1775737686.489209, 180.861000]: 转换得到 117329 个点
Inference ━━━━━━━━━━━━━━━━━━━━━━━━━━━━━━━━━━━━━━━━   
[WARN] [1775737691.487920, 182.683000]: [offline_bag_feeder] frame=101 tracking timeout (5.00s)
[WARN] [1775737691.515762, 182.693000]: 等待与检测时间戳对齐的位姿超时，回退使用最新 FAST-LIO 位姿
[INFO] [1775737686.529794, 180.875000]: 帧 99: 检测到 12 个目标
[INFO] [1775737686.530630, 180.875000]: PointPillars计时汇总(20帧均值): 点云解析=2.0ms, 临时落盘=0.9ms, 模型推理=35.3ms, 结果提取=0.1ms, 清理临时文件=0.2ms, 相机坐标转换=1.0ms, 发布Detection3DArray=0.1ms, 发布MarkerArray=0.3ms, 发布KITTI串=0.1ms, 发布LiDAR串=0.0ms, 纯计算总耗时=41.0ms, 墙钟总耗时=41.0ms
[INFO] [1775737691.495852, 182.685000]: 转换得到 116827 个点
Inference ━━━━━━━━━━━━━━━━━━━━━━━━━━━━━━━━━━━━━━━━   
[WARN] [1775737696.497087, 184.509000]: [offline_bag_feeder] frame=102 tracking timeout (5.00s)
[INFO] [1775737691.529808, 182.697000]: 帧 100: 检测到 11 个目标
[INFO] [1775737696.506509, 184.511000]: 转换得到 116582 个点
Inference ━━━━━━━━━━━━━━━━━━━━━━━━━━━━━━━━━━━━━━━━   
[WARN] [1775737701.507855, 186.335000]: [offline_bag_feeder] frame=103 tracking timeout (5.00s)
[INFO] [1775737696.546272, 184.525000]: 帧 101: 检测到 11 个目标
[INFO] [1775737701.514617, 186.337000]: 转换得到 116248 个点
Inference ━━━━━━━━━━━━━━━━━━━━━━━━━━━━━━━━━━━━━━━━   
[WARN] [1775737706.513420, 188.161000]: [offline_bag_feeder] frame=104 tracking timeout (5.00s)
[WARN] [1775737706.547881, 188.173000]: 等待与检测时间戳对齐的位姿超时，回退使用最新 FAST-LIO 位姿
[INFO] [1775737701.548590, 186.349000]: 帧 102: 检测到 9 个目标
[INFO] [1775737706.522127, 188.163000]: 转换得到 116257 个点
Inference ━━━━━━━━━━━━━━━━━━━━━━━━━━━━━━━━━━━━━━━━   
[WARN] [1775737706.731543, 188.239000]: [joint_backend_ego] optimize slow: 106.5 ms (window=8)
[INFO] 本次运行的所有输出将实时保存至: /home/xc/Projects/ME5400/Results/0020_results/full_run_offline.log
[INFO] 数据集序列号: 0020
[INFO] 离线 bag: /home/xc/Projects/ME5400/Data_Tracking/rosbags/seq_0020_nodet.bag
[INFO] FAST-LIO 地图保存: false
[INFO] 运行模式: joint
[INFO] 严格等待 tracking: false
[步骤 0] 正在清理残留环境...
[cleanup_ros_runtime.sh] 正在清理残留 ROS 运行时进程...
[cleanup_ros_runtime.sh] 已清理 ROS master 中的失联节点注册。
[步骤 1] 检测到 roscore 已在运行，将复用现有环境...
[步骤 2] 正在构建/验证 catkin 工作空间...
[  0%] Built target geometry_msgs_generate_messages_cpp
[  0%] Built target roscpp_generate_messages_py
[  0%] Built target std_msgs_generate_messages_py
[  0%] Built target std_msgs_generate_messages_lisp
[  0%] Built target geometry_msgs_generate_messages_eus
[  0%] Built target sensor_msgs_generate_messages_py
[  0%] Built target std_msgs_generate_messages_nodejs
[  0%] Built target roscpp_generate_messages_cpp
[  0%] Built target geometry_msgs_generate_messages_py
[  0%] Built target geometry_msgs_generate_messages_lisp
[  0%] Built target std_msgs_generate_messages_eus
[  0%] Built target std_msgs_generate_messages_cpp
[  0%] Built target geometry_msgs_generate_messages_nodejs
[  0%] Built target roscpp_generate_messages_eus
[  0%] Built target roscpp_generate_messages_nodejs
[  0%] Built target rosgraph_msgs_generate_messages_eus
[  0%] Built target actionlib_msgs_generate_messages_py
[  0%] Built target rosgraph_msgs_generate_messages_nodejs
[  0%] Built target rosgraph_msgs_generate_messages_lisp
[  0%] Built target actionlib_generate_messages_cpp
[  0%] Built target sensor_msgs_generate_messages_cpp
[  0%] Built target actionlib_generate_messages_py
[  0%] Built target actionlib_msgs_generate_messages_nodejs
[  0%] Built target tf2_msgs_generate_messages_cpp
[  0%] Built target tf2_msgs_generate_messages_py
[  0%] Built target roscpp_generate_messages_lisp
[  0%] Built target actionlib_msgs_generate_messages_eus
[  0%] Built target rosgraph_msgs_generate_messages_cpp
[  0%] Built target actionlib_msgs_generate_messages_cpp
[  0%] Built target sensor_msgs_generate_messages_eus
[  0%] Built target actionlib_generate_messages_nodejs
[  0%] Built target tf2_msgs_generate_messages_eus
[  0%] Built target sensor_msgs_generate_messages_lisp
[  0%] Built target actionlib_msgs_generate_messages_lisp
[  0%] Built target _ME5400_generate_messages_check_deps_Detection3D
[  0%] Built target _ME5400_generate_messages_check_deps_Detection3DArray
[  0%] Built target _ME5400_generate_messages_check_deps_TrackedObject
[  0%] Built target actionlib_generate_messages_lisp
[  0%] Built target _tf_generate_messages_check_deps_FrameGraph
[  0%] Built target tf2_msgs_generate_messages_nodejs
[  0%] Built target rosgraph_msgs_generate_messages_py
[  0%] Built target sensor_msgs_generate_messages_nodejs
[  0%] Built target _ME5400_generate_messages_check_deps_TrackedObjectArray
[  0%] Built target _tf_generate_messages_check_deps_tfMessage
[  2%] Built target kdl_conversions
[  7%] Built target eigen_conversions
[  7%] Built target tf2_msgs_generate_messages_lisp
[  7%] Built target actionlib_generate_messages_eus
[ 17%] Built target ME5400_generate_messages_nodejs
[ 18%] Built target ME5400_generate_messages_cpp
[ 24%] Built target ME5400_generate_messages_lisp
[ 27%] Built target tf_generate_messages_nodejs
[ 31%] Built target tf_generate_messages_eus
[ 39%] Built target ME5400_generate_messages_eus
[ 42%] Built target tf_generate_messages_cpp
[ 47%] Built target tf_generate_messages_py
[ 50%] Built target tf_generate_messages_lisp
[ 50%] Built target _fast_lio_generate_messages_check_deps_Pose6D
[ 57%] Built target ME5400_generate_messages_py
[ 65%] Built target tf_generate_messages
[ 65%] Built target fast_lio_generate_messages_nodejs
[ 65%] Built target fast_lio_generate_messages_cpp
[ 65%] Built target fast_lio_generate_messages_eus
[ 66%] Built target fast_lio_generate_messages_py
[ 68%] Built target fast_lio_generate_messages_lisp
[ 68%] Built target ME5400_generate_messages
[ 75%] Built target tf
[ 75%] Built target fast_lio_generate_messages
[ 84%] Built target tf_monitor
[ 84%] Built target tf_change_notifier
[ 84%] Built target static_transform_publisher
[ 86%] Built target tf_empty_listener
[ 89%] Built target tf_echo
[ 94%] Built target tf_conversions
[100%] Built target fastlio_mapping
WARNING: Package name "ME5400" does not follow the naming conventions. It should start with a lower case letter and only contain lower case letters, digits, underscores, and dashes.
Base path: /home/xc/Projects/ME5400/catkin_ws
Source space: /home/xc/Projects/ME5400/catkin_ws/src
Build space: /home/xc/Projects/ME5400/catkin_ws/build
Devel space: /home/xc/Projects/ME5400/catkin_ws/devel
Install space: /home/xc/Projects/ME5400/catkin_ws/install
####
#### Running command: "make cmake_check_build_system" in "/home/xc/Projects/ME5400/catkin_ws/build"
####
####
#### Running command: "make -j28 -l28" in "/home/xc/Projects/ME5400/catkin_ws/build"
####
[步骤 3] Headless 模式：跳过 RViz 可视化与真实轨迹发布...

=========================================================
   [离线阶段 C] JointOffline
=========================================================
[C-1] 启动 PointPillars 节点...
启动KITTI PointPillars Bag ROS节点...
激活ME5400环境...
启动KITTI PointPillars Bag节点...
/home/xc/miniconda3/envs/ME5400/lib/python3.10/site-packages/mmdet3d/models/dense_heads/anchor3d_head.py:94: UserWarning: dir_offset and dir_limit_offset will be depressed and be incorporated into box coder in the future
  warnings.warn(
[INFO] [1775739042.203228, 0.000000]: 加载标定文件成功: /home/xc/Projects/ME5400/Data_Tracking/training/calib/0020.txt
[INFO] [1775739042.203601, 0.000000]: 正在初始化PointPillars推理器...
Loads checkpoint by local backend from path: /home/xc/Projects/ME5400/MMDET3D/checkpoints/pointpillars_hv_secfpn_6x8_160e_kitti-3d-3class.pth
04/09 20:50:42 - mmengine - WARNING - Failed to search registry with scope "mmdet3d" in the "function" registry tree. As a workaround, the current "function" registry in "mmengine" is used to build instance. This may cause unexpected failure when running the built modules. Please check whether "mmdet3d" is a correct scope, or whether the registry is initialized.
/home/xc/miniconda3/envs/ME5400/lib/python3.10/site-packages/mmengine/visualization/visualizer.py:196: UserWarning: Failed to add <class 'mmengine.visualization.vis_backend.LocalVisBackend'>, please provide the `save_dir` argument.
  warnings.warn(f'Failed to add {vis_backend.__class__}, '
[C-2] 启动 MCTrack 在线节点...
[信息] 启动MCTrack在线跟踪节点
[信息] 订阅话题: /detection/lidar_detections (Detection3DArray, 带时间戳)
[信息]           /mctrack/lidar_pose (FAST-LIO 位姿)
[C-3] 启动 FAST-LIO (both, use_dynamic_weights=true)...
WARNING: Package name "ME5400" does not follow the naming conventions. It should start with a lower case letter and only contain lower case letters, digits, underscores, and dashes.
/opt/ros/noetic/lib/python3/dist-packages/actionlib/goal_id_generator.py:44: SyntaxWarning: invalid escape sequence '\p'
  """
/opt/ros/noetic/lib/python3/dist-packages/actionlib/goal_id_generator.py:55: SyntaxWarning: invalid escape sequence '\p'
  """
Multi thread started 
p_pre->lidar_type 2
~~~~/home/xc/Projects/ME5400/catkin_ws/src/fast_lio/ file opened
[FAST-LIO] Trajectory file opened at: /home/xc/Projects/ME5400/Results/trajectory.txt
[C-4] 启动联合后端...
[信息] 加载参数: /home/xc/Projects/ME5400/catkin_ws/src/ME5400/config/joint_backend_ego.yaml
[信息] 启动 joint_backend_ego_node
[信息] 输入: /Odometry + /mctrack/tracked_objects
[信息] 输出: /joint_backend/odom
[C-5] 录制 /joint_backend/odom -> trajectory_joint.txt ...
[WARN] [1775739065.954903, 0.000000]: [odom_to_tum] overwrite existing file: /home/xc/Projects/ME5400/Results/0020_results/trajectory_joint.txt
[C-6] 启动离线 feeder (快跑模式：等待 detection，不阻塞 tracking)...
[信息] 启动 offline_bag_feeder (require_detection=true require_tracking=false tolerance=default timeout_det=default timeout_track=default)
[C-7] 等待离线联合阶段完成...
/opt/ros/noetic/lib/python3/dist-packages/rosbag/bag.py:1568: SyntaxWarning: invalid escape sequence '\d'
  matches = re.match("#ROS(.*) V(\d).(\d)", version_line)
[WARN] [1775739073.700710, 1.469000]: [offline_bag_feeder] frame=1 detection timeout (4.00s)
/home/xc/miniconda3/envs/ME5400/lib/python3.10/site-packages/torch/functional.py:505: UserWarning: torch.meshgrid: in an upcoming release, it will be required to pass the indexing argument. (Triggered internally at /pytorch/aten/src/ATen/native/TensorShape.cpp:4333.)
  return _VF.meshgrid(tensors, **kwargs)  # type: ignore[attr-defined]
[INFO] [1775739042.903723, 0.000000]: 推理器初始化成功
[INFO] [1775739042.906148, 0.000000]: KITTI PointPillars Bag ROS节点初始化完成
[INFO] [1775739042.906435, 0.000000]: 配置文件: /home/xc/Projects/ME5400/MMDET3D/configs/pointpillars/pointpillars_hv_secfpn_8xb6-160e_kitti-3d-3class.py
[INFO] [1775739042.906708, 0.000000]: 检查点: /home/xc/Projects/ME5400/MMDET3D/checkpoints/pointpillars_hv_secfpn_6x8_160e_kitti-3d-3class.pth
[INFO] [1775739042.906960, 0.000000]: Bag文件: /home/xc/Projects/ME5400/MMDET3D/data/kitti/seq_0019_with_det.bag
[INFO] [1775739042.907204, 0.000000]: 数据集路径: /home/xc/Projects/ME5400/Data_Tracking/training / 序列: 0020
[INFO] [1775739042.907459, 0.000000]: 订阅话题: /kitti/velo/pointcloud
[INFO] [1775739042.907711, 0.000000]: 发布频率: 10.0 Hz
[INFO] [1775739042.907967, 0.000000]: 模型类别: ['Pedestrian', 'Cyclist', 'Car']
[INFO] [1775739042.908205, 0.000000]: 类别过滤: 未启用
[INFO] [1775739042.908439, 0.000000]: 转发原始点云/IMU: False
[INFO] [1775739042.908668, 0.000000]: 等待点云数据...
[INFO] [1775739073.716073, 1.471000]: 转换得到 116129 个点
Inference ━━━━━━━━━━━━━━━━━━━━━━━━━━━━━━━━━━━━━━━━   
[WARN] [1775739073.989276, 1.571000]: 尚未收到 FAST-LIO 位姿，暂时缓存检测结果
[WARN] [1775739073.989753, 1.571000]: 慢帧 0: 纯计算耗时 274.5ms，分段=inferencer_call=269.8ms, pointcloud_to_numpy=1.5ms, camera_projection=0.9ms, write_temp_bin=0.7ms, publish_markers=0.3ms, remove_temp_bin=0.2ms, publish_lidar_detections=0.1ms, extract_detections=0.1ms, publish_kitti_tracking=0.1ms, publish_lidar_tracking=0.0ms
[INFO] [1775739073.988895, 1.571000]: 帧 0: 检测到 10 个目标
[INFO] [1775739074.003235, 1.573000]: 转换得到 116144 个点
Inference ━━━━━━━━━━━━━━━━━━━━━━━━━━━━━━━━━━━━━━━━   
[INFO] [1775739074.032579, 1.583000]: 帧 1: 检测到 11 个目标
[INFO] [1775739074.276841, 1.671000]: 转换得到 115922 个点
Inference ━━━━━━━━━━━━━━━━━━━━━━━━━━━━━━━━━━━━━━━━   
[INFO] [1775739074.303648, 1.681000]: 帧 2: 检测到 12 个目标
[INFO] [1775739074.318077, 1.685000]: 转换得到 115836 个点
Inference ━━━━━━━━━━━━━━━━━━━━━━━━━━━━━━━━━━━━━━━━   
[33m[WARN] [1775739074.356864066, 1.697000000]: No point, skip this scan!
[0m
[INFO] [1775739074.343196, 1.693000]: 帧 3: 检测到 12 个目标
[INFO] [1775739074.582867, 1.781000]: 转换得到 115710 个点
Inference ━━━━━━━━━━━━━━━━━━━━━━━━━━━━━━━━━━━━━━━━   
[33m[WARN] [1775739074.622315826, 1.793000000]: No point, skip this scan!
[0m
[INFO] [1775739074.608802, 1.791000]: 帧 4: 检测到 11 个目标
[INFO] [1775739074.625382, 1.795000]: 转换得到 115667 个点
Inference ━━━━━━━━━━━━━━━━━━━━━━━━━━━━━━━━━━━━━━━━   
[33m[WARN] [1775739074.661199934, 1.807000000]: No point, skip this scan!
[0m
[INFO] [1775739074.654578, 1.805000]: 帧 5: 检测到 11 个目标
[INFO] [1775739074.890199, 1.891000]: 转换得到 115596 个点
Inference ━━━━━━━━━━━━━━━━━━━━━━━━━━━━━━━━━━━━━━━━   
[33m[WARN] [1775739074.928708486, 1.903000000]: No point, skip this scan!
[0m
[INFO] [1775739074.916824, 1.901000]: 帧 6: 检测到 11 个目标
[INFO] [1775739074.933126, 1.905000]: 转换得到 115615 个点
Inference ━━━━━━━━━━━━━━━━━━━━━━━━━━━━━━━━━━━━━━━━   
[33m[WARN] [1775739074.979020471, 1.921000000]: No point, skip this scan!
[0m
[INFO] [1775739074.962827, 1.915000]: 帧 7: 检测到 11 个目标
[INFO] [1775739075.196942, 2.001000]: 转换得到 115439 个点
Inference ━━━━━━━━━━━━━━━━━━━━━━━━━━━━━━━━━━━━━━━━   
[33m[WARN] [1775739075.241211497, 2.015000000]: No point, skip this scan!
[0m
[INFO] [1775739075.225525, 2.011000]: 帧 8: 检测到 11 个目标
[INFO] [1775739075.254174, 2.019000]: 转换得到 115372 个点
Inference ━━━━━━━━━━━━━━━━━━━━━━━━━━━━━━━━━━━━━━━━   
[33m[WARN] [1775739075.300182513, 2.034999999]: No point, skip this scan!
[0m
[INFO] [1775739075.288064, 2.031000]: 帧 9: 检测到 10 个目标
[INFO] [1775739075.516217, 2.113000]: 转换得到 115229 个点
Inference ━━━━━━━━━━━━━━━━━━━━━━━━━━━━━━━━━━━━━━━━   
[33m[WARN] [1775739075.562882076, 2.128999999]: No point, skip this scan!
[0m
[INFO] [1775739075.545422, 2.125000]: 帧 10: 检测到 11 个目标
[INFO] [1775739075.570247, 2.131000]: 转换得到 114978 个点
Inference ━━━━━━━━━━━━━━━━━━━━━━━━━━━━━━━━━━━━━━━━   
[33m[WARN] [1775739075.615536720, 2.146999999]: No point, skip this scan!
[0m
[INFO] [1775739075.601646, 2.143000]: 帧 11: 检测到 10 个目标
[INFO] [1775739075.828229, 2.225000]: 转换得到 114999 个点
Inference ━━━━━━━━━━━━━━━━━━━━━━━━━━━━━━━━━━━━━━━━   
[33m[WARN] [1775739075.867713195, 2.238999999]: No point, skip this scan!
[0m
[INFO] [1775739075.855937, 2.235000]: 帧 12: 检测到 10 个目标
[INFO] [1775739075.879187, 2.243000]: 转换得到 114937 个点
Inference ━━━━━━━━━━━━━━━━━━━━━━━━━━━━━━━━━━━━━━━━   
[INFO] [1775739075.905812, 2.253000]: 帧 13: 检测到 10 个目标
[INFO] [1775739076.134675, 2.335000]: 转换得到 114875 个点
Inference ━━━━━━━━━━━━━━━━━━━━━━━━━━━━━━━━━━━━━━━━   
[INFO] [1775739076.161315, 2.345000]: 帧 14: 检测到 10 个目标
[INFO] [1775739076.187473, 2.353000]: 转换得到 114831 个点
Inference ━━━━━━━━━━━━━━━━━━━━━━━━━━━━━━━━━━━━━━━━   
/home/xc/Projects/ME5400/MCTrack/tracker/trajectory.py:370: OptimizeWarning: Covariance of the parameters could not be estimated
  popt_x, _ = curve_fit(linear_func, x_vals, y_vals_x)
/home/xc/Projects/ME5400/MCTrack/tracker/trajectory.py:371: OptimizeWarning: Covariance of the parameters could not be estimated
  popt_y, _ = curve_fit(linear_func, x_vals, y_vals_y)
[WARN] [1775739076.457603, 2.449000]: 等待与检测时间戳对齐的位姿超时，回退使用最新 FAST-LIO 位姿
[INFO] [1775739076.219643, 2.365000]: 帧 15: 检测到 9 个目标
[INFO] [1775739076.444803, 2.445000]: 转换得到 114706 个点
Inference ━━━━━━━━━━━━━━━━━━━━━━━━━━━━━━━━━━━━━━━━   
[INFO] [1775739076.474358, 2.455000]: 帧 16: 检测到 10 个目标
[INFO] [1775739076.503361, 2.465000]: 转换得到 114513 个点
Inference ━━━━━━━━━━━━━━━━━━━━━━━━━━━━━━━━━━━━━━━━   
[INFO] [1775739076.532513, 2.475000]: 帧 17: 检测到 10 个目标
[INFO] [1775739076.759475, 2.557000]: 转换得到 114454 个点
Inference ━━━━━━━━━━━━━━━━━━━━━━━━━━━━━━━━━━━━━━━━   
[INFO] [1775739076.786893, 2.567000]: 帧 18: 检测到 9 个目标
[INFO] [1775739076.818892, 2.577000]: 转换得到 114306 个点
Inference ━━━━━━━━━━━━━━━━━━━━━━━━━━━━━━━━━━━━━━━━   
[INFO] [1775739076.846578, 2.587000]: 帧 19: 检测到 10 个目标
[INFO] [1775739077.067076, 2.667000]: PointPillars计时汇总(20帧均值): 点云解析=1.6ms, 临时落盘=0.8ms, 模型推理=37.8ms, 结果提取=0.1ms, 清理临时文件=0.2ms, 相机坐标转换=0.7ms, 发布Detection3DArray=0.1ms, 发布MarkerArray=0.3ms, 发布KITTI串=0.1ms, 发布LiDAR串=0.0ms, 纯计算总耗时=42.4ms, 限速休眠=122.6ms, 墙钟总耗时=165.1ms
[INFO] [1775739077.071520, 2.667000]: 转换得到 114261 个点
Inference ━━━━━━━━━━━━━━━━━━━━━━━━━━━━━━━━━━━━━━━━   
[INFO] [1775739077.099365, 2.677000]: 帧 20: 检测到 10 个目标
[INFO] [1775739077.130183, 2.687000]: 转换得到 114246 个点
Inference ━━━━━━━━━━━━━━━━━━━━━━━━━━━━━━━━━━━━━━━━   
[INFO] [1775739077.156939, 2.697000]: 帧 21: 检测到 9 个目标
[INFO] [1775739077.380091, 2.777000]: 转换得到 114264 个点
Inference ━━━━━━━━━━━━━━━━━━━━━━━━━━━━━━━━━━━━━━━━   
[INFO] [1775739077.411718, 2.789000]: 帧 22: 检测到 10 个目标
[INFO] [1775739077.438265, 2.797000]: 转换得到 114263 个点
Inference ━━━━━━━━━━━━━━━━━━━━━━━━━━━━━━━━━━━━━━━━   
[INFO] [1775739077.466424, 2.807000]: 帧 23: 检测到 10 个目标
[INFO] [1775739077.694135, 2.889000]: 转换得到 114205 个点
Inference ━━━━━━━━━━━━━━━━━━━━━━━━━━━━━━━━━━━━━━━━   
[INFO] [1775739077.721697, 2.899000]: 帧 24: 检测到 9 个目标
[INFO] [1775739077.749095, 2.907000]: 转换得到 114111 个点
Inference ━━━━━━━━━━━━━━━━━━━━━━━━━━━━━━━━━━━━━━━━   
[INFO] [1775739077.776770, 2.917000]: 帧 25: 检测到 9 个目标
[INFO] [1775739078.005024, 2.999000]: 转换得到 114139 个点
Inference ━━━━━━━━━━━━━━━━━━━━━━━━━━━━━━━━━━━━━━━━   
[INFO] [1775739078.034300, 3.009000]: 帧 26: 检测到 9 个目标
[INFO] [1775739078.057049, 3.017000]: 转换得到 114069 个点
Inference ━━━━━━━━━━━━━━━━━━━━━━━━━━━━━━━━━━━━━━━━   
[INFO] [1775739078.085014, 3.027000]: 帧 27: 检测到 11 个目标
[INFO] [1775739078.313241, 3.109000]: 转换得到 114132 个点
Inference ━━━━━━━━━━━━━━━━━━━━━━━━━━━━━━━━━━━━━━━━   
[INFO] [1775739078.341128, 3.119000]: 帧 28: 检测到 10 个目标
[INFO] [1775739078.368096, 3.127000]: 转换得到 114291 个点
Inference ━━━━━━━━━━━━━━━━━━━━━━━━━━━━━━━━━━━━━━━━   
[INFO] [1775739078.400814, 3.139000]: 帧 29: 检测到 9 个目标
[INFO] [1775739078.622920, 3.219000]: 转换得到 114282 个点
Inference ━━━━━━━━━━━━━━━━━━━━━━━━━━━━━━━━━━━━━━━━   
[INFO] [1775739078.651793, 3.229000]: 帧 30: 检测到 10 个目标
[INFO] [1775739078.681358, 3.239000]: 转换得到 114321 个点
Inference ━━━━━━━━━━━━━━━━━━━━━━━━━━━━━━━━━━━━━━━━   
[INFO] [1775739078.708631, 3.249000]: 帧 31: 检测到 9 个目标
[INFO] [1775739078.797425, 3.331000]: 转换得到 114272 个点
Inference ━━━━━━━━━━━━━━━━━━━━━━━━━━━━━━━━━━━━━━━━   
[INFO] [1775739078.824903, 3.341000]: 帧 32: 检测到 9 个目标
[INFO] [1775739078.832315, 3.403000]: 转换得到 114317 个点
Inference ━━━━━━━━━━━━━━━━━━━━━━━━━━━━━━━━━━━━━━━━   
[INFO] [1775739078.864655, 3.415000]: 帧 33: 检测到 9 个目标
[INFO] [1775739078.875816, 3.503000]: 转换得到 114562 个点
Inference ━━━━━━━━━━━━━━━━━━━━━━━━━━━━━━━━━━━━━━━━   
[0m[INFO] [1775739075.867655540, 2.238999999]: IMU Initial Done[0m
[ mapping ]: time: IMU + Map + Input Downsample: 0.005620 ave match: 0.010504 ave solve: 0.002455  ave ICP: 0.013729  map incre: 0.003002 ave total: 0.022352 icp: 0.013067 construct H: 0.000570 
[ mapping ]: time: IMU + Map + Input Downsample: 0.003756 ave match: 0.010191 ave solve: 0.001962  ave ICP: 0.011476  map incre: 0.004312 ave total: 0.020948 icp: 0.012231 construct H: 0.000482 
[ mapping ]: time: IMU + Map + Input Downsample: 0.003764 ave match: 0.010375 ave solve: 0.001857  ave ICP: 0.012547  map incre: 0.002780 ave total: 0.020329 icp: 0.012309 construct H: 0.000462 
[ mapping ]: time: IMU + Map + Input Downsample: 0.005651 ave match: 0.010720 ave solve: 0.001990  ave ICP: 0.020229  map incre: 0.004943 ave total: 0.022952 icp: 0.012802 construct H: 0.000497 
[ mapping ]: time: IMU + Map + Input Downsample: 0.005539 ave match: 0.010651 ave solve: 0.001909  ave ICP: 0.012159  map incre: 0.002209 ave total: 0.022343 icp: 0.012647 construct H: 0.000484 
[ mapping ]: time: IMU + Map + Input Downsample: 0.003772 ave match: 0.010395 ave solve: 0.001834  ave ICP: 0.010690  map incre: 0.002789 ave total: 0.021495 icp: 0.012310 construct H: 0.000468 
[ mapping ]: time: IMU + Map + Input Downsample: 0.004025 ave match: 0.010499 ave solve: 0.001785  ave ICP: 0.012747  map incre: 0.002431 ave total: 0.021167 icp: 0.012362 construct H: 0.000460 
[ mapping ]: time: IMU + Map + Input Downsample: 0.005537 ave match: 0.010675 ave solve: 0.001829  ave ICP: 0.014238  map incre: 0.003558 ave total: 0.021438 icp: 0.012585 construct H: 0.000470 
[ mapping ]: time: IMU + Map + Input Downsample: 0.003759 ave match: 0.010649 ave solve: 0.001788  ave ICP: 0.012018  map incre: 0.002480 ave total: 0.021085 icp: 0.012514 construct H: 0.000462 
[ mapping ]: time: IMU + Map + Input Downsample: 0.005337 ave match: 0.010634 ave solve: 0.001755  ave ICP: 0.012074  map incre: 0.002098 ave total: 0.020927 icp: 0.012463 construct H: 0.000456 
[ mapping ]: time: IMU + Map + Input Downsample: 0.005426 ave match: 0.010738 ave solve: 0.001797  ave ICP: 0.014194  map incre: 0.004067 ave total: 0.021178 icp: 0.012612 construct H: 0.000464 
[ mapping ]: time: IMU + Map + Input Downsample: 0.004260 ave match: 0.010604 ave solve: 0.001766  ave ICP: 0.010669  map incre: 0.002217 ave total: 0.020842 icp: 0.012445 construct H: 0.000457 
[ mapping ]: time: IMU + Map + Input Downsample: 0.003736 ave match: 0.010698 ave solve: 0.001740  ave ICP: 0.013370  map incre: 0.003054 ave total: 0.020789 icp: 0.012510 construct H: 0.000451 
[ mapping ]: time: IMU + Map + Input Downsample: 0.003764 ave match: 0.010715 ave solve: 0.001712  ave ICP: 0.012405  map incre: 0.001689 ave total: 0.020580 icp: 0.012498 construct H: 0.000445 
[ mapping ]: time: IMU + Map + Input Downsample: 0.005462 ave match: 0.010812 ave solve: 0.001732  ave ICP: 0.014336  map incre: 0.002500 ave total: 0.020695 icp: 0.012615 construct H: 0.000449 
[ mapping ]: time: IMU + Map + Input Downsample: 0.005445 ave match: 0.010881 ave solve: 0.001748  ave ICP: 0.014078  map incre: 0.002802 ave total: 0.020797 icp: 0.012701 construct H: 0.000451 
[ mapping ]: time: IMU + Map + Input Downsample: 0.004795 ave match: 0.010889 ave solve: 0.001726  ave ICP: 0.012514  map incre: 0.002087 ave total: 0.020714 icp: 0.012686 construct H: 0.000447 
[ mapping ]: time: IMU + Map + Input Downsample: 0.003831 ave match: 0.010913 ave solve: 0.001704  ave ICP: 0.012760  map incre: 0.001544 ave total: 0.020571 icp: 0.012686 construct H: 0.000442 
[ mapping ]: time: IMU + Map + Input Downsample: 0.003915 ave match: 0.010931 ave solve: 0.001686  ave ICP: 0.012743  map incre: 0.002009 ave total: 0.020471 icp: 0.012686 construct H: 0.000438 
[ mapping ]: time: IMU + Map + Input Downsample: 0.005507 ave match: 0.011000 ave solve: 0.001699  ave ICP: 0.014428  map incre: 0.002403 ave total: 0.020564 icp: 0.012768 construct H: 0.000440 
[ mapping ]: time: IMU + Map + Input Downsample: 0.005530 ave match: 0.011056 ave solve: 0.001714  ave ICP: 0.014363  map incre[INFO] [1775739078.906472, 3.513000]: 帧 34: 检测到 10 个目标
[INFO] [1775739078.913131, 3.603000]: 转换得到 114747 个点
Inference ━━━━━━━━━━━━━━━━━━━━━━━━━━━━━━━━━━━━━━━━   
[INFO] [1775739078.966618, 3.621000]: 帧 35: 检测到 11 个目标
[INFO] [1775739078.976755, 3.703000]: 转换得到 114874 个点
Inference ━━━━━━━━━━━━━━━━━━━━━━━━━━━━━━━━━━━━━━━━   
[INFO] [1775739079.009295, 3.715000]: 帧 36: 检测到 10 个目标
[INFO] [1775739079.018086, 3.803000]: 转换得到 114914 个点
Inference ━━━━━━━━━━━━━━━━━━━━━━━━━━━━━━━━━━━━━━━━   
[INFO] [1775739079.051855, 3.815000]: 帧 37: 检测到 11 个目标
[INFO] [1775739079.062750, 3.903000]: 转换得到 114966 个点
Inference ━━━━━━━━━━━━━━━━━━━━━━━━━━━━━━━━━━━━━━━━   
[INFO] [1775739079.098744, 3.915000]: 帧 38: 检测到 11 个目标
[INFO] [1775739079.111463, 4.003000]: 转换得到 115085 个点
Inference ━━━━━━━━━━━━━━━━━━━━━━━━━━━━━━━━━━━━━━━━   
[INFO] [1775739079.139814, 4.013000]: 帧 39: 检测到 10 个目标
[INFO] [1775739079.144778, 4.101000]: PointPillars计时汇总(20帧均值): 点云解析=1.6ms, 临时落盘=0.7ms, 模型推理=27.9ms, 结果提取=0.1ms, 清理临时文件=0.2ms, 相机坐标转换=0.8ms, 发布Detection3DArray=0.1ms, 发布MarkerArray=0.3ms, 发布KITTI串=0.1ms, 发布LiDAR串=0.0ms, 纯计算总耗时=32.5ms, 限速休眠=67.7ms, 墙钟总耗时=100.2ms
[INFO] [1775739079.148834, 4.103000]: 转换得到 115191 个点
Inference ━━━━━━━━━━━━━━━━━━━━━━━━━━━━━━━━━━━━━━━━   
[INFO] [1775739079.186824, 4.115000]: 帧 40: 检测到 10 个目标
[INFO] [1775739079.201452, 4.203000]: 转换得到 115348 个点
Inference ━━━━━━━━━━━━━━━━━━━━━━━━━━━━━━━━━━━━━━━━   
[INFO] [1775739079.232355, 4.215000]: 帧 41: 检测到 11 个目标
[INFO] [1775739079.242401, 4.303000]: 转换得到 115484 个点
Inference ━━━━━━━━━━━━━━━━━━━━━━━━━━━━━━━━━━━━━━━━   
[INFO] [1775739079.287483, 4.319000]: 帧 42: 检测到 10 个目标
[INFO] [1775739079.299261, 4.403000]: 转换得到 115677 个点
Inference ━━━━━━━━━━━━━━━━━━━━━━━━━━━━━━━━━━━━━━━━   
[INFO] [1775739079.334393, 4.415000]: 帧 43: 检测到 10 个目标
[INFO] [1775739079.346655, 4.501000]: 转换得到 115809 个点
Inference ━━━━━━━━━━━━━━━━━━━━━━━━━━━━━━━━━━━━━━━━   
[INFO] [1775739079.375276, 4.513000]: 帧 44: 检测到 9 个目标
[INFO] [1775739079.385018, 4.603000]: 转换得到 115935 个点
Inference ━━━━━━━━━━━━━━━━━━━━━━━━━━━━━━━━━━━━━━━━   
[INFO] [1775739079.416512, 4.613000]: 帧 45: 检测到 10 个目标
[INFO] [1775739079.424156, 4.703000]: 转换得到 115870 个点
Inference ━━━━━━━━━━━━━━━━━━━━━━━━━━━━━━━━━━━━━━━━   
[INFO] [1775739079.456820, 4.715000]: 帧 46: 检测到 11 个目标
[INFO] [1775739079.467518, 4.803000]: 转换得到 116133 个点
Inference ━━━━━━━━━━━━━━━━━━━━━━━━━━━━━━━━━━━━━━━━   
[INFO] [1775739079.499397, 4.813000]: 帧 47: 检测到 9 个目标
[INFO] [1775739079.513496, 4.903000]: 转换得到 116326 个点
Inference ━━━━━━━━━━━━━━━━━━━━━━━━━━━━━━━━━━━━━━━━   
[INFO] [1775739079.545846, 4.915000]: 帧 48: 检测到 10 个目标
[INFO] [1775739079.556241, 5.003000]: 转换得到 116552 个点
Inference ━━━━━━━━━━━━━━━━━━━━━━━━━━━━━━━━━━━━━━━━   
[INFO] [1775739079.591023, 5.015000]: 帧 49: 检测到 10 个目标
[INFO] [1775739079.601573, 5.103000]: 转换得到 116849 个点
Inference ━━━━━━━━━━━━━━━━━━━━━━━━━━━━━━━━━━━━━━━━   
[INFO] [1775739079.637611, 5.115000]: 帧 50: 检测到 11 个目标
[INFO] [1775739079.652878, 5.203000]: 转换得到 116966 个点
Inference ━━━━━━━━━━━━━━━━━━━━━━━━━━━━━━━━━━━━━━━━   
[INFO] [1775739079.680476, 5.213000]: 帧 51: 检测到 11 个目标
[INFO] [1775739079.691346, 5.303000]: 转换得到 117187 个点
Inference ━━━━━━━━━━━━━━━━━━━━━━━━━━━━━━━━━━━━━━━━   
[INFO] [1775739079.722015, 5.315000]: 帧 52: 检测到 10 个目标
[INFO] [1775739079.737788, 5.403000]: 转换得到 117410 个点
Inference ━━━━━━━━━━━━━━━━━━━━━━━━━━━━━━━━━━━━━━━━   
[INFO] [1775739079.770157, 5.415000]: 帧 53: 检测到 9 个目标
[INFO] [1775739079.784423, 5.503000]: 转换得到 117653 个点
Inference ━━━━━━━━━━━━━━━━━━━━━━━━━━━━━━━━━━━━━━━━   
[INFO] [1775739079.814684, 5.513000]: 帧 54: 检测到 8 个目标
[INFO] [1775739079.830255, 5.603000]: 转换得到 117848 个点
Inference ━━━━━━━━━━━━━━━━━━━━━━━━━━━━━━━━━━━━━━━━   
: 0.002941 ave total: 0.020672 icp: 0.012840 construct H: 0.000443 
[ mapping ]: time: IMU + Map + Input Downsample: 0.005209 ave match: 0.011064 ave solve: 0.001699  ave ICP: 0.012743  map incre: 0.001883 ave total: 0.020634 icp: 0.012832 construct H: 0.000440 
[ mapping ]: time: IMU + Map + Input Downsample: 0.005490 ave match: 0.011120 ave solve: 0.001711  ave ICP: 0.014475  map incre: 0.002892 ave total: 0.020731 icp: 0.012900 construct H: 0.000441 
[ mapping ]: time: IMU + Map + Input Downsample: 0.003935 ave match: 0.011149 ave solve: 0.001696  ave ICP: 0.013299  map incre: 0.001991 ave total: 0.020668 icp: 0.012914 construct H: 0.000438 
[ mapping ]: time: IMU + Map + Input Downsample: 0.005566 ave match: 0.011208 ave solve: 0.001705  ave ICP: 0.014722  map incre: 0.002634 ave total: 0.020758 icp: 0.012982 construct H: 0.000439 
[ mapping ]: time: IMU + Map + Input Downsample: 0.005721 ave match: 0.011281 ave solve: 0.001718  ave ICP: 0.015340  map incre: 0.002947 ave total: 0.020883 icp: 0.013069 construct H: 0.000442 
[ mapping ]: time: IMU + Map + Input Downsample: 0.006063 ave match: 0.011354 ave solve: 0.001730  ave ICP: 0.015530  map incre: 0.003394 ave total: 0.021035 icp: 0.013156 construct H: 0.000444 
[ mapping ]: time: IMU + Map + Input Downsample: 0.005727 ave match: 0.011461 ave solve: 0.001743  ave ICP: 0.016674  map incre: 0.003170 ave total: 0.021197 icp: 0.013278 construct H: 0.000446 
[ mapping ]: time: IMU + Map + Input Downsample: 0.004945 ave match: 0.011526 ave solve: 0.001743  ave ICP: 0.015262  map incre: 0.001830 ave total: 0.021226 icp: 0.013343 construct H: 0.000446 
[ mapping ]: time: IMU + Map + Input Downsample: 0.005767 ave match: 0.011556 ave solve: 0.001746  ave ICP: 0.014402  map incre: 0.002996 ave total: 0.021291 icp: 0.013375 construct H: 0.000446 
[ mapping ]: time: IMU + Map + Input Downsample: 0.004211 ave match: 0.011466 ave solve: 0.001731  ave ICP: 0.010179  map incre: 0.001731 ave total: 0.021124 icp: 0.013270 construct H: 0.000443 
[ mapping ]: time: IMU + Map + Input Downsample: 0.003855 ave match: 0.011473 ave solve: 0.001716  ave ICP: 0.013059  map incre: 0.001686 ave total: 0.021045 icp: 0.013261 construct H: 0.000440 
[ mapping ]: time: IMU + Map + Input Downsample: 0.005840 ave match: 0.011526 ave solve: 0.001719  ave ICP: 0.015206  map incre: 0.002846 ave total: 0.021131 icp: 0.013317 construct H: 0.000440 
[ mapping ]: time: IMU + Map + Input Downsample: 0.005758 ave match: 0.011566 ave solve: 0.001723  ave ICP: 0.014920  map incre: 0.002698 ave total: 0.021197 icp: 0.013362 construct H: 0.000441 
[ mapping ]: time: IMU + Map + Input Downsample: 0.005645 ave match: 0.011599 ave solve: 0.001725  ave ICP: 0.014662  map incre: 0.002823 ave total: 0.021253 icp: 0.013396 construct H: 0.000441 
[ mapping ]: time: IMU + Map + Input Downsample: 0.005753 ave match: 0.011621 ave solve: 0.001724  ave ICP: 0.014274  map incre: 0.002695 ave total: 0.021293 icp: 0.013418 construct H: 0.000440 
[ mapping ]: time: IMU + Map + Input Downsample: 0.005675 ave match: 0.011642 ave solve: 0.001726  ave ICP: 0.014378  map incre: 0.002628 ave total: 0.021331 icp: 0.013441 construct H: 0.000440 
[ mapping ]: time: IMU + Map + Input Downsample: 0.004175 ave match: 0.011565 ave solve: 0.001713  ave ICP: 0.010060  map incre: 0.001731 ave total: 0.021190 icp: 0.013350 construct H: 0.000437 
[ mapping ]: time: IMU + Map + Input Downsample: 0.005665 ave match: 0.011589 ave solve: 0.001714  ave ICP: 0.014386  map incre: 0.002634 ave total: 0.021228 icp: 0.013375 construct H: 0.000437 
[ mapping ]: time: IMU + Map + Input Downsample: 0.005693 ave match: 0.011617 ave solve: 0.001717  ave ICP: 0.014731  map incre: 0.002661 ave total: 0.021274 icp: 0.013406 construct H: 0.000437 
[ mapping ]: time: IMU + Map + Input Downsample: 0.005716 ave match: 0.011642 ave solve: 0.001717  ave ICP: 0.014564  map incre: 0.002532 ave total: 0.021312 icp: 0.013432 construct H: 0.000437 
[ mapping ]: time: IMU + Map + Input Downsample: 0.005752 ave match: 0.011609 ave solve: 0.001703  ave ICP: 0.011463  map incre:[INFO] [1775739079.858976, 5.613000]: 帧 55: 检测到 10 个目标
[INFO] [1775739079.868681, 5.703000]: 转换得到 117951 个点
Inference ━━━━━━━━━━━━━━━━━━━━━━━━━━━━━━━━━━━━━━━━   
[INFO] [1775739079.905058, 5.715000]: 帧 56: 检测到 10 个目标
[INFO] [1775739079.920681, 5.803000]: 转换得到 117885 个点
Inference ━━━━━━━━━━━━━━━━━━━━━━━━━━━━━━━━━━━━━━━━   
[INFO] [1775739079.949542, 5.813000]: 帧 57: 检测到 9 个目标
[INFO] [1775739079.961617, 5.903000]: 转换得到 118034 个点
Inference ━━━━━━━━━━━━━━━━━━━━━━━━━━━━━━━━━━━━━━━━   
[INFO] [1775739079.998211, 5.917000]: 帧 58: 检测到 10 个目标
[INFO] [1775739080.013294, 6.003000]: 转换得到 118036 个点
Inference ━━━━━━━━━━━━━━━━━━━━━━━━━━━━━━━━━━━━━━━━   
[INFO] [1775739080.041631, 6.013000]: 帧 59: 检测到 9 个目标
[INFO] [1775739080.046393, 6.101000]: PointPillars计时汇总(20帧均值): 点云解析=1.8ms, 临时落盘=0.9ms, 模型推理=29.5ms, 结果提取=0.1ms, 清理临时文件=0.2ms, 相机坐标转换=0.9ms, 发布Detection3DArray=0.1ms, 发布MarkerArray=0.3ms, 发布KITTI串=0.1ms, 发布LiDAR串=0.0ms, 纯计算总耗时=34.6ms, 限速休眠=1.6ms, 墙钟总耗时=36.2ms
[INFO] [1775739080.052737, 6.103000]: 转换得到 118120 个点
Inference ━━━━━━━━━━━━━━━━━━━━━━━━━━━━━━━━━━━━━━━━   
[INFO] [1775739080.082417, 6.113000]: 帧 60: 检测到 10 个目标
[INFO] [1775739080.088786, 6.203000]: 转换得到 118215 个点
Inference ━━━━━━━━━━━━━━━━━━━━━━━━━━━━━━━━━━━━━━━━   
[INFO] [1775739080.121879, 6.215000]: 帧 61: 检测到 10 个目标
[INFO] [1775739080.134738, 6.303000]: 转换得到 118392 个点
Inference ━━━━━━━━━━━━━━━━━━━━━━━━━━━━━━━━━━━━━━━━   
[INFO] [1775739080.163908, 6.313000]: 帧 62: 检测到 10 个目标
[INFO] [1775739080.176085, 6.403000]: 转换得到 118461 个点
Inference ━━━━━━━━━━━━━━━━━━━━━━━━━━━━━━━━━━━━━━━━   
[INFO] [1775739080.207529, 6.415000]: 帧 63: 检测到 10 个目标
[INFO] [1775739080.221709, 6.503000]: 转换得到 118631 个点
Inference ━━━━━━━━━━━━━━━━━━━━━━━━━━━━━━━━━━━━━━━━   
[INFO] [1775739080.249855, 6.513000]: 帧 64: 检测到 10 个目标
[INFO] [1775739080.264504, 6.603000]: 转换得到 118761 个点
Inference ━━━━━━━━━━━━━━━━━━━━━━━━━━━━━━━━━━━━━━━━   
[INFO] [1775739080.296731, 6.613000]: 帧 65: 检测到 10 个目标
[INFO] [1775739080.311754, 6.703000]: 转换得到 118702 个点
Inference ━━━━━━━━━━━━━━━━━━━━━━━━━━━━━━━━━━━━━━━━   
[INFO] [1775739080.340762, 6.713000]: 帧 66: 检测到 10 个目标
[INFO] [1775739080.348413, 6.803000]: 转换得到 118870 个点
Inference ━━━━━━━━━━━━━━━━━━━━━━━━━━━━━━━━━━━━━━━━   
[INFO] [1775739080.378979, 6.813000]: 帧 67: 检测到 10 个目标
[INFO] [1775739080.390383, 6.903000]: 转换得到 118891 个点
Inference ━━━━━━━━━━━━━━━━━━━━━━━━━━━━━━━━━━━━━━━━   
[INFO] [1775739080.424919, 6.915000]: 帧 68: 检测到 10 个目标
[INFO] [1775739080.436967, 7.003000]: 转换得到 118845 个点
Inference ━━━━━━━━━━━━━━━━━━━━━━━━━━━━━━━━━━━━━━━━   
[INFO] [1775739080.466635, 7.013000]: 帧 69: 检测到 10 个目标
[INFO] [1775739080.478657, 7.103000]: 转换得到 118681 个点
Inference ━━━━━━━━━━━━━━━━━━━━━━━━━━━━━━━━━━━━━━━━   
[INFO] [1775739080.506953, 7.113000]: 帧 70: 检测到 10 个目标
[INFO] [1775739080.515530, 7.203000]: 转换得到 118453 个点
Inference ━━━━━━━━━━━━━━━━━━━━━━━━━━━━━━━━━━━━━━━━   
[INFO] [1775739080.544561, 7.213000]: 帧 71: 检测到 11 个目标
[INFO] [1775739080.552845, 7.303000]: 转换得到 118309 个点
Inference ━━━━━━━━━━━━━━━━━━━━━━━━━━━━━━━━━━━━━━━━   
[INFO] [1775739080.586095, 7.315000]: 帧 72: 检测到 10 个目标
[INFO] [1775739080.597411, 7.403000]: 转换得到 118232 个点
Inference ━━━━━━━━━━━━━━━━━━━━━━━━━━━━━━━━━━━━━━━━   
[INFO] [1775739080.627316, 7.413000]: 帧 73: 检测到 10 个目标
[INFO] [1775739080.634573, 7.503000]: 转换得到 118154 个点
Inference ━━━━━━━━━━━━━━━━━━━━━━━━━━━━━━━━━━━━━━━━   
[INFO] [1775739080.683573, 7.521000]: 帧 74: 检测到 10 个目标
[INFO] [1775739080.694460, 7.603000]: 转换得到 118082 个点
Inference ━━━━━━━━━━━━━━━━━━━━━━━━━━━━━━━━━━━━━━━━   
[INFO] [1775739080.731745, 7.617000]: 帧 75: 检测到 10 个目标
[INFO] [1775739080.746567, 7.703000]: 转换得到 118141 个点
Inference ━━━━━━━━━━━━━━━━━━━━━━━━━━━━━━━━━━━━━━━━   
 0.001631 ave total: 0.021253 icp: 0.013384 construct H: 0.000433 
[ mapping ]: time: IMU + Map + Input Downsample: 0.004265 ave match: 0.011555 ave solve: 0.001691  ave ICP: 0.010606  map incre: 0.001627 ave total: 0.021143 icp: 0.013317 construct H: 0.000430 
[ mapping ]: time: IMU + Map + Input Downsample: 0.003935 ave match: 0.011559 ave solve: 0.001679  ave ICP: 0.013021  map incre: 0.001645 ave total: 0.021085 icp: 0.013309 construct H: 0.000428 
[ mapping ]: time: IMU + Map + Input Downsample: 0.003920 ave match: 0.011558 ave solve: 0.001668  ave ICP: 0.012843  map incre: 0.001790 ave total: 0.021029 icp: 0.013297 construct H: 0.000425 
[ mapping ]: time: IMU + Map + Input Downsample: 0.005806 ave match: 0.011549 ave solve: 0.001657  ave ICP: 0.012428  map incre: 0.001629 ave total: 0.021003 icp: 0.013276 construct H: 0.000423 
[ mapping ]: time: IMU + Map + Input Downsample: 0.003978 ave match: 0.011549 ave solve: 0.001649  ave ICP: 0.012947  map incre: 0.001576 ave total: 0.020950 icp: 0.013267 construct H: 0.000420 
[ mapping ]: time: IMU + Map + Input Downsample: 0.003958 ave match: 0.011547 ave solve: 0.001640  ave ICP: 0.012737  map incre: 0.001989 ave total: 0.020903 icp: 0.013255 construct H: 0.000418 
[ mapping ]: time: IMU + Map + Input Downsample: 0.005692 ave match: 0.011578 ave solve: 0.001641  ave ICP: 0.014969  map incre: 0.003095 ave total: 0.020961 icp: 0.013288 construct H: 0.000418 
[ mapping ]: time: IMU + Map + Input Downsample: 0.005608 ave match: 0.011606 ave solve: 0.001641  ave ICP: 0.014726  map incre: 0.002616 ave total: 0.021001 icp: 0.013315 construct H: 0.000417 
[ mapping ]: time: IMU + Map + Input Downsample: 0.004133 ave match: 0.011622 ave solve: 0.001630  ave ICP: 0.013675  map incre: 0.002455 ave total: 0.020986 icp: 0.013320 construct H: 0.000415 
[ mapping ]: time: IMU + Map + Input Downsample: 0.004223 ave match: 0.011629 ave solve: 0.001621  ave ICP: 0.013235  map incre: 0.001533 ave total: 0.020948 icp: 0.013317 construct H: 0.000413 
[ mapping ]: time: IMU + Map + Input Downsample: 0.005839 ave match: 0.011667 ave solve: 0.001621  ave ICP: 0.015448  map incre: 0.003065 ave total: 0.021012 icp: 0.013355 construct H: 0.000412 
[ mapping ]: time: IMU + Map + Input Downsample: 0.005753 ave match: 0.011676 ave solve: 0.001610  ave ICP: 0.013312  map incre: 0.001699 ave total: 0.021008 icp: 0.013353 construct H: 0.000410 
[ mapping ]: time: IMU + Map + Input Downsample: 0.004015 ave match: 0.011631 ave solve: 0.001600  ave ICP: 0.010395  map incre: 0.001707 ave total: 0.020919 icp: 0.013298 construct H: 0.000408 
[ mapping ]: time: IMU + Map + Input Downsample: 0.006309 ave match: 0.011666 ave solve: 0.001598  ave ICP: 0.015255  map incre: 0.002611 ave total: 0.020977 icp: 0.013331 construct H: 0.000407 
[ mapping ]: time: IMU + Map + Input Downsample: 0.005862 ave match: 0.011697 ave solve: 0.001597  ave ICP: 0.015086  map incre: 0.002490 ave total: 0.021020 icp: 0.013360 construct H: 0.000406 
[ mapping ]: time: IMU + Map + Input Downsample: 0.005830 ave match: 0.011733 ave solve: 0.001595  ave ICP: 0.015404  map incre: 0.002594 ave total: 0.021069 icp: 0.013394 construct H: 0.000405 
[ mapping ]: time: IMU + Map + Input Downsample: 0.004803 ave match: 0.011752 ave solve: 0.001585  ave ICP: 0.013970  map incre: 0.001836 ave total: 0.021061 icp: 0.013403 construct H: 0.000403 
[ mapping ]: time: IMU + Map + Input Downsample: 0.004361 ave match: 0.011809 ave solve: 0.001583  ave ICP: 0.016822  map incre: 0.004472 ave total: 0.021137 icp: 0.013457 construct H: 0.000401 
[ mapping ]: time: IMU + Map + Input Downsample: 0.006297 ave match: 0.011843 ave solve: 0.001583  ave ICP: 0.015637  map incre: 0.002278 ave total: 0.021188 icp: 0.013492 construct H: 0.000401 
[ mapping ]: time: IMU + Map + Input Downsample: 0.005980 ave match: 0.011885 ave solve: 0.001583  ave ICP: 0.016276  map incre: 0.002366 ave total: 0.021243 icp: 0.013535 construct H: 0.000401 
[ mapping ]: time: IMU + Map + Input Downsample: 0.005817 ave match: 0.011912 ave solve: 0.001574  ave ICP: 0.014732  map incre: [INFO] [1775739080.784729, 7.717000]: 帧 76: 检测到 10 个目标
[INFO] [1775739080.794729, 7.803000]: 转换得到 118189 个点
Inference ━━━━━━━━━━━━━━━━━━━━━━━━━━━━━━━━━━━━━━━━   
[INFO] [1775739080.824594, 7.813000]: 帧 77: 检测到 10 个目标
[INFO] [1775739080.838405, 7.903000]: 转换得到 118133 个点
Inference ━━━━━━━━━━━━━━━━━━━━━━━━━━━━━━━━━━━━━━━━   
[INFO] [1775739080.875914, 7.917000]: 帧 78: 检测到 11 个目标
[INFO] [1775739080.889154, 8.003000]: 转换得到 118206 个点
Inference ━━━━━━━━━━━━━━━━━━━━━━━━━━━━━━━━━━━━━━━━   
[INFO] [1775739080.918841, 8.013000]: 帧 79: 检测到 11 个目标
[INFO] [1775739080.926782, 8.101000]: PointPillars计时汇总(20帧均值): 点云解析=1.8ms, 临时落盘=0.9ms, 模型推理=29.0ms, 结果提取=0.1ms, 清理临时文件=0.2ms, 相机坐标转换=0.9ms, 发布Detection3DArray=0.1ms, 发布MarkerArray=0.3ms, 发布KITTI串=0.1ms, 发布LiDAR串=0.0ms, 纯计算总耗时=34.3ms, 限速休眠=2.0ms, 墙钟总耗时=36.4ms
[INFO] [1775739080.931740, 8.103000]: 转换得到 118006 个点
Inference ━━━━━━━━━━━━━━━━━━━━━━━━━━━━━━━━━━━━━━━━   
[INFO] [1775739080.970529, 8.117000]: 帧 80: 检测到 11 个目标
[INFO] [1775739080.980909, 8.203000]: 转换得到 117945 个点
Inference ━━━━━━━━━━━━━━━━━━━━━━━━━━━━━━━━━━━━━━━━   
[INFO] [1775739081.013158, 8.215000]: 帧 81: 检测到 10 个目标
[INFO] [1775739081.023763, 8.303000]: 转换得到 117894 个点
Inference ━━━━━━━━━━━━━━━━━━━━━━━━━━━━━━━━━━━━━━━━   
[INFO] [1775739081.055390, 8.315000]: 帧 82: 检测到 10 个目标
[INFO] [1775739081.065189, 8.403000]: 转换得到 117889 个点
Inference ━━━━━━━━━━━━━━━━━━━━━━━━━━━━━━━━━━━━━━━━   
[INFO] [1775739081.094732, 8.413000]: 帧 83: 检测到 10 个目标
[INFO] [1775739081.109919, 8.503000]: 转换得到 117868 个点
Inference ━━━━━━━━━━━━━━━━━━━━━━━━━━━━━━━━━━━━━━━━   
[INFO] [1775739068.165460, 0.000000]: [offline_bag_feeder] bag_path=/home/xc/Projects/ME5400/Data_Tracking/rosbags/seq_0020_nodet.bag
[INFO] [1775739068.165840, 0.000000]: [offline_bag_feeder] lidar_topic=/kitti/velo/pointcloud det_topic=/detection/lidar_detections track_topic=/mctrack/tracked_objects
[INFO] [1775739068.166066, 0.000000]: [offline_bag_feeder] require_detection=True require_tracking=False eps=0.060
[INFO] [1775739068.166282, 0.000000]: [offline_bag_feeder] waiting 1.5s for downstream nodes...
[INFO] [1775739069.698077, 0.001000]: [offline_bag_feeder] frame=1 lidar stamp=0.001000
[INFO] [1775739073.712232, 1.469000]: [offline_bag_feeder] frame=2 lidar stamp=0.101000
[INFO] [1775739073.998449, 1.571000]: [offline_bag_feeder] frame=3 lidar stamp=0.201000
[INFO] [1775739074.042455, 1.585000]: [offline_bag_feeder] frame=4 lidar stamp=0.301000
[INFO] [1775739074.309259, 1.681000]: [offline_bag_feeder] frame=5 lidar stamp=0.401000
[INFO] [1775739074.350679, 1.695000]: [offline_bag_feeder] frame=6 lidar stamp=0.501000
[INFO] [1775739074.616431, 1.791000]: [offline_bag_feeder] frame=7 lidar stamp=0.601000
[INFO] [1775739074.657587, 1.805000]: [offline_bag_feeder] frame=8 lidar stamp=0.701000
[INFO] [1775739074.923976, 1.901000]: [offline_bag_feeder] frame=9 lidar stamp=0.801000
[INFO] [1775739074.970734, 1.917000]: [offline_bag_feeder] frame=10 lidar stamp=0.901000
[INFO] [1775739075.232159, 2.011000]: [offline_bag_feeder] frame=11 lidar stamp=1.001000
[INFO] [1775739075.292190, 2.031000]: [offline_bag_feeder] frame=12 lidar stamp=1.101000
[INFO] [1775739075.554106, 2.125000]: [offline_bag_feeder] frame=13 lidar stamp=1.201000
[INFO] [1775739075.607079, 2.143000]: [offline_bag_feeder] frame=14 lidar stamp=1.301000
[INFO] [1775739075.859839, 2.235000]: [offline_bag_feeder] frame=15 lidar stamp=1.401000
[INFO] [1775739075.912982, 2.253000]: [offline_bag_feeder] frame=16 lidar stamp=1.501000
[INFO] [1775739076.168004, 2.345000]: [offline_bag_feeder] frame=17 lidar stamp=1.601000
[INFO] [1775739076.227101, 2.365000]: [offline_bag_feeder] frame=18 lidar stamp=1.701000
[INFO] [1775739076.482005, 2.457000]: [offline_bag_feeder] frame=19 lidar stamp=1.801000
[INFO] [1775739076.541131, 2.477000]: [offline_bag_feeder] frame=20 lidar stamp=1.901000
[INFO] [1775739076.793408, 2.567000]: [offline_bag_feeder] frame=21 lidar stamp=2.001000
[INFO] [1775739076.853072, 2.587000]: [offline_bag_feeder] frame=22 lidar stamp=2.101000
[INFO] [1775739077.103476, 2.677000]: [offline_bag_feeder] frame=23 lidar stamp=2.201000
[INFO] [1775739077.161949, 2.697000]: [offline_bag_feeder] frame=24 lidar stamp=2.301000
[INFO] [1775739077.417361, 2.789000]: [offline_bag_feeder] frame=25 lidar stamp=2.401000
[INFO] [1775739077.472463, 2.807000]: [offline_bag_feeder] frame=26 lidar stamp=2.501000
[INFO] [1775739077.728259, 2.899000]: [offline_bag_feeder] frame=27 lidar stamp=2.601000
[INFO] [1775739077.782121, 2.917000]: [offline_bag_feeder] frame=28 lidar stamp=2.701000
[INFO] [1775739078.037558, 3.009000]: [offline_bag_feeder] frame=29 lidar stamp=2.801000
[INFO] [1775739078.090348, 3.027000]: [offline_bag_feeder] frame=30 lidar stamp=2.901000
[INFO] [1775739078.347073, 3.119000]: [offline_bag_feeder] frame=31 lidar stamp=3.001000
[INFO] [1775739078.404942, 3.139000]: [offline_bag_feeder] frame=32 lidar stamp=3.101000
[INFO] [1775739078.655991, 3.229000]: [offline_bag_feeder] frame=33 lidar stamp=3.201000
[INFO] [1775739078.715915, 3.301000]: [offline_bag_feeder] frame=34 lidar stamp=3.301000
[INFO] [1775739078.829927, 3.401000]: [offline_bag_feeder] frame=35 lidar stamp=3.401000
[INFO] [1775739078.873529, 3.501000]: [offline_bag_feeder] frame=36 lidar stamp=3.501000
[INFO] [1775739078.911350, 3.601000]: [offline_bag_feeder] frame=37 lidar stamp=3.601000
[INFO] [1775739078.973138, 3.701000]: [offline_bag_feeder] frame=38 lidar stamp=3.701000
[INFO] [1775739079.014926, 3.801000]: [offline_bag_feeder] frame=39 lidar stamp=3.801000
[INFO] [1775739079.059239, 3.901000]: [offline_bag_feeder] frame=40 lidar stamp=3.901000
[INFO] [1775739079.108808, 4.001000]: [offline_bag_feeder] frame=41 lidar stamp=4.001000
[INFO] [1775739079.146826, 4.101000]: [offline_bag_feeder] frame=42 lidar stamp=4.101000
[INFO] [1775739079.197562, 4.201000]: [offline_bag_feeder] frame=43 lidar stamp=4.201000
[INFO] [1775739079.240070, 4.301000]: [offline_bag_feeder] frame=44 lidar stamp=4.301000
[INFO] [1775739079.294562, 4.401000]: [offline_bag_feeder] frame=45 lidar stamp=4.401000
[INFO] [1775739079.345982, 4.501000]: [offline_bag_feeder] frame=46 lidar stamp=4.501000
[INFO] [1775739079.382994, 4.601000]: [offline_bag_feeder] frame=47 lidar stamp=4.601000
[INFO] [1775739079.421827, 4.701000]: [offline_bag_feeder] frame=48 lidar stamp=4.701000
[INFO] [1775739079.465426, 4.801000]: [offline_bag_feeder] frame=49 lidar stamp=4.801000
[INFO] [1775739079.509920, 4.901000]: [offline_bag_feeder] frame=50 lidar stamp=4.901000
[INFO] [1775739079.553452, 5.001000]: [offline_bag_feeder] frame=51 lidar stamp=5.001000
[INFO] [1775739079.598304, 5.101000]: [offline_bag_feeder] frame=52 lidar stamp=5.101000
[INFO] [1775739079.648032, 5.201000]: [offline_bag_feeder] frame=53 lidar stamp=5.201000
[INFO] [1775739079.687138, 5.301000]: [offline_bag_feeder] frame=54 lidar stamp=5.301000
[INFO] [1775739079.733017, 5.401000]: [offline_bag_feeder] frame=55 lidar stamp=5.401000
[INFO] [1775739079.780273, 5.501000]: [offline_bag_feeder] frame=56 lidar stamp=5.501000
[INFO] [1775739079.825577, 5.601000]: [offline_bag_feeder] frame=57 lidar stamp=5.601000
[INFO] [1775739079.865580, 5.613000]: [offline_bag_feeder] frame=58 lidar stamp=5.701000
[INFO] [1775739079.917470, 5.801000]: [offline_bag_feeder] frame=59 lidar stamp=5.801000
[INFO] [1775739079.956794, 5.901000]: [offline_bag_feeder] frame=60 lidar stamp=5.901000
[INFO] [1775739080.009194, 6.001000]: [offline_bag_feeder] frame=61 lidar stamp=6.001000
[INFO] [1775739080.049092, 6.101000]: [offline_bag_feeder] frame=62 lidar stamp=6.101000
[INFO] [1775739080.086766, 6.201000]: [offline_bag_feeder] frame=63 lidar stamp=6.201000
[INFO] [1775739080.131141, 6.301000]: [offline_bag_feeder] frame=64 lidar stamp=6.301000
[INFO] [1775739080.172783, 6.401000]: [offline_bag_feeder] frame=65 lidar stamp=6.401000
[INFO] [1775739080.218848, 6.501000]: [offline_bag_feeder] frame=66 lidar stamp=6.501000
[INFO] [1775739080.261492, 6.601000]: [offline_bag_feeder] frame=67 lidar stamp=6.601000
[INFO] [1775739080.307079, 6.701000]: [offline_bag_feeder] frame=68 lidar stamp=6.701000
[INFO] [1775739080.345647, 6.801000]: [offline_bag_feeder] frame=69 lidar stamp=6.801000
[INFO] [1775739080.387430, 6.901000]: [offline_bag_feeder] frame=70 lidar stamp=6.901000
[INFO] [1775739080.432994, 7.001000]: [offline_bag_feeder] frame=71 lidar stamp=7.001000
[INFO] [1775739080.475957, 7.101000]: [offline_bag_feeder] frame=72 lidar stamp=7.101000
[INFO] [1775739080.513199, 7.201000]: [offline_bag_feeder] frame=73 lidar stamp=7.201000
[INFO] [1775739080.550568, 7.301000]: [offline_bag_feeder] frame=74 lidar stamp=7.301000
[INFO] [1775739080.593709, 7.401000]: [offline_bag_feeder] frame=75 lidar stamp=7.401000
[INFO] [1775739080.630260, 7.501000]: [offline_bag_feeder] frame=76 lidar stamp=7.501000
[INFO] [1775739080.690330, 7.601000]: [offline_bag_feeder] frame=77 lidar stamp=7.601000
[INFO] [1775739080.741206, 7.701000]: [offline_bag_feeder] frame=78 lidar stamp=7.701000
[INFO] [1775739080.790490, 7.801000]: [offline_bag_feeder] frame=79 lidar stamp=7.801000
[INFO] [1775739080.835792, 7.901000]: [offline_bag_feeder] frame=80 lidar stamp=7.901000
[INFO] [1775739080.885299, 8.001000]: [offline_bag_feeder] frame=81 lidar stamp=8.001000
[INFO] [1775739080.928514, 8.101000]: [offline_bag_feeder] frame=82 lidar stamp=8.101000
[INFO] [1775739080.977245, 8.201000]: [offline_bag_feeder] frame=83 lidar stamp=8.201000
[INFO] [1775739081.020005, 8.301000]: [offline_bag_feeder] frame=84 lidar stamp=8.301000
[INFO] [1775739081.062757, 8.401000]: [offline_bag_feeder] frame=85 lidar stamp=8.401000
[INFO] [1775739081.107620, 8.501000]: [offline_bag_feeder] frame=86 lidar stamp=8.501000
[INFO] [1775739081.147188, 8.601000]: [offline_bag_feeder] frame=87 lidar stamp=8.601000
[INFO] [1775739081.137093, 8.513000]: 帧 84: 检测到 10 个目标
[INFO] [1775739081.150808, 8.603000]: 转换得到 117949 个点
Inference ━━━━━━━━━━━━━━━━━━━━━━━━━━━━━━━━━━━━━━━━   
[INFO] [1775739081.180900, 8.613000]: 帧 85: 检测到 10 个目标
[INFO] [1775739081.186023, 8.703000]: 转换得到 118077 个点
Inference ━━━━━━━━━━━━━━━━━━━━━━━━━━━━━━━━━━━━━━━━   
[INFO] [1775739081.217528, 8.713000]: 帧 86: 检测到 10 个目标
[INFO] [1775739081.230760, 8.803000]: 转换得到 118128 个点
Inference ━━━━━━━━━━━━━━━━━━━━━━━━━━━━━━━━━━━━━━━━   
[INFO] [1775739081.262101, 8.813000]: 帧 87: 检测到 9 个目标
[INFO] [1775739081.273602, 8.903000]: 转换得到 118257 个点
Inference ━━━━━━━━━━━━━━━━━━━━━━━━━━━━━━━━━━━━━━━━   
[INFO] [1775739081.306045, 8.915000]: 帧 88: 检测到 10 个目标
[INFO] [1775739081.317772, 9.003000]: 转换得到 118228 个点
Inference ━━━━━━━━━━━━━━━━━━━━━━━━━━━━━━━━━━━━━━━━   
[INFO] [1775739081.345536, 9.013000]: 帧 89: 检测到 10 个目标
[INFO] [1775739081.355829, 9.103000]: 转换得到 118402 个点
Inference ━━━━━━━━━━━━━━━━━━━━━━━━━━━━━━━━━━━━━━━━   
[INFO] [1775739081.389658, 9.115000]: 帧 90: 检测到 9 个目标
[INFO] [1775739081.401181, 9.203000]: 转换得到 118478 个点
Inference ━━━━━━━━━━━━━━━━━━━━━━━━━━━━━━━━━━━━━━━━   
[INFO] [1775739081.433292, 9.215000]: 帧 91: 检测到 11 个目标
[INFO] [1775739081.445494, 9.303000]: 转换得到 118694 个点
Inference ━━━━━━━━━━━━━━━━━━━━━━━━━━━━━━━━━━━━━━━━   
[INFO] [1775739081.473906, 9.313000]: 帧 92: 检测到 9 个目标
[INFO] [1775739081.482445, 9.403000]: 转换得到 118597 个点
Inference ━━━━━━━━━━━━━━━━━━━━━━━━━━━━━━━━━━━━━━━━   
[INFO] [1775739081.511110, 9.413000]: 帧 93: 检测到 10 个目标
[INFO] [1775739081.522045, 9.503000]: 转换得到 118649 个点
Inference ━━━━━━━━━━━━━━━━━━━━━━━━━━━━━━━━━━━━━━━━   
[INFO] [1775739081.552917, 9.513000]: 帧 94: 检测到 9 个目标
[INFO] [1775739081.560177, 9.603000]: 转换得到 118404 个点
Inference ━━━━━━━━━━━━━━━━━━━━━━━━━━━━━━━━━━━━━━━━   
[INFO] [1775739081.591197, 9.613000]: 帧 95: 检测到 11 个目标
[INFO] [1775739081.603257, 9.703000]: 转换得到 118323 个点
Inference ━━━━━━━━━━━━━━━━━━━━━━━━━━━━━━━━━━━━━━━━   
[INFO] [1775739081.629283, 9.711000]: 帧 96: 检测到 10 个目标
[INFO] [1775739081.641585, 9.803000]: 转换得到 118000 个点
Inference ━━━━━━━━━━━━━━━━━━━━━━━━━━━━━━━━━━━━━━━━   
0.001580 ave total: 0.021257 icp: 0.013552 construct H: 0.000399 
[ mapping ]: time: IMU + Map + Input Downsample: 0.003960 ave match: 0.011927 ave solve: 0.001565  ave ICP: 0.013970  map incre: 0.001820 ave total: 0.021234 icp: 0.013558 construct H: 0.000397 
[ mapping ]: time: IMU + Map + Input Downsample: 0.003950 ave match: 0.011912 ave solve: 0.001556  ave ICP: 0.012006  map incre: 0.001689 ave total: 0.021178 icp: 0.013533 construct H: 0.000394 
[ mapping ]: time: IMU + Map + Input Downsample: 0.005813 ave match: 0.011936 ave solve: 0.001552  ave ICP: 0.015022  map incre: 0.002357 ave total: 0.021209 icp: 0.013554 construct H: 0.000393 
[ mapping ]: time: IMU + Map + Input Downsample: 0.005823 ave match: 0.011924 ave solve: 0.001543  ave ICP: 0.012164  map incre: 0.001815 ave total: 0.021188 icp: 0.013532 construct H: 0.000391 
[ mapping ]: time: IMU + Map + Input Downsample: 0.005759 ave match: 0.011949 ave solve: 0.001539  ave ICP: 0.015049  map incre: 0.002792 ave total: 0.021223 icp: 0.013553 construct H: 0.000390 
[ mapping ]: time: IMU + Map + Input Downsample: 0.005743 ave match: 0.011973 ave solve: 0.001536  ave ICP: 0.015045  map incre: 0.002406 ave total: 0.021252 icp: 0.013573 construct H: 0.000388 
[ mapping ]: time: IMU + Map + Input Downsample: 0.005625 ave match: 0.011984 ave solve: 0.001527  ave ICP: 0.013740  map incre: 0.001680 ave total: 0.021249 icp: 0.013574 construct H: 0.000386 
[ mapping ]: time: IMU + Map + Input Downsample: 0.005882 ave match: 0.012013 ave solve: 0.001523  ave ICP: 0.015503  map incre: 0.002607 ave total: 0.021288 icp: 0.013600 construct H: 0.000385 
[ mapping ]: time: IMU + Map + Input Downsample: 0.005942 ave match: 0.012043 ave solve: 0.001520  ave ICP: 0.015596  map incre: 0.003022 ave total: 0.021333 icp: 0.013626 construct H: 0.000384 
[ mapping ]: time: IMU + Map + Input Downsample: 0.005658 ave match: 0.012066 ave solve: 0.001516  ave ICP: 0.015109  map incre: 0.002435 ave total: 0.021359 icp: 0.013646 construct H: 0.000382 
[ mapping ]: time: IMU + Map + Input Downsample: 0.005816 ave match: 0.012089 ave solve: 0.001513  ave ICP: 0.015199  map incre: 0.002310 ave total: 0.021385 icp: 0.013665 construct H: 0.000381 
[ mapping ]: time: IMU + Map + Input Downsample: 0.005821 ave match: 0.012111 ave solve: 0.001509  ave ICP: 0.015143  map incre: 0.002693 ave total: 0.021416 icp: 0.013684 construct H: 0.000380 
[ mapping ]: time: IMU + Map + Input Downsample: 0.005651 ave match: 0.012135 ave solve: 0.001506  ave ICP: 0.015278  map incre: 0.002609 ave total: 0.021443 icp: 0.013704 construct H: 0.000379 
[ mapping ]: time: IMU + Map + Input Downsample: 0.004203 ave match: 0.012102 ave solve: 0.001498  ave ICP: 0.010626  map incre: 0.001597 ave total: 0.021378 icp: 0.013663 construct H: 0.000377 
[ mapping ]: time: IMU + Map + Input Downsample: 0.003921 ave match: 0.012096 ave solve: 0.001490  ave ICP: 0.012591  map incre: 0.001551 ave total: 0.021336 icp: 0.013648 construct H: 0.000375 
[ mapping ]: time: IMU + Map + Input Downsample: 0.005844 ave match: 0.012118 ave solve: 0.001486  ave ICP: 0.015156  map incre: 0.002204 ave total: 0.021359 icp: 0.013666 construct H: 0.000374 
[ mapping ]: time: IMU + Map + Input Downsample: 0.005729 ave match: 0.012141 ave solve: 0.001483  ave ICP: 0.015272  map incre: 0.002293 ave total: 0.021384 icp: 0.013685 construct H: 0.000373 
[ mapping ]: time: IMU + Map + Input Downsample: 0.005750 ave match: 0.012123 ave solve: 0.001475  ave ICP: 0.011651  map incre: 0.001645 ave total: 0.021355 icp: 0.013659 construct H: 0.000371 
[ mapping ]: time: IMU + Map + Input Downsample: 0.004218 ave match: 0.012091 ave solve: 0.001467  ave ICP: 0.010476  map incre: 0.001554 ave total: 0.021293 icp: 0.013619 construct H: 0.000369 
[ mapping ]: time: IMU + Map + Input Downsample: 0.004107 ave match: 0.012089 ave solve: 0.001460  ave ICP: 0.012884  map incre: 0.001766 ave total: 0.021262 icp: 0.013609 construct H: 0.000367 
[ mapping ]: time: IMU + Map + Input Downsample: 0.004144 ave match: 0.012083 ave solve: 0.001452  ave ICP: 0.012478  map incre: 0[INFO] [1775739081.670388, 9.813000]: 帧 97: 检测到 12 个目标
[INFO] [1775739081.677439, 9.903000]: 转换得到 117657 个点
Inference ━━━━━━━━━━━━━━━━━━━━━━━━━━━━━━━━━━━━━━━━   
[INFO] [1775739081.704141, 9.913000]: 帧 98: 检测到 11 个目标
[INFO] [1775739081.714142, 10.003000]: 转换得到 117329 个点
Inference ━━━━━━━━━━━━━━━━━━━━━━━━━━━━━━━━━━━━━━━━   
[INFO] [1775739081.741243, 10.013000]: 帧 99: 检测到 12 个目标
[INFO] [1775739081.741997, 10.013000]: PointPillars计时汇总(20帧均值): 点云解析=1.6ms, 临时落盘=0.8ms, 模型推理=27.3ms, 结果提取=0.1ms, 清理临时文件=0.2ms, 相机坐标转换=0.8ms, 发布Detection3DArray=0.1ms, 发布MarkerArray=0.3ms, 发布KITTI串=0.1ms, 发布LiDAR串=0.0ms, 纯计算总耗时=32.0ms, 限速休眠=1.5ms, 墙钟总耗时=33.5ms
[INFO] [1775739081.751358, 10.103000]: 转换得到 116827 个点
Inference ━━━━━━━━━━━━━━━━━━━━━━━━━━━━━━━━━━━━━━━━   
[INFO] [1775739081.777080, 10.111000]: 帧 100: 检测到 11 个目标
[INFO] [1775739081.788263, 10.203000]: 转换得到 116582 个点
Inference ━━━━━━━━━━━━━━━━━━━━━━━━━━━━━━━━━━━━━━━━   
[INFO] [1775739081.815288, 10.213000]: 帧 101: 检测到 11 个目标
[INFO] [1775739081.825263, 10.303000]: 转换得到 116248 个点
Inference ━━━━━━━━━━━━━━━━━━━━━━━━━━━━━━━━━━━━━━━━   
[INFO] [1775739081.851071, 10.311000]: 帧 102: 检测到 9 个目标
[INFO] [1775739081.867857, 10.403000]: 转换得到 116257 个点
Inference ━━━━━━━━━━━━━━━━━━━━━━━━━━━━━━━━━━━━━━━━   
[INFO] [1775739081.894119, 10.411000]: 帧 103: 检测到 10 个目标
[INFO] [1775739081.905046, 10.503000]: 转换得到 116145 个点
Inference ━━━━━━━━━━━━━━━━━━━━━━━━━━━━━━━━━━━━━━━━   
[INFO] [1775739081.933861, 10.513000]: 帧 104: 检测到 10 个目标
[INFO] [1775739081.941596, 10.603000]: 转换得到 116044 个点
Inference ━━━━━━━━━━━━━━━━━━━━━━━━━━━━━━━━━━━━━━━━   
[INFO] [1775739081.970921, 10.613000]: 帧 105: 检测到 10 个目标
[INFO] [1775739081.984354, 10.703000]: 转换得到 115977 个点
Inference ━━━━━━━━━━━━━━━━━━━━━━━━━━━━━━━━━━━━━━━━   
[INFO] [1775739082.012419, 10.713000]: 帧 106: 检测到 10 个目标
[INFO] [1775739082.022094, 10.803000]: 转换得到 116223 个点
Inference ━━━━━━━━━━━━━━━━━━━━━━━━━━━━━━━━━━━━━━━━   
[INFO] [1775739082.048493, 10.813000]: 帧 107: 检测到 10 个目标
[INFO] [1775739082.060767, 10.903000]: 转换得到 116207 个点
Inference ━━━━━━━━━━━━━━━━━━━━━━━━━━━━━━━━━━━━━━━━   
[INFO] [1775739082.091952, 10.913000]: 帧 108: 检测到 10 个目标
[INFO] [1775739082.104782, 11.003000]: 转换得到 116134 个点
Inference ━━━━━━━━━━━━━━━━━━━━━━━━━━━━━━━━━━━━━━━━   
[INFO] [1775739082.134604, 11.013000]: 帧 109: 检测到 10 个目标
[INFO] [1775739082.147004, 11.103000]: 转换得到 116169 个点
Inference ━━━━━━━━━━━━━━━━━━━━━━━━━━━━━━━━━━━━━━━━   
[INFO] [1775739082.174617, 11.113000]: 帧 110: 检测到 11 个目标
[INFO] [1775739082.183987, 11.203000]: 转换得到 116152 个点
Inference ━━━━━━━━━━━━━━━━━━━━━━━━━━━━━━━━━━━━━━━━   
[INFO] [1775739082.210408, 11.211000]: 帧 111: 检测到 10 个目标
[INFO] [1775739082.222628, 11.303000]: 转换得到 116125 个点
Inference ━━━━━━━━━━━━━━━━━━━━━━━━━━━━━━━━━━━━━━━━   
[INFO] [1775739082.254746, 11.315000]: 帧 112: 检测到 9 个目标
[INFO] [1775739082.264770, 11.403000]: 转换得到 115984 个点
Inference ━━━━━━━━━━━━━━━━━━━━━━━━━━━━━━━━━━━━━━━━   
[INFO] [1775739082.298378, 11.415000]: 帧 113: 检测到 11 个目标
[INFO] [1775739082.307960, 11.503000]: 转换得到 115770 个点
Inference ━━━━━━━━━━━━━━━━━━━━━━━━━━━━━━━━━━━━━━━━   
[INFO] [1775739082.343991, 11.515000]: 帧 114: 检测到 11 个目标
[INFO] [1775739082.350116, 11.603000]: 转换得到 115475 个点
Inference ━━━━━━━━━━━━━━━━━━━━━━━━━━━━━━━━━━━━━━━━   
[INFO] [1775739082.380152, 11.613000]: 帧 115: 检测到 11 个目标
[INFO] [1775739082.389197, 11.703000]: 转换得到 115334 个点
Inference ━━━━━━━━━━━━━━━━━━━━━━━━━━━━━━━━━━━━━━━━   
[INFO] [1775739082.418836, 11.713000]: 帧 116: 检测到 11 个目标
[INFO] [1775739082.431985, 11.803000]: 转换得到 115141 个点
Inference ━━━━━━━━━━━━━━━━━━━━━━━━━━━━━━━━━━━━━━━━   
[INFO] [1775739082.462224, 11.813000]: 帧 117: 检测到 11 个目标
[INFO] [1775739082.469238, 11.903000]: 转换得到 114871 个点
Inference ━━━━━━━━━━━━━━━━━━━━━━━━━━━━━━━━━━━━━━━━   
.001515 ave total: 0.021225 icp: 0.013595 construct H: 0.000365 
[ mapping ]: time: IMU + Map + Input Downsample: 0.004014 ave match: 0.012078 ave solve: 0.001444  ave ICP: 0.012527  map incre: 0.001609 ave total: 0.021189 icp: 0.013582 construct H: 0.000363 
[ mapping ]: time: IMU + Map + Input Downsample: 0.004022 ave match: 0.012081 ave solve: 0.001436  ave ICP: 0.013240  map incre: 0.001637 ave total: 0.021162 icp: 0.013577 construct H: 0.000361 
[ mapping ]: time: IMU + Map + Input Downsample: 0.005789 ave match: 0.012103 ave solve: 0.001432  ave ICP: 0.015248  map incre: 0.002180 ave total: 0.021186 icp: 0.013595 construct H: 0.000360 
[ mapping ]: time: IMU + Map + Input Downsample: 0.005735 ave match: 0.012125 ave solve: 0.001429  ave ICP: 0.015254  map incre: 0.002448 ave total: 0.021211 icp: 0.013613 construct H: 0.000359 
[ mapping ]: time: IMU + Map + Input Downsample: 0.005629 ave match: 0.012116 ave solve: 0.001421  ave ICP: 0.012237  map incre: 0.001556 ave total: 0.021191 icp: 0.013596 construct H: 0.000357 
[ mapping ]: time: IMU + Map + Input Downsample: 0.003926 ave match: 0.012110 ave solve: 0.001414  ave ICP: 0.012432  map incre: 0.001793 ave total: 0.021157 icp: 0.013583 construct H: 0.000355 
[ mapping ]: time: IMU + Map + Input Downsample: 0.003883 ave match: 0.012115 ave solve: 0.001407  ave ICP: 0.013401  map incre: 0.002048 ave total: 0.021137 icp: 0.013580 construct H: 0.000353 
[ mapping ]: time: IMU + Map + Input Downsample: 0.003916 ave match: 0.012108 ave solve: 0.001400  ave ICP: 0.012284  map incre: 0.001567 ave total: 0.021101 icp: 0.013565 construct H: 0.000351 
[ mapping ]: time: IMU + Map + Input Downsample: 0.003869 ave match: 0.012112 ave solve: 0.001393  ave ICP: 0.013339  map incre: 0.001513 ave total: 0.021075 icp: 0.013562 construct H: 0.000350 
[ mapping ]: time: IMU + Map + Input Downsample: 0.003954 ave match: 0.012113 ave solve: 0.001386  ave ICP: 0.013016  map incre: 0.001492 ave total: 0.021047 icp: 0.013556 construct H: 0.000348 
[ mapping ]: time: IMU + Map + Input Downsample: 0.003828 ave match: 0.012108 ave solve: 0.001379  ave ICP: 0.012535  map incre: 0.001506 ave total: 0.021014 icp: 0.013544 construct H: 0.000346 
[ mapping ]: time: IMU + Map + Input Downsample: 0.003880 ave match: 0.012107 ave solve: 0.001373  ave ICP: 0.012857  map incre: 0.001901 ave total: 0.020989 icp: 0.013536 construct H: 0.000345 
[ mapping ]: time: IMU + Map + Input Downsample: 0.004187 ave match: 0.012109 ave solve: 0.001367  ave ICP: 0.013176  map incre: 0.001372 ave total: 0.020966 icp: 0.013532 construct H: 0.000343 
[ mapping ]: time: IMU + Map + Input Downsample: 0.005764 ave match: 0.012134 ave solve: 0.001364  ave ICP: 0.015753  map incre: 0.002166 ave total: 0.020993 icp: 0.013554 construct H: 0.000342 
[ mapping ]: time: IMU + Map + Input Downsample: 0.003982 ave match: 0.012140 ave solve: 0.001358  ave ICP: 0.013573  map incre: 0.001492 ave total: 0.020974 icp: 0.013553 construct H: 0.000341 
[ mapping ]: time: IMU + Map + Input Downsample: 0.003925 ave match: 0.012136 ave solve: 0.001351  ave ICP: 0.012532  map incre: 0.001380 ave total: 0.020942 icp: 0.013542 construct H: 0.000339 
[ mapping ]: time: IMU + Map + Input Downsample: 0.004003 ave match: 0.012131 ave solve: 0.001345  ave ICP: 0.012493  map incre: 0.002590 ave total: 0.020924 icp: 0.013531 construct H: 0.000338 
[ mapping ]: time: IMU + Map + Input Downsample: 0.001284 ave match: 0.012131 ave solve: 0.001340  ave ICP: 0.013005  map incre: 0.001305 ave total: 0.020872 icp: 0.013526 construct H: 0.000337 
[ mapping ]: time: IMU + Map + Input Downsample: 0.005618 ave match: 0.012121 ave solve: 0.001333  ave ICP: 0.011839  map incre: 0.001542 ave total: 0.020854 icp: 0.013508 construct H: 0.000335 
[ mapping ]: time: IMU + Map + Input Downsample: 0.005656 ave match: 0.012147 ave solve: 0.001331  ave ICP: 0.016101  map incre: 0.002137 ave total: 0.020883 icp: 0.013532 construct H: 0.000334 
[ mapping ]: time: IMU + Map + Input Downsample: 0.005000 ave match: 0.012153 ave solve: 0.001324  ave ICP: 0.013516  map incre: 0.[INFO] [1775739082.498954, 11.913000]: 帧 118: 检测到 12 个目标
[INFO] [1775739082.506714, 12.003000]: 转换得到 114591 个点
Inference ━━━━━━━━━━━━━━━━━━━━━━━━━━━━━━━━━━━━━━━━   
[INFO] [1775739082.541144, 12.015000]: 帧 119: 检测到 11 个目标
[INFO] [1775739082.542030, 12.015000]: PointPillars计时汇总(20帧均值): 点云解析=1.5ms, 临时落盘=0.7ms, 模型推理=26.6ms, 结果提取=0.1ms, 清理临时文件=0.2ms, 相机坐标转换=0.7ms, 发布Detection3DArray=0.1ms, 发布MarkerArray=0.3ms, 发布KITTI串=0.1ms, 发布LiDAR串=0.0ms, 纯计算总耗时=31.0ms, 限速休眠=0.4ms, 墙钟总耗时=31.4ms
[INFO] [1775739082.550868, 12.103000]: 转换得到 114362 个点
Inference ━━━━━━━━━━━━━━━━━━━━━━━━━━━━━━━━━━━━━━━━   
[INFO] [1775739082.581034, 12.113000]: 帧 120: 检测到 10 个目标
[INFO] [1775739082.591728, 12.203000]: 转换得到 114153 个点
Inference ━━━━━━━━━━━━━━━━━━━━━━━━━━━━━━━━━━━━━━━━   
[INFO] [1775739082.626124, 12.215000]: 帧 121: 检测到 10 个目标
[INFO] [1775739082.635810, 12.303000]: 转换得到 114100 个点
Inference ━━━━━━━━━━━━━━━━━━━━━━━━━━━━━━━━━━━━━━━━   
[INFO] [1775739082.670147, 12.315000]: 帧 122: 检测到 10 个目标
[INFO] [1775739082.678761, 12.403000]: 转换得到 114042 个点
Inference ━━━━━━━━━━━━━━━━━━━━━━━━━━━━━━━━━━━━━━━━   
[INFO] [1775739082.708174, 12.413000]: 帧 123: 检测到 11 个目标
[INFO] [1775739082.716051, 12.503000]: 转换得到 114182 个点
Inference ━━━━━━━━━━━━━━━━━━━━━━━━━━━━━━━━━━━━━━━━   
[INFO] [1775739082.747592, 12.513000]: 帧 124: 检测到 11 个目标
[INFO] [1775739082.757625, 12.603000]: 转换得到 114045 个点
Inference ━━━━━━━━━━━━━━━━━━━━━━━━━━━━━━━━━━━━━━━━   
[INFO] [1775739082.790128, 12.615000]: 帧 125: 检测到 10 个目标
[INFO] [1775739082.799665, 12.703000]: 转换得到 114263 个点
Inference ━━━━━━━━━━━━━━━━━━━━━━━━━━━━━━━━━━━━━━━━   
[INFO] [1775739082.828105, 12.713000]: 帧 126: 检测到 11 个目标
[INFO] [1775739082.836113, 12.803000]: 转换得到 114193 个点
Inference ━━━━━━━━━━━━━━━━━━━━━━━━━━━━━━━━━━━━━━━━   
[INFO] [1775739082.866977, 12.813000]: 帧 127: 检测到 11 个目标
[INFO] [1775739082.876238, 12.903000]: 转换得到 114223 个点
Inference ━━━━━━━━━━━━━━━━━━━━━━━━━━━━━━━━━━━━━━━━   
[INFO] [1775739082.905713, 12.913000]: 帧 128: 检测到 9 个目标
[INFO] [1775739082.914742, 13.003000]: 转换得到 114074 个点
Inference ━━━━━━━━━━━━━━━━━━━━━━━━━━━━━━━━━━━━━━━━   
[INFO] [1775739082.948801, 13.015000]: 帧 129: 检测到 13 个目标
[INFO] [1775739082.958195, 13.103000]: 转换得到 114030 个点
Inference ━━━━━━━━━━━━━━━━━━━━━━━━━━━━━━━━━━━━━━━━   
[INFO] [1775739083.006533, 13.121000]: 帧 130: 检测到 10 个目标
[INFO] [1775739083.018041, 13.203000]: 转换得到 113990 个点
Inference ━━━━━━━━━━━━━━━━━━━━━━━━━━━━━━━━━━━━━━━━   
[WARN] [1775739083.065331, 13.305000]: 等待与检测时间戳对齐的位姿超时，回退使用最新 FAST-LIO 位姿
[INFO] [1775739083.051385, 13.215000]: 帧 131: 检测到 11 个目标
[INFO] [1775739083.060139, 13.303000]: 转换得到 113898 个点
Inference ━━━━━━━━━━━━━━━━━━━━━━━━━━━━━━━━━━━━━━━━   
[INFO] [1775739083.096177, 13.315000]: 帧 132: 检测到 10 个目标
[INFO] [1775739083.102043, 13.403000]: 转换得到 113791 个点
Inference ━━━━━━━━━━━━━━━━━━━━━━━━━━━━━━━━━━━━━━━━   
[INFO] [1775739083.144290, 13.417000]: 帧 133: 检测到 9 个目标
[INFO] [1775739083.150848, 13.503000]: 转换得到 113766 个点
Inference ━━━━━━━━━━━━━━━━━━━━━━━━━━━━━━━━━━━━━━━━   
[INFO] [1775739083.182163, 13.515000]: 帧 134: 检测到 10 个目标
[INFO] [1775739083.193363, 13.603000]: 转换得到 113809 个点
Inference ━━━━━━━━━━━━━━━━━━━━━━━━━━━━━━━━━━━━━━━━   
[INFO] [1775739083.227751, 13.615000]: 帧 135: 检测到 9 个目标
[INFO] [1775739083.236844, 13.703000]: 转换得到 113662 个点
Inference ━━━━━━━━━━━━━━━━━━━━━━━━━━━━━━━━━━━━━━━━   
[INFO] [1775739083.272357, 13.715000]: 帧 136: 检测到 8 个目标
[INFO] [1775739083.284508, 13.803000]: 转换得到 113575 个点
Inference ━━━━━━━━━━━━━━━━━━━━━━━━━━━━━━━━━━━━━━━━   
[INFO] [1775739083.313076, 13.813000]: 帧 137: 检测到 9 个目标
[INFO] [1775739083.322656, 13.903000]: 转换得到 113333 个点
Inference ━━━━━━━━━━━━━━━━━━━━━━━━━━━━━━━━━━━━━━━━   
[INFO] [1775739083.357375, 13.915000]: 帧 138: 检测到 9 个目标
[INFO] [1775739083.367003, 14.003000]: 转换得到 113423 个点
Inference ━━━━━━━━━━━━━━━━━━━━━━━━━━━━━━━━━━━━━━━━   
001455 ave total: 0.020874 icp: 0.013531 construct H: 0.000333 
[ mapping ]: time: IMU + Map + Input Downsample: 0.005682 ave match: 0.012181 ave solve: 0.001322  ave ICP: 0.016252  map incre: 0.002275 ave total: 0.020906 icp: 0.013556 construct H: 0.000332 
[ mapping ]: time: IMU + Map + Input Downsample: 0.003793 ave match: 0.012174 ave solve: 0.001316  ave ICP: 0.012241  map incre: 0.001585 ave total: 0.020875 icp: 0.013543 construct H: 0.000330 
[ mapping ]: time: IMU + Map + Input Downsample: 0.003819 ave match: 0.012181 ave solve: 0.001310  ave ICP: 0.013705  map incre: 0.001548 ave total: 0.020858 icp: 0.013544 construct H: 0.000329 
[ mapping ]: time: IMU + Map + Input Downsample: 0.005573 ave match: 0.012205 ave solve: 0.001307  ave ICP: 0.015874  map incre: 0.003673 ave total: 0.020897 icp: 0.013565 construct H: 0.000328 
[ mapping ]: time: IMU + Map + Input Downsample: 0.005609 ave match: 0.012224 ave solve: 0.001304  ave ICP: 0.015465  map incre: 0.002191 ave total: 0.020919 icp: 0.013581 construct H: 0.000327 
[ mapping ]: time: IMU + Map + Input Downsample: 0.005605 ave match: 0.012224 ave solve: 0.001298  ave ICP: 0.012929  map incre: 0.001446 ave total: 0.020910 icp: 0.013574 construct H: 0.000326 
[ mapping ]: time: IMU + Map + Input Downsample: 0.005593 ave match: 0.012240 ave solve: 0.001295  ave ICP: 0.015158  map incre: 0.002299 ave total: 0.020930 icp: 0.013588 construct H: 0.000325 
[ mapping ]: time: IMU + Map + Input Downsample: 0.005566 ave match: 0.012256 ave solve: 0.001292  ave ICP: 0.015158  map incre: 0.002163 ave total: 0.020947 icp: 0.013601 construct H: 0.000324 
[ mapping ]: time: IMU + Map + Input Downsample: 0.005556 ave match: 0.012269 ave solve: 0.001289  ave ICP: 0.014718  map incre: 0.002120 ave total: 0.020960 icp: 0.013610 construct H: 0.000323 
[ mapping ]: time: IMU + Map + Input Downsample: 0.003791 ave match: 0.012273 ave solve: 0.001283  ave ICP: 0.013480  map incre: 0.001526 ave total: 0.020941 icp: 0.013608 construct H: 0.000321 
[ mapping ]: time: IMU + Map + Input Downsample: 0.005787 ave match: 0.012301 ave solve: 0.001281  ave ICP: 0.016642  map incre: 0.002541 ave total: 0.020975 icp: 0.013634 construct H: 0.000320 
[ mapping ]: time: IMU + Map + Input Downsample: 0.003964 ave match: 0.012317 ave solve: 0.001276  ave ICP: 0.014954  map incre: 0.001848 ave total: 0.020974 icp: 0.013644 construct H: 0.000319 
[ mapping ]: time: IMU + Map + Input Downsample: 0.004028 ave match: 0.012330 ave solve: 0.001271  ave ICP: 0.014720  map incre: 0.001595 ave total: 0.020968 icp: 0.013653 construct H: 0.000318 
[ mapping ]: time: IMU + Map + Input Downsample: 0.005705 ave match: 0.012349 ave solve: 0.001268  ave ICP: 0.015751  map incre: 0.002306 ave total: 0.020992 icp: 0.013669 construct H: 0.000317 
[ mapping ]: time: IMU + Map + Input Downsample: 0.005473 ave match: 0.012364 ave solve: 0.001265  ave ICP: 0.015111  map incre: 0.002108 ave total: 0.021006 icp: 0.013681 construct H: 0.000316 
[ mapping ]: time: IMU + Map + Input Downsample: 0.005581 ave match: 0.012379 ave solve: 0.001263  ave ICP: 0.015339  map incre: 0.002260 ave total: 0.021024 icp: 0.013694 construct H: 0.000315 
[ mapping ]: time: IMU + Map + Input Downsample: 0.005486 ave match: 0.012371 ave solve: 0.001257  ave ICP: 0.012083  map incre: 0.001419 ave total: 0.021007 icp: 0.013680 construct H: 0.000314 
[ mapping ]: time: IMU + Map + Input Downsample: 0.005516 ave match: 0.012364 ave solve: 0.001252  ave ICP: 0.012232  map incre: 0.001487 ave total: 0.020993 icp: 0.013667 construct H: 0.000312 
[ mapping ]: time: IMU + Map + Input Downsample: 0.003923 ave match: 0.012367 ave solve: 0.001247  ave ICP: 0.013359  map incre: 0.001540 ave total: 0.020975 icp: 0.013664 construct H: 0.000311 
[ mapping ]: time: IMU + Map + Input Downsample: 0.003815 ave match: 0.012367 ave solve: 0.001242  ave ICP: 0.013147  map incre: 0.001506 ave total: 0.020955 icp: 0.013660 construct H: 0.000310 
[ mapping ]: time: IMU + Map + Input Downsample: 0.005844 ave match: 0.012384 ave solve: 0.001239  ave ICP: 0.015556  map incre: 0.0[INFO] [1775739083.398572, 14.015000]: 帧 139: 检测到 8 个目标
[INFO] [1775739083.399476, 14.015000]: PointPillars计时汇总(20帧均值): 点云解析=1.8ms, 临时落盘=0.9ms, 模型推理=30.1ms, 结果提取=0.1ms, 清理临时文件=0.2ms, 相机坐标转换=0.9ms, 发布Detection3DArray=0.1ms, 发布MarkerArray=0.3ms, 发布KITTI串=0.1ms, 发布LiDAR串=0.0ms, 纯计算总耗时=35.4ms, 限速休眠=1.0ms, 墙钟总耗时=36.4ms
[INFO] [1775739083.409818, 14.103000]: 转换得到 113155 个点
Inference ━━━━━━━━━━━━━━━━━━━━━━━━━━━━━━━━━━━━━━━━   
[INFO] [1775739083.440662, 14.115000]: 帧 140: 检测到 10 个目标
[INFO] [1775739083.450102, 14.203000]: 转换得到 113067 个点
Inference ━━━━━━━━━━━━━━━━━━━━━━━━━━━━━━━━━━━━━━━━   
[INFO] [1775739083.480856, 14.213000]: 帧 141: 检测到 10 个目标
[INFO] [1775739083.486023, 14.303000]: 转换得到 112919 个点
Inference ━━━━━━━━━━━━━━━━━━━━━━━━━━━━━━━━━━━━━━━━   
[INFO] [1775739083.515890, 14.313000]: 帧 142: 检测到 10 个目标
[INFO] [1775739083.521633, 14.403000]: 转换得到 112556 个点
Inference ━━━━━━━━━━━━━━━━━━━━━━━━━━━━━━━━━━━━━━━━   
[INFO] [1775739083.553382, 14.413000]: 帧 143: 检测到 10 个目标
[INFO] [1775739083.564198, 14.503000]: 转换得到 112239 个点
Inference ━━━━━━━━━━━━━━━━━━━━━━━━━━━━━━━━━━━━━━━━   
[INFO] [1775739083.594427, 14.513000]: 帧 144: 检测到 10 个目标
[INFO] [1775739083.602542, 14.603000]: 转换得到 112097 个点
Inference ━━━━━━━━━━━━━━━━━━━━━━━━━━━━━━━━━━━━━━━━   
[INFO] [1775739083.633318, 14.613000]: 帧 145: 检测到 9 个目标
[INFO] [1775739083.645273, 14.703000]: 转换得到 111976 个点
Inference ━━━━━━━━━━━━━━━━━━━━━━━━━━━━━━━━━━━━━━━━   
[INFO] [1775739083.678463, 14.715000]: 帧 146: 检测到 9 个目标
[INFO] [1775739083.688493, 14.803000]: 转换得到 112072 个点
Inference ━━━━━━━━━━━━━━━━━━━━━━━━━━━━━━━━━━━━━━━━   
[INFO] [1775739083.721750, 14.815000]: 帧 147: 检测到 10 个目标
[INFO] [1775739083.729478, 14.903000]: 转换得到 112035 个点
Inference ━━━━━━━━━━━━━━━━━━━━━━━━━━━━━━━━━━━━━━━━   
[INFO] [1775739083.757226, 14.913000]: 帧 148: 检测到 10 个目标
[INFO] [1775739083.766088, 15.003000]: 转换得到 112374 个点
Inference ━━━━━━━━━━━━━━━━━━━━━━━━━━━━━━━━━━━━━━━━   
[INFO] [1775739083.797245, 15.013000]: 帧 149: 检测到 12 个目标
[INFO] [1775739083.809634, 15.103000]: 转换得到 112772 个点
Inference ━━━━━━━━━━━━━━━━━━━━━━━━━━━━━━━━━━━━━━━━   
[INFO] [1775739083.838922, 15.113000]: 帧 150: 检测到 10 个目标
[INFO] [1775739083.846498, 15.203000]: 转换得到 113308 个点
Inference ━━━━━━━━━━━━━━━━━━━━━━━━━━━━━━━━━━━━━━━━   
[INFO] [1775739083.879987, 15.215000]: 帧 151: 检测到 10 个目标
[INFO] [1775739083.893362, 15.303000]: 转换得到 113670 个点
Inference ━━━━━━━━━━━━━━━━━━━━━━━━━━━━━━━━━━━━━━━━   
[INFO] [1775739083.929113, 15.315000]: 帧 152: 检测到 10 个目标
[INFO] [1775739083.941543, 15.403000]: 转换得到 114203 个点
Inference ━━━━━━━━━━━━━━━━━━━━━━━━━━━━━━━━━━━━━━━━   
[INFO] [1775739083.975573, 15.415000]: 帧 153: 检测到 11 个目标
[INFO] [1775739083.984738, 15.503000]: 转换得到 114860 个点
Inference ━━━━━━━━━━━━━━━━━━━━━━━━━━━━━━━━━━━━━━━━   
[INFO] [1775739084.014442, 15.513000]: 帧 154: 检测到 11 个目标
[INFO] [1775739084.027688, 15.603000]: 转换得到 115193 个点
Inference ━━━━━━━━━━━━━━━━━━━━━━━━━━━━━━━━━━━━━━━━   
[INFO] [1775739084.056112, 15.613000]: 帧 155: 检测到 10 个目标
[INFO] [1775739084.064270, 15.703000]: 转换得到 115584 个点
Inference ━━━━━━━━━━━━━━━━━━━━━━━━━━━━━━━━━━━━━━━━   
[INFO] [1775739084.093651, 15.713000]: 帧 156: 检测到 10 个目标
[INFO] [1775739084.104052, 15.803000]: 转换得到 115838 个点
Inference ━━━━━━━━━━━━━━━━━━━━━━━━━━━━━━━━━━━━━━━━   
[INFO] [1775739084.134649, 15.813000]: 帧 157: 检测到 10 个目标
[INFO] [1775739084.141687, 15.901000]: 转换得到 116368 个点
Inference ━━━━━━━━━━━━━━━━━━━━━━━━━━━━━━━━━━━━━━━━   
[INFO] [1775739084.177037, 15.911000]: 帧 158: 检测到 10 个目标
[INFO] [1775739084.185198, 16.003000]: 转换得到 116756 个点
Inference ━━━━━━━━━━━━━━━━━━━━━━━━━━━━━━━━━━━━━━━━   
[INFO] [1775739084.216768, 16.013000]: 帧 159: 检测到 9 个目标
[INFO] [1775739084.217535, 16.015000]: PointPillars计时汇总(20帧均值): 点云解析=2.1ms, 临时落盘=0.8ms, 模型推理=27.9ms, 结果提取=0.1ms, 清理临时文件=0.2ms, 相机坐标转换=0.8ms, 发布Detection3DArray=0.1ms, 发布MarkerArray=0.3ms, 发布KITTI串=0.1ms, 发布LiDAR串=0.0ms, 纯计算总耗时=33.1ms, 限速休眠=1.0ms, 墙钟总耗时=34.1ms
[INFO] [1775739084.228385, 16.103000]: 转换得到 117109 个点
Inference ━━━━━━━━━━━━━━━━━━━━━━━━━━━━━━━━━━━━━━━━   
02362 ave total: 0.020978 icp: 0.013674 construct H: 0.000309 
[ mapping ]: time: IMU + Map + Input Downsample: 0.005050 ave match: 0.012383 ave solve: 0.001234  ave ICP: 0.012904  map incre: 0.001587 ave total: 0.020966 icp: 0.013667 construct H: 0.000308 
[ mapping ]: time: IMU + Map + Input Downsample: 0.005321 ave match: 0.012396 ave solve: 0.001231  ave ICP: 0.015024  map incre: 0.002652 ave total: 0.020982 icp: 0.013677 construct H: 0.000307 
[ mapping ]: time: IMU + Map + Input Downsample: 0.005686 ave match: 0.012409 ave solve: 0.001228  ave ICP: 0.015115  map incre: 0.002346 ave total: 0.020999 icp: 0.013687 construct H: 0.000306 
[ mapping ]: time: IMU + Map + Input Downsample: 0.005558 ave match: 0.012419 ave solve: 0.001225  ave ICP: 0.014657  map incre: 0.002211 ave total: 0.021010 icp: 0.013694 construct H: 0.000305 
[ mapping ]: time: IMU + Map + Input Downsample: 0.005558 ave match: 0.012404 ave solve: 0.001220  ave ICP: 0.011114  map incre: 0.001502 ave total: 0.020988 icp: 0.013674 construct H: 0.000304 
[ mapping ]: time: IMU + Map + Input Downsample: 0.005529 ave match: 0.012417 ave solve: 0.001218  ave ICP: 0.015116  map incre: 0.002155 ave total: 0.021002 icp: 0.013684 construct H: 0.000303 
[ mapping ]: time: IMU + Map + Input Downsample: 0.005495 ave match: 0.012429 ave solve: 0.001215  ave ICP: 0.015084  map incre: 0.002364 ave total: 0.021017 icp: 0.013694 construct H: 0.000302 
[ mapping ]: time: IMU + Map + Input Downsample: 0.005485 ave match: 0.012441 ave solve: 0.001212  ave ICP: 0.014932  map incre: 0.002069 ave total: 0.021028 icp: 0.013703 construct H: 0.000301 
[ mapping ]: time: IMU + Map + Input Downsample: 0.005565 ave match: 0.012426 ave solve: 0.001208  ave ICP: 0.011073  map incre: 0.001390 ave total: 0.021005 icp: 0.013683 construct H: 0.000300 
[ mapping ]: time: IMU + Map + Input Downsample: 0.003847 ave match: 0.012424 ave solve: 0.001203  ave ICP: 0.012821  map incre: 0.001554 ave total: 0.020985 icp: 0.013676 construct H: 0.000299 
[ mapping ]: time: IMU + Map + Input Downsample: 0.003879 ave match: 0.012416 ave solve: 0.001198  ave ICP: 0.012049  map incre: 0.001456 ave total: 0.020959 icp: 0.013663 construct H: 0.000298 
[ mapping ]: time: IMU + Map + Input Downsample: 0.003814 ave match: 0.012409 ave solve: 0.001194  ave ICP: 0.012097  map incre: 0.001228 ave total: 0.020931 icp: 0.013652 construct H: 0.000296 
[ mapping ]: time: IMU + Map + Input Downsample: 0.005486 ave match: 0.012422 ave solve: 0.001191  ave ICP: 0.015192  map incre: 0.002193 ave total: 0.020945 icp: 0.013662 construct H: 0.000296 
[ mapping ]: time: IMU + Map + Input Downsample: 0.005401 ave match: 0.012435 ave solve: 0.001189  ave ICP: 0.015180  map incre: 0.002183 ave total: 0.020958 icp: 0.013672 construct H: 0.000295 
[ mapping ]: time: IMU + Map + Input Downsample: 0.004030 ave match: 0.012431 ave solve: 0.001185  ave ICP: 0.012584  map incre: 0.001756 ave total: 0.020939 icp: 0.013664 construct H: 0.000294 
[ mapping ]: time: IMU + Map + Input Downsample: 0.003814 ave match: 0.012422 ave solve: 0.001181  ave ICP: 0.011850  map incre: 0.001334 ave total: 0.020912 icp: 0.013651 construct H: 0.000293 
[ mapping ]: time: IMU + Map + Input Downsample: 0.005558 ave match: 0.012435 ave solve: 0.001179  ave ICP: 0.015315  map incre: 0.002243 ave total: 0.020927 icp: 0.013662 construct H: 0.000292 
[ mapping ]: time: IMU + Map + Input Downsample: 0.005535 ave match: 0.012422 ave solve: 0.001175  ave ICP: 0.017861  map incre: 0.001613 ave total: 0.020955 icp: 0.013645 construct H: 0.000291 
[ mapping ]: time: IMU + Map + Input Downsample: 0.005732 ave match: 0.012437 ave solve: 0.001172  ave ICP: 0.015520  map incre: 0.002304 ave total: 0.020973 icp: 0.013657 construct H: 0.000291 
[ mapping ]: time: IMU + Map + Input Downsample: 0.005644 ave match: 0.012450 ave solve: 0.001170  ave ICP: 0.015278  map incre: 0.002634 ave total: 0.020991 icp: 0.013668 construct H: 0.000290 
[ mapping ]: time: IMU + Map + Input Downsample: 0.004028 ave match: 0.012446 ave solve: 0.001166  ave ICP: 0.012506  map incre: 0.00[INFO] [1775739084.256225, 16.113000]: 帧 160: 检测到 9 个目标
[INFO] [1775739084.267546, 16.203000]: 转换得到 117518 个点
Inference ━━━━━━━━━━━━━━━━━━━━━━━━━━━━━━━━━━━━━━━━   
[INFO] [1775739084.298964, 16.215000]: 帧 161: 检测到 10 个目标
[INFO] [1775739084.311762, 16.303000]: 转换得到 117916 个点
Inference ━━━━━━━━━━━━━━━━━━━━━━━━━━━━━━━━━━━━━━━━   
[INFO] [1775739084.342863, 16.313000]: 帧 162: 检测到 9 个目标
[INFO] [1775739084.349382, 16.403000]: 转换得到 118354 个点
Inference ━━━━━━━━━━━━━━━━━━━━━━━━━━━━━━━━━━━━━━━━   
[INFO] [1775739084.379856, 16.413000]: 帧 163: 检测到 10 个目标
[INFO] [1775739084.390749, 16.503000]: 转换得到 118727 个点
Inference ━━━━━━━━━━━━━━━━━━━━━━━━━━━━━━━━━━━━━━━━   
[INFO] [1775739084.421288, 16.513000]: 帧 164: 检测到 11 个目标
[INFO] [1775739084.434493, 16.603000]: 转换得到 119028 个点
Inference ━━━━━━━━━━━━━━━━━━━━━━━━━━━━━━━━━━━━━━━━   
[INFO] [1775739084.469054, 16.615000]: 帧 165: 检测到 10 个目标
[INFO] [1775739084.481580, 16.703000]: 转换得到 119093 个点
Inference ━━━━━━━━━━━━━━━━━━━━━━━━━━━━━━━━━━━━━━━━   
[WARN] [1775739084.544142, 16.809000]: [joint_backend_ego] optimize slow: 100.2 ms (window=8)
[INFO] [1775739084.511427, 16.715000]: 帧 166: 检测到 10 个目标
[INFO] [1775739084.524906, 16.803000]: 转换得到 119263 个点
Inference ━━━━━━━━━━━━━━━━━━━━━━━━━━━━━━━━━━━━━━━━   
[INFO] [1775739084.554666, 16.813000]: 帧 167: 检测到 11 个目标
[INFO] [1775739084.563924, 16.903000]: 转换得到 119455 个点
Inference ━━━━━━━━━━━━━━━━━━━━━━━━━━━━━━━━━━━━━━━━   
[INFO] [1775739084.596926, 16.915000]: 帧 168: 检测到 10 个目标
[INFO] [1775739084.609556, 17.003000]: 转换得到 119446 个点
Inference ━━━━━━━━━━━━━━━━━━━━━━━━━━━━━━━━━━━━━━━━   
[INFO] [1775739084.642481, 17.015000]: 帧 169: 检测到 11 个目标
[INFO] [1775739084.653438, 17.103000]: 转换得到 119408 个点
Inference ━━━━━━━━━━━━━━━━━━━━━━━━━━━━━━━━━━━━━━━━   
[INFO] [1775739084.686423, 17.115000]: 帧 170: 检测到 10 个目标
[INFO] [1775739084.694527, 17.203000]: 转换得到 119362 个点
Inference ━━━━━━━━━━━━━━━━━━━━━━━━━━━━━━━━━━━━━━━━   
[INFO] [1775739084.731913, 17.217000]: 帧 171: 检测到 11 个目标
[INFO] [1775739084.743415, 17.303000]: 转换得到 119404 个点
Inference ━━━━━━━━━━━━━━━━━━━━━━━━━━━━━━━━━━━━━━━━   
[INFO] [1775739084.773952, 17.313000]: 帧 172: 检测到 11 个目标
[INFO] [1775739084.781289, 17.403000]: 转换得到 119571 个点
Inference ━━━━━━━━━━━━━━━━━━━━━━━━━━━━━━━━━━━━━━━━   
[INFO] [1775739084.815235, 17.415000]: 帧 173: 检测到 11 个目标
[INFO] [1775739084.829108, 17.503000]: 转换得到 119686 个点
Inference ━━━━━━━━━━━━━━━━━━━━━━━━━━━━━━━━━━━━━━━━   
[INFO] [1775739081.183522, 8.701000]: [offline_bag_feeder] frame=88 lidar stamp=8.701000
[INFO] [1775739081.228413, 8.801000]: [offline_bag_feeder] frame=89 lidar stamp=8.801000
[INFO] [1775739081.271629, 8.901000]: [offline_bag_feeder] frame=90 lidar stamp=8.901000
[INFO] [1775739081.315466, 9.001000]: [offline_bag_feeder] frame=91 lidar stamp=9.001000
[INFO] [1775739081.353527, 9.101000]: [offline_bag_feeder] frame=92 lidar stamp=9.101000
[INFO] [1775739081.398065, 9.201000]: [offline_bag_feeder] frame=93 lidar stamp=9.201000
[INFO] [1775739081.442887, 9.301000]: [offline_bag_feeder] frame=94 lidar stamp=9.301000
[INFO] [1775739081.480661, 9.401000]: [offline_bag_feeder] frame=95 lidar stamp=9.401000
[INFO] [1775739081.519450, 9.501000]: [offline_bag_feeder] frame=96 lidar stamp=9.501000
[INFO] [1775739081.557052, 9.601000]: [offline_bag_feeder] frame=97 lidar stamp=9.601000
[INFO] [1775739081.600544, 9.701000]: [offline_bag_feeder] frame=98 lidar stamp=9.701000
[INFO] [1775739081.637804, 9.801000]: [offline_bag_feeder] frame=99 lidar stamp=9.801000
[INFO] [1775739081.674744, 9.901000]: [offline_bag_feeder] frame=100 lidar stamp=9.901000
[INFO] [1775739081.711744, 10.001000]: [offline_bag_feeder] frame=101 lidar stamp=10.001000
[INFO] [1775739081.749068, 10.101000]: [offline_bag_feeder] frame=102 lidar stamp=10.101000
[INFO] [1775739081.785993, 10.201000]: [offline_bag_feeder] frame=103 lidar stamp=10.201000
[INFO] [1775739081.823026, 10.301000]: [offline_bag_feeder] frame=104 lidar stamp=10.301000
[INFO] [1775739081.865603, 10.401000]: [offline_bag_feeder] frame=105 lidar stamp=10.401000
[INFO] [1775739081.902748, 10.501000]: [offline_bag_feeder] frame=106 lidar stamp=10.501000
[INFO] [1775739081.939302, 10.601000]: [offline_bag_feeder] frame=107 lidar stamp=10.601000
[INFO] [1775739081.981499, 10.701000]: [offline_bag_feeder] frame=108 lidar stamp=10.701000
[INFO] [1775739082.019198, 10.801000]: [offline_bag_feeder] frame=109 lidar stamp=10.801000
[INFO] [1775739082.058499, 10.901000]: [offline_bag_feeder] frame=110 lidar stamp=10.901000
[INFO] [1775739082.101039, 11.001000]: [offline_bag_feeder] frame=111 lidar stamp=11.001000
[INFO] [1775739082.144444, 11.101000]: [offline_bag_feeder] frame=112 lidar stamp=11.101000
[INFO] [1775739082.181671, 11.201000]: [offline_bag_feeder] frame=113 lidar stamp=11.201000
[INFO] [1775739082.218983, 11.301000]: [offline_bag_feeder] frame=114 lidar stamp=11.301000
[INFO] [1775739082.262552, 11.401000]: [offline_bag_feeder] frame=115 lidar stamp=11.401000
[INFO] [1775739082.305734, 11.501000]: [offline_bag_feeder] frame=116 lidar stamp=11.501000
[INFO] [1775739082.348193, 11.601000]: [offline_bag_feeder] frame=117 lidar stamp=11.601000
[INFO] [1775739082.386740, 11.701000]: [offline_bag_feeder] frame=118 lidar stamp=11.701000
[INFO] [1775739082.429662, 11.801000]: [offline_bag_feeder] frame=119 lidar stamp=11.801000
[INFO] [1775739082.466954, 11.901000]: [offline_bag_feeder] frame=120 lidar stamp=11.901000
[INFO] [1775739082.504675, 12.001000]: [offline_bag_feeder] frame=121 lidar stamp=12.001000
[INFO] [1775739082.547158, 12.101000]: [offline_bag_feeder] frame=122 lidar stamp=12.101000
[INFO] [1775739082.589554, 12.201000]: [offline_bag_feeder] frame=123 lidar stamp=12.201000
[INFO] [1775739082.632305, 12.301000]: [offline_bag_feeder] frame=124 lidar stamp=12.301000
[INFO] [1775739082.675280, 12.401000]: [offline_bag_feeder] frame=125 lidar stamp=12.401000
[INFO] [1775739082.713511, 12.501000]: [offline_bag_feeder] frame=126 lidar stamp=12.501000
[INFO] [1775739082.755332, 12.601000]: [offline_bag_feeder] frame=127 lidar stamp=12.601000
[INFO] [1775739082.796914, 12.701000]: [offline_bag_feeder] frame=128 lidar stamp=12.701000
[INFO] [1775739082.832750, 12.801000]: [offline_bag_feeder] frame=129 lidar stamp=12.801000
[INFO] [1775739082.874025, 12.901000]: [offline_bag_feeder] frame=130 lidar stamp=12.901000
[INFO] [1775739082.911071, 13.001000]: [offline_bag_feeder] frame=131 lidar stamp=13.001000
[INFO] [1775739082.954496, 13.101000]: [offline_bag_feeder] frame=132 lidar stamp=13.101000
[INFO] [1775739083.013904, 13.201000]: [offline_bag_feeder] frame=133 lidar stamp=13.201000
[INFO] [1775739083.057629, 13.301000]: [offline_bag_feeder] frame=134 lidar stamp=13.301000
[INFO] [1775739083.099629, 13.401000]: [offline_bag_feeder] frame=135 lidar stamp=13.401000
[INFO] [1775739083.146982, 13.501000]: [offline_bag_feeder] frame=136 lidar stamp=13.501000
[INFO] [1775739083.189326, 13.601000]: [offline_bag_feeder] frame=137 lidar stamp=13.601000
[INFO] [1775739083.232296, 13.701000]: [offline_bag_feeder] frame=138 lidar stamp=13.701000
[INFO] [1775739083.280749, 13.801000]: [offline_bag_feeder] frame=139 lidar stamp=13.801000
[INFO] [1775739083.319494, 13.901000]: [offline_bag_feeder] frame=140 lidar stamp=13.901000
[INFO] [1775739083.363142, 14.001000]: [offline_bag_feeder] frame=141 lidar stamp=14.001000
[INFO] [1775739083.405867, 14.101000]: [offline_bag_feeder] frame=142 lidar stamp=14.101000
[INFO] [1775739083.447809, 14.201000]: [offline_bag_feeder] frame=143 lidar stamp=14.201000
[INFO] [1775739083.483857, 14.301000]: [offline_bag_feeder] frame=144 lidar stamp=14.301000
[INFO] [1775739083.519412, 14.401000]: [offline_bag_feeder] frame=145 lidar stamp=14.401000
[INFO] [1775739083.561898, 14.501000]: [offline_bag_feeder] frame=146 lidar stamp=14.501000
[INFO] [1775739083.599194, 14.601000]: [offline_bag_feeder] frame=147 lidar stamp=14.601000
[INFO] [1775739083.641824, 14.701000]: [offline_bag_feeder] frame=148 lidar stamp=14.701000
[INFO] [1775739083.684410, 14.801000]: [offline_bag_feeder] frame=149 lidar stamp=14.801000
[INFO] [1775739083.727321, 14.901000]: [offline_bag_feeder] frame=150 lidar stamp=14.901000
[INFO] [1775739083.763199, 15.001000]: [offline_bag_feeder] frame=151 lidar stamp=15.001000
[INFO] [1775739083.807088, 15.101000]: [offline_bag_feeder] frame=152 lidar stamp=15.101000
[INFO] [1775739083.844714, 15.201000]: [offline_bag_feeder] frame=153 lidar stamp=15.201000
[INFO] [1775739083.889766, 15.301000]: [offline_bag_feeder] frame=154 lidar stamp=15.301000
[INFO] [1775739083.938427, 15.401000]: [offline_bag_feeder] frame=155 lidar stamp=15.401000
[INFO] [1775739083.981112, 15.501000]: [offline_bag_feeder] frame=156 lidar stamp=15.501000
[INFO] [1775739084.024251, 15.601000]: [offline_bag_feeder] frame=157 lidar stamp=15.601000
[INFO] [1775739084.062536, 15.701000]: [offline_bag_feeder] frame=158 lidar stamp=15.701000
[INFO] [1775739084.101831, 15.801000]: [offline_bag_feeder] frame=159 lidar stamp=15.801000
[INFO] [1775739084.139338, 15.901000]: [offline_bag_feeder] frame=160 lidar stamp=15.901000
[INFO] [1775739084.182456, 16.001000]: [offline_bag_feeder] frame=161 lidar stamp=16.001000
[INFO] [1775739084.226139, 16.101000]: [offline_bag_feeder] frame=162 lidar stamp=16.101000
[INFO] [1775739084.264313, 16.201000]: [offline_bag_feeder] frame=163 lidar stamp=16.201000
[INFO] [1775739084.309320, 16.301000]: [offline_bag_feeder] frame=164 lidar stamp=16.301000
[INFO] [1775739084.347330, 16.401000]: [offline_bag_feeder] frame=165 lidar stamp=16.401000
[INFO] [1775739084.387236, 16.501000]: [offline_bag_feeder] frame=166 lidar stamp=16.501000
[INFO] [1775739084.431665, 16.601000]: [offline_bag_feeder] frame=167 lidar stamp=16.601000
[INFO] [1775739084.476774, 16.701000]: [offline_bag_feeder] frame=168 lidar stamp=16.701000
[INFO] [1775739084.521901, 16.801000]: [offline_bag_feeder] frame=169 lidar stamp=16.801000
[INFO] [1775739084.561414, 16.901000]: [offline_bag_feeder] frame=170 lidar stamp=16.901000
[INFO] [1775739084.606057, 17.001000]: [offline_bag_feeder] frame=171 lidar stamp=17.001000
[INFO] [1775739084.649166, 17.101000]: [offline_bag_feeder] frame=172 lidar stamp=17.101000
[INFO] [1775739084.690299, 17.201000]: [offline_bag_feeder] frame=173 lidar stamp=17.201000
[INFO] [1775739084.739956, 17.301000]: [offline_bag_feeder] frame=174 lidar stamp=17.301000
[INFO] [1775739084.777004, 17.401000]: [offline_bag_feeder] frame=175 lidar stamp=17.401000
[INFO] [1775739084.825026, 17.501000]: [offline_bag_feeder] frame=176 lidar stamp=17.501000
[INFO] [1775739084.887326, 17.601000]: [offline_bag_feeder] frame=177 lidar stamp=17.601000
[INFO] [1775739084.877449, 17.521000]: 帧 174: 检测到 10 个目标
[INFO] [1775739084.892026, 17.603000]: 转换得到 119613 个点
Inference ━━━━━━━━━━━━━━━━━━━━━━━━━━━━━━━━━━━━━━━━   
[INFO] [1775739084.934071, 17.617000]: 帧 175: 检测到 10 个目标
[INFO] [1775739084.947841, 17.703000]: 转换得到 119730 个点
Inference ━━━━━━━━━━━━━━━━━━━━━━━━━━━━━━━━━━━━━━━━   
[INFO] [1775739084.987885, 17.719000]: 帧 176: 检测到 11 个目标
[INFO] [1775739084.997261, 17.803000]: 转换得到 119694 个点
Inference ━━━━━━━━━━━━━━━━━━━━━━━━━━━━━━━━━━━━━━━━   
[INFO] [1775739085.027735, 17.813000]: 帧 177: 检测到 13 个目标
[INFO] [1775739085.037273, 17.903000]: 转换得到 119755 个点
Inference ━━━━━━━━━━━━━━━━━━━━━━━━━━━━━━━━━━━━━━━━   
[INFO] [1775739085.067430, 17.913000]: 帧 178: 检测到 11 个目标
[INFO] [1775739085.077175, 18.003000]: 转换得到 119776 个点
Inference ━━━━━━━━━━━━━━━━━━━━━━━━━━━━━━━━━━━━━━━━   
[INFO] [1775739085.113106, 18.015000]: 帧 179: 检测到 12 个目标
[INFO] [1775739085.113889, 18.015000]: PointPillars计时汇总(20帧均值): 点云解析=1.8ms, 临时落盘=0.9ms, 模型推理=30.2ms, 结果提取=0.1ms, 清理临时文件=0.2ms, 相机坐标转换=0.9ms, 发布Detection3DArray=0.1ms, 发布MarkerArray=0.3ms, 发布KITTI串=0.1ms, 发布LiDAR串=0.0ms, 纯计算总耗时=35.5ms, 限速休眠=0.9ms, 墙钟总耗时=36.4ms
[INFO] [1775739085.123481, 18.103000]: 转换得到 119870 个点
Inference ━━━━━━━━━━━━━━━━━━━━━━━━━━━━━━━━━━━━━━━━   
[INFO] [1775739085.158157, 18.117000]: 帧 180: 检测到 9 个目标
[INFO] [1775739085.173545, 18.203000]: 转换得到 119802 个点
Inference ━━━━━━━━━━━━━━━━━━━━━━━━━━━━━━━━━━━━━━━━   
1343 ave total: 0.020970 icp: 0.013659 construct H: 0.000289 
[ mapping ]: time: IMU + Map + Input Downsample: 0.003930 ave match: 0.012451 ave solve: 0.001162  ave ICP: 0.013778  map incre: 0.001190 ave total: 0.020956 icp: 0.013660 construct H: 0.000288 
[ mapping ]: time: IMU + Map + Input Downsample: 0.005691 ave match: 0.012464 ave solve: 0.001159  ave ICP: 0.015371  map incre: 0.001889 ave total: 0.020969 icp: 0.013670 construct H: 0.000287 
[ mapping ]: time: IMU + Map + Input Downsample: 0.005889 ave match: 0.012480 ave solve: 0.001157  ave ICP: 0.015728  map incre: 0.001885 ave total: 0.020986 icp: 0.013684 construct H: 0.000286 
[ mapping ]: time: IMU + Map + Input Downsample: 0.005751 ave match: 0.012494 ave solve: 0.001154  ave ICP: 0.015491  map incre: 0.001979 ave total: 0.021001 icp: 0.013695 construct H: 0.000285 
[ mapping ]: time: IMU + Map + Input Downsample: 0.004734 ave match: 0.012479 ave solve: 0.001151  ave ICP: 0.010960  map incre: 0.001335 ave total: 0.020975 icp: 0.013677 construct H: 0.000284 
[ mapping ]: time: IMU + Map + Input Downsample: 0.003913 ave match: 0.012473 ave solve: 0.001147  ave ICP: 0.012180  map incre: 0.001055 ave total: 0.020950 icp: 0.013666 construct H: 0.000283 
[ mapping ]: time: IMU + Map + Input Downsample: 0.005871 ave match: 0.012489 ave solve: 0.001144  ave ICP: 0.015837  map incre: 0.001708 ave total: 0.020966 icp: 0.013680 construct H: 0.000283 
[ mapping ]: time: IMU + Map + Input Downsample: 0.005823 ave match: 0.012490 ave solve: 0.001140  ave ICP: 0.013218  map incre: 0.001302 ave total: 0.020962 icp: 0.013676 construct H: 0.000282 
[ mapping ]: time: IMU + Map + Input Downsample: 0.005777 ave match: 0.012492 ave solve: 0.001136  ave ICP: 0.013438  map incre: 0.001380 ave total: 0.020959 icp: 0.013674 construct H: 0.000281 
[ mapping ]: time: IMU + Map + Input Downsample: 0.005821 ave match: 0.012507 ave solve: 0.001134  ave ICP: 0.015821  map incre: 0.002084 ave total: 0.020977 icp: 0.013687 construct H: 0.000280 
[ mapping ]: time: IMU + Map + Input Downsample: 0.005868 ave match: 0.012509 ave solve: 0.001131  ave ICP: 0.013485  map incre: 0.001401 ave total: 0.020976 icp: 0.013686 construct H: 0.000279 
[ mapping ]: time: IMU + Map + Input Downsample: 0.004030 ave match: 0.012513 ave solve: 0.001127  ave ICP: 0.013900  map incre: 0.004151 ave total: 0.020983 icp: 0.013687 construct H: 0.000278 
[ mapping ]: time: IMU + Map + Input Downsample: 0.005597 ave match: 0.012529 ave solve: 0.001126  ave ICP: 0.016191  map incre: 0.001662 ave total: 0.020998 icp: 0.013702 construct H: 0.000278 
[ mapping ]: time: IMU + Map + Input Downsample: 0.005902 ave match: 0.012583 ave solve: 0.001125  ave ICP: 0.022317  map incre: 0.001807 ave total: 0.021054 icp: 0.013754 construct H: 0.000278 
[ mapping ]: time: IMU + Map + Input Downsample: 0.005657 ave match: 0.012599 ave solve: 0.001124  ave ICP: 0.016143  map incre: 0.002003 ave total: 0.021071 icp: 0.013768 construct H: 0.000277 
[ mapping ]: time: IMU + Map + Input Downsample: 0.005939 ave match: 0.012607 ave solve: 0.001122  ave ICP: 0.015061  map incre: 0.002069 ave total: 0.021083 icp: 0.013776 construct H: 0.000277 
[ mapping ]: time: IMU + Map + Input Downsample: 0.004534 ave match: 0.012608 ave solve: 0.001119  ave ICP: 0.013292  map incre: 0.001467 ave total: 0.021072 icp: 0.013772 construct H: 0.000276 
[ mapping ]: time: IMU + Map + Input Downsample: 0.004103 ave match: 0.012608 ave solve: 0.001116  ave ICP: 0.013369  map incre: 0.001396 ave total: 0.021059 icp: 0.013769 construct H: 0.000275 
[ mapping ]: time: IMU + Map + Input Downsample: 0.005890 ave match: 0.012606 ave solve: 0.001112  ave ICP: 0.012914  map incre: 0.001385 ave total: 0.021054 icp: 0.013764 construct H: 0.000274 
[ mapping ]: time: IMU + Map + Input Downsample: 0.004004 ave match: 0.012609 ave solve: 0.001109  ave ICP: 0.013741  map incre: 0.001593 ave total: 0.021044 icp: 0.013763 construct H: 0.000273 
[ mapping ]: time: IMU + Map + Input Downsample: 0.004042 ave match: 0.012611 ave solve: 0.001106  ave ICP: 0.013714  map incre: 0.001[INFO] [1775739085.207000, 18.215000]: 帧 181: 检测到 10 个目标
[INFO] [1775739085.217665, 18.303000]: 转换得到 119769 个点
Inference ━━━━━━━━━━━━━━━━━━━━━━━━━━━━━━━━━━━━━━━━   
[INFO] [1775739085.249807, 18.315000]: 帧 182: 检测到 10 个目标
[INFO] [1775739085.261533, 18.403000]: 转换得到 119833 个点
Inference ━━━━━━━━━━━━━━━━━━━━━━━━━━━━━━━━━━━━━━━━   
[INFO] [1775739085.291053, 18.413000]: 帧 183: 检测到 11 个目标
[INFO] [1775739085.303216, 18.503000]: 转换得到 119952 个点
Inference ━━━━━━━━━━━━━━━━━━━━━━━━━━━━━━━━━━━━━━━━   
[INFO] [1775739085.330649, 18.513000]: 帧 184: 检测到 9 个目标
[INFO] [1775739085.344369, 18.603000]: 转换得到 119883 个点
Inference ━━━━━━━━━━━━━━━━━━━━━━━━━━━━━━━━━━━━━━━━   
[INFO] [1775739085.373138, 18.613000]: 帧 185: 检测到 10 个目标
[INFO] [1775739085.379294, 18.703000]: 转换得到 119730 个点
Inference ━━━━━━━━━━━━━━━━━━━━━━━━━━━━━━━━━━━━━━━━   
[INFO] [1775739085.410313, 18.713000]: 帧 186: 检测到 10 个目标
[INFO] [1775739085.416646, 18.803000]: 转换得到 119464 个点
Inference ━━━━━━━━━━━━━━━━━━━━━━━━━━━━━━━━━━━━━━━━   
[INFO] [1775739085.445827, 18.813000]: 帧 187: 检测到 9 个目标
[INFO] [1775739085.458773, 18.903000]: 转换得到 119284 个点
Inference ━━━━━━━━━━━━━━━━━━━━━━━━━━━━━━━━━━━━━━━━   
[INFO] [1775739085.487256, 18.913000]: 帧 188: 检测到 9 个目标
[INFO] [1775739085.495921, 19.003000]: 转换得到 119148 个点
Inference ━━━━━━━━━━━━━━━━━━━━━━━━━━━━━━━━━━━━━━━━   
[INFO] [1775739085.528095, 19.015000]: 帧 189: 检测到 8 个目标
[INFO] [1775739085.538036, 19.103000]: 转换得到 119101 个点
Inference ━━━━━━━━━━━━━━━━━━━━━━━━━━━━━━━━━━━━━━━━   
[INFO] [1775739085.567003, 19.113000]: 帧 190: 检测到 10 个目标
[INFO] [1775739085.576114, 19.203000]: 转换得到 119362 个点
Inference ━━━━━━━━━━━━━━━━━━━━━━━━━━━━━━━━━━━━━━━━   
[INFO] [1775739085.607651, 19.215000]: 帧 191: 检测到 10 个目标
[INFO] [1775739085.618062, 19.303000]: 转换得到 119341 个点
Inference ━━━━━━━━━━━━━━━━━━━━━━━━━━━━━━━━━━━━━━━━   
[INFO] [1775739085.648388, 19.313000]: 帧 192: 检测到 9 个目标
[INFO] [1775739085.657475, 19.403000]: 转换得到 119433 个点
Inference ━━━━━━━━━━━━━━━━━━━━━━━━━━━━━━━━━━━━━━━━   
[INFO] [1775739085.689071, 19.413000]: 帧 193: 检测到 8 个目标
[INFO] [1775739085.702565, 19.503000]: 转换得到 119540 个点
Inference ━━━━━━━━━━━━━━━━━━━━━━━━━━━━━━━━━━━━━━━━   
[INFO] [1775739085.734726, 19.513000]: 帧 194: 检测到 8 个目标
[INFO] [1775739085.746742, 19.603000]: 转换得到 119503 个点
Inference ━━━━━━━━━━━━━━━━━━━━━━━━━━━━━━━━━━━━━━━━   
[INFO] [1775739085.779599, 19.615000]: 帧 195: 检测到 9 个目标
[INFO] [1775739085.789349, 19.703000]: 转换得到 119605 个点
Inference ━━━━━━━━━━━━━━━━━━━━━━━━━━━━━━━━━━━━━━━━   
[INFO] [1775739085.822917, 19.715000]: 帧 196: 检测到 9 个目标
[INFO] [1775739085.831711, 19.803000]: 转换得到 119398 个点
Inference ━━━━━━━━━━━━━━━━━━━━━━━━━━━━━━━━━━━━━━━━   
[INFO] [1775739085.865365, 19.815000]: 帧 197: 检测到 8 个目标
[INFO] [1775739085.875400, 19.903000]: 转换得到 119238 个点
Inference ━━━━━━━━━━━━━━━━━━━━━━━━━━━━━━━━━━━━━━━━   
[INFO] [1775739085.907984, 19.915000]: 帧 198: 检测到 9 个目标
[INFO] [1775739085.919280, 20.003000]: 转换得到 119186 个点
Inference ━━━━━━━━━━━━━━━━━━━━━━━━━━━━━━━━━━━━━━━━   
[INFO] [1775739085.949019, 20.013000]: 帧 199: 检测到 9 个目标
[INFO] [1775739085.949814, 20.015000]: PointPillars计时汇总(20帧均值): 点云解析=1.8ms, 临时落盘=0.9ms, 模型推理=27.9ms, 结果提取=0.1ms, 清理临时文件=0.2ms, 相机坐标转换=0.8ms, 发布Detection3DArray=0.1ms, 发布MarkerArray=0.3ms, 发布KITTI串=0.1ms, 发布LiDAR串=0.0ms, 纯计算总耗时=33.0ms, 限速休眠=0.8ms, 墙钟总耗时=33.8ms
[INFO] [1775739085.961216, 20.103000]: 转换得到 119337 个点
Inference ━━━━━━━━━━━━━━━━━━━━━━━━━━━━━━━━━━━━━━━━   
[INFO] [1775739085.990502, 20.113000]: 帧 200: 检测到 9 个目标
[INFO] [1775739085.998457, 20.203000]: 转换得到 119389 个点
Inference ━━━━━━━━━━━━━━━━━━━━━━━━━━━━━━━━━━━━━━━━   
[INFO] [1775739086.030730, 20.215000]: 帧 201: 检测到 8 个目标
[INFO] [1775739086.042754, 20.303000]: 转换得到 119468 个点
Inference ━━━━━━━━━━━━━━━━━━━━━━━━━━━━━━━━━━━━━━━━   
482 ave total: 0.021033 icp: 0.013762 construct H: 0.000273 
[ mapping ]: time: IMU + Map + Input Downsample: 0.003966 ave match: 0.012610 ave solve: 0.001103  ave ICP: 0.013137  map incre: 0.001896 ave total: 0.021021 icp: 0.013758 construct H: 0.000272 
[ mapping ]: time: IMU + Map + Input Downsample: 0.005949 ave match: 0.012619 ave solve: 0.001101  ave ICP: 0.015033  map incre: 0.002232 ave total: 0.021034 icp: 0.013765 construct H: 0.000271 
[ mapping ]: time: IMU + Map + Input Downsample: 0.004032 ave match: 0.012606 ave solve: 0.001099  ave ICP: 0.011235  map incre: 0.001558 ave total: 0.021009 icp: 0.013750 construct H: 0.000271 
[ mapping ]: time: IMU + Map + Input Downsample: 0.004000 ave match: 0.012588 ave solve: 0.001096  ave ICP: 0.010073  map incre: 0.001772 ave total: 0.020979 icp: 0.013728 construct H: 0.000270 
[ mapping ]: time: IMU + Map + Input Downsample: 0.004044 ave match: 0.012586 ave solve: 0.001092  ave ICP: 0.012846  map incre: 0.001402 ave total: 0.020964 icp: 0.013723 construct H: 0.000269 
[ mapping ]: time: IMU + Map + Input Downsample: 0.004012 ave match: 0.012582 ave solve: 0.001089  ave ICP: 0.012458  map incre: 0.001675 ave total: 0.020947 icp: 0.013715 construct H: 0.000268 
[ mapping ]: time: IMU + Map + Input Downsample: 0.004007 ave match: 0.012577 ave solve: 0.001086  ave ICP: 0.012452  map incre: 0.001475 ave total: 0.020930 icp: 0.013708 construct H: 0.000267 
[ mapping ]: time: IMU + Map + Input Downsample: 0.004003 ave match: 0.012564 ave solve: 0.001083  ave ICP: 0.010877  map incre: 0.001758 ave total: 0.020906 icp: 0.013691 construct H: 0.000267 
[ mapping ]: time: IMU + Map + Input Downsample: 0.004031 ave match: 0.012544 ave solve: 0.001080  ave ICP: 0.009726  map incre: 0.001814 ave total: 0.020876 icp: 0.013668 construct H: 0.000266 
[ mapping ]: time: IMU + Map + Input Downsample: 0.003924 ave match: 0.012541 ave solve: 0.001077  ave ICP: 0.012571  map incre: 0.001961 ave total: 0.020862 icp: 0.013662 construct H: 0.000265 
[ mapping ]: time: IMU + Map + Input Downsample: 0.005702 ave match: 0.012549 ave solve: 0.001075  ave ICP: 0.014769  map incre: 0.002620 ave total: 0.020874 icp: 0.013668 construct H: 0.000265 
[ mapping ]: time: IMU + Map + Input Downsample: 0.005230 ave match: 0.012554 ave solve: 0.001073  ave ICP: 0.014261  map incre: 0.001708 ave total: 0.020876 icp: 0.013670 construct H: 0.000264 
[ mapping ]: time: IMU + Map + Input Downsample: 0.003978 ave match: 0.012545 ave solve: 0.001070  ave ICP: 0.011581  map incre: 0.001745 ave total: 0.020857 icp: 0.013659 construct H: 0.000263 
[ mapping ]: time: IMU + Map + Input Downsample: 0.004548 ave match: 0.012528 ave solve: 0.001067  ave ICP: 0.010132  map incre: 0.001799 ave total: 0.020832 icp: 0.013639 construct H: 0.000262 
[ mapping ]: time: IMU + Map + Input Downsample: 0.005878 ave match: 0.012536 ave solve: 0.001066  ave ICP: 0.014876  map incre: 0.002556 ave total: 0.020846 icp: 0.013645 construct H: 0.000262 
[ mapping ]: time: IMU + Map + Input Downsample: 0.005981 ave match: 0.012544 ave solve: 0.001064  ave ICP: 0.014898  map incre: 0.002746 ave total: 0.020861 icp: 0.013651 construct H: 0.000262 
[ mapping ]: time: IMU + Map + Input Downsample: 0.005910 ave match: 0.012532 ave solve: 0.001062  ave ICP: 0.011027  map incre: 0.002073 ave total: 0.020851 icp: 0.013637 construct H: 0.000261 
[ mapping ]: time: IMU + Map + Input Downsample: 0.005835 ave match: 0.012541 ave solve: 0.001060  ave ICP: 0.015125  map incre: 0.004040 ave total: 0.020873 icp: 0.013644 construct H: 0.000260 
[ mapping ]: time: IMU + Map + Input Downsample: 0.005771 ave match: 0.012543 ave solve: 0.001059  ave ICP: 0.013850  map incre: 0.001910 ave total: 0.020877 icp: 0.013645 construct H: 0.000260 
[ mapping ]: time: IMU + Map + Input Downsample: 0.004069 ave match: 0.012526 ave solve: 0.001056  ave ICP: 0.009947  map incre: 0.002188 ave total: 0.020852 icp: 0.013625 construct H: 0.000259 
[ mapping ]: time: IMU + Map + Input Downsample: 0.004447 ave match: 0.012521 ave solve: 0.001053  ave ICP: 0.012235  map incre: 0.0019[INFO] [1775739086.073840, 20.313000]: 帧 202: 检测到 9 个目标
[INFO] [1775739086.086281, 20.403000]: 转换得到 119656 个点
Inference ━━━━━━━━━━━━━━━━━━━━━━━━━━━━━━━━━━━━━━━━   
[INFO] [1775739086.124023, 20.417000]: 帧 203: 检测到 10 个目标
[INFO] [1775739086.135517, 20.503000]: 转换得到 119676 个点
Inference ━━━━━━━━━━━━━━━━━━━━━━━━━━━━━━━━━━━━━━━━   
[INFO] [1775739086.167246, 20.515000]: 帧 204: 检测到 8 个目标
[INFO] [1775739086.180255, 20.603000]: 转换得到 119836 个点
Inference ━━━━━━━━━━━━━━━━━━━━━━━━━━━━━━━━━━━━━━━━   
[INFO] [1775739086.213547, 20.615000]: 帧 205: 检测到 9 个目标
[INFO] [1775739086.223603, 20.703000]: 转换得到 119906 个点
Inference ━━━━━━━━━━━━━━━━━━━━━━━━━━━━━━━━━━━━━━━━   
[INFO] [1775739086.258878, 20.715000]: 帧 206: 检测到 9 个目标
[INFO] [1775739086.271280, 20.803000]: 转换得到 119984 个点
Inference ━━━━━━━━━━━━━━━━━━━━━━━━━━━━━━━━━━━━━━━━   
[INFO] [1775739086.298922, 20.813000]: 帧 207: 检测到 10 个目标
[INFO] [1775739086.319323, 20.903000]: 转换得到 120291 个点
Inference ━━━━━━━━━━━━━━━━━━━━━━━━━━━━━━━━━━━━━━━━   
[INFO] [1775739086.347733, 20.913000]: 帧 208: 检测到 9 个目标
[INFO] [1775739086.358351, 21.003000]: 转换得到 120556 个点
Inference ━━━━━━━━━━━━━━━━━━━━━━━━━━━━━━━━━━━━━━━━   
[INFO] [1775739086.391404, 21.015000]: 帧 209: 检测到 10 个目标
[INFO] [1775739086.404633, 21.103000]: 转换得到 120577 个点
Inference ━━━━━━━━━━━━━━━━━━━━━━━━━━━━━━━━━━━━━━━━   
[INFO] [1775739086.431147, 21.113000]: 帧 210: 检测到 9 个目标
[INFO] [1775739086.447734, 21.203000]: 转换得到 120580 个点
Inference ━━━━━━━━━━━━━━━━━━━━━━━━━━━━━━━━━━━━━━━━   
[INFO] [1775739086.482165, 21.215000]: 帧 211: 检测到 9 个目标
[INFO] [1775739086.496899, 21.303000]: 转换得到 120528 个点
Inference ━━━━━━━━━━━━━━━━━━━━━━━━━━━━━━━━━━━━━━━━   
[INFO] [1775739086.533230, 21.317000]: 帧 212: 检测到 8 个目标
[INFO] [1775739086.545123, 21.403000]: 转换得到 120367 个点
Inference ━━━━━━━━━━━━━━━━━━━━━━━━━━━━━━━━━━━━━━━━   
[INFO] [1775739086.576691, 21.415000]: 帧 213: 检测到 8 个目标
[INFO] [1775739086.588300, 21.503000]: 转换得到 120317 个点
Inference ━━━━━━━━━━━━━━━━━━━━━━━━━━━━━━━━━━━━━━━━   
[INFO] [1775739086.623579, 21.515000]: 帧 214: 检测到 8 个目标
[INFO] [1775739086.628817, 21.603000]: 转换得到 120272 个点
Inference ━━━━━━━━━━━━━━━━━━━━━━━━━━━━━━━━━━━━━━━━   
[INFO] [1775739086.662681, 21.615000]: 帧 215: 检测到 9 个目标
[INFO] [1775739086.671367, 21.703000]: 转换得到 120205 个点
Inference ━━━━━━━━━━━━━━━━━━━━━━━━━━━━━━━━━━━━━━━━   
[INFO] [1775739086.699353, 21.713000]: 帧 216: 检测到 8 个目标
[INFO] [1775739086.708458, 21.803000]: 转换得到 120155 个点
Inference ━━━━━━━━━━━━━━━━━━━━━━━━━━━━━━━━━━━━━━━━   
[INFO] [1775739086.741936, 21.815000]: 帧 217: 检测到 11 个目标
[INFO] [1775739086.751338, 21.903000]: 转换得到 120072 个点
Inference ━━━━━━━━━━━━━━━━━━━━━━━━━━━━━━━━━━━━━━━━   
[INFO] [1775739086.782593, 21.913000]: 帧 218: 检测到 9 个目标
[INFO] [1775739086.794307, 22.003000]: 转换得到 119985 个点
Inference ━━━━━━━━━━━━━━━━━━━━━━━━━━━━━━━━━━━━━━━━   
[INFO] [1775739086.824248, 22.013000]: 帧 219: 检测到 9 个目标
[INFO] [1775739086.827466, 22.101000]: PointPillars计时汇总(20帧均值): 点云解析=1.8ms, 临时落盘=0.9ms, 模型推理=28.7ms, 结果提取=0.1ms, 清理临时文件=0.2ms, 相机坐标转换=0.9ms, 发布Detection3DArray=0.1ms, 发布MarkerArray=0.3ms, 发布KITTI串=0.1ms, 发布LiDAR串=0.0ms, 纯计算总耗时=33.8ms, 限速休眠=2.1ms, 墙钟总耗时=35.9ms
[INFO] [1775739086.831313, 22.103000]: 转换得到 119954 个点
Inference ━━━━━━━━━━━━━━━━━━━━━━━━━━━━━━━━━━━━━━━━   
[INFO] [1775739086.861930, 22.113000]: 帧 220: 检测到 10 个目标
[INFO] [1775739086.869906, 22.203000]: 转换得到 119635 个点
Inference ━━━━━━━━━━━━━━━━━━━━━━━━━━━━━━━━━━━━━━━━   
[INFO] [1775739086.907067, 22.217000]: 帧 221: 检测到 9 个目标
[INFO] [1775739086.918476, 22.303000]: 转换得到 119521 个点
Inference ━━━━━━━━━━━━━━━━━━━━━━━━━━━━━━━━━━━━━━━━   
[INFO] [1775739086.949779, 22.315000]: 帧 222: 检测到 10 个目标
[INFO] [1775739086.959973, 22.403000]: 转换得到 119272 个点
Inference ━━━━━━━━━━━━━━━━━━━━━━━━━━━━━━━━━━━━━━━━   
23 ave total: 0.020840 icp: 0.013617 construct H: 0.000259 
[ mapping ]: time: IMU + Map + Input Downsample: 0.005794 ave match: 0.012521 ave solve: 0.001051  ave ICP: 0.013397  map incre: 0.002759 ave total: 0.020846 icp: 0.013615 construct H: 0.000258 
[ mapping ]: time: IMU + Map + Input Downsample: 0.005927 ave match: 0.012530 ave solve: 0.001050  ave ICP: 0.015018  map incre: 0.003124 ave total: 0.020863 icp: 0.013622 construct H: 0.000258 
[ mapping ]: time: IMU + Map + Input Downsample: 0.005883 ave match: 0.012536 ave solve: 0.001049  ave ICP: 0.014702  map incre: 0.003274 ave total: 0.020878 icp: 0.013627 construct H: 0.000257 
[ mapping ]: time: IMU + Map + Input Downsample: 0.005764 ave match: 0.012542 ave solve: 0.001048  ave ICP: 0.014538  map incre: 0.002568 ave total: 0.020889 icp: 0.013632 construct H: 0.000257 
[ mapping ]: time: IMU + Map + Input Downsample: 0.004031 ave match: 0.012538 ave solve: 0.001045  ave ICP: 0.012633  map incre: 0.001864 ave total: 0.020877 icp: 0.013626 construct H: 0.000256 
[ mapping ]: time: IMU + Map + Input Downsample: 0.005881 ave match: 0.012545 ave solve: 0.001044  ave ICP: 0.014725  map incre: 0.002953 ave total: 0.020890 icp: 0.013631 construct H: 0.000256 
[ mapping ]: time: IMU + Map + Input Downsample: 0.005176 ave match: 0.012540 ave solve: 0.001042  ave ICP: 0.012228  map incre: 0.001882 ave total: 0.020882 icp: 0.013624 construct H: 0.000255 
[ mapping ]: time: IMU + Map + Input Downsample: 0.006515 ave match: 0.012551 ave solve: 0.001041  ave ICP: 0.015889  map incre: 0.003213 ave total: 0.020906 icp: 0.013635 construct H: 0.000255 
[ mapping ]: time: IMU + Map + Input Downsample: 0.006128 ave match: 0.012563 ave solve: 0.001041  ave ICP: 0.015946  map incre: 0.004496 ave total: 0.020935 icp: 0.013646 construct H: 0.000255 
[ mapping ]: time: IMU + Map + Input Downsample: 0.006400 ave match: 0.012567 ave solve: 0.001038  ave ICP: 0.014044  map incre: 0.001643 ave total: 0.020941 icp: 0.013647 construct H: 0.000254 
[ mapping ]: time: IMU + Map + Input Downsample: 0.006172 ave match: 0.012573 ave solve: 0.001038  ave ICP: 0.015006  map incre: 0.002154 ave total: 0.020953 icp: 0.013654 construct H: 0.000254 
[ mapping ]: time: IMU + Map + Input Downsample: 0.005863 ave match: 0.012577 ave solve: 0.001037  ave ICP: 0.014391  map incre: 0.002170 ave total: 0.020960 icp: 0.013657 construct H: 0.000254 
[ mapping ]: time: IMU + Map + Input Downsample: 0.005926 ave match: 0.012601 ave solve: 0.001036  ave ICP: 0.018205  map incre: 0.002513 ave total: 0.020988 icp: 0.013679 construct H: 0.000254 
[ mapping ]: time: IMU + Map + Input Downsample: 0.005943 ave match: 0.012605 ave solve: 0.001035  ave ICP: 0.014453  map incre: 0.002490 ave total: 0.020997 icp: 0.013682 construct H: 0.000253 
[ mapping ]: time: IMU + Map + Input Downsample: 0.005922 ave match: 0.012605 ave solve: 0.001034  ave ICP: 0.013523  map incre: 0.001749 ave total: 0.020998 icp: 0.013681 construct H: 0.000253 
[ mapping ]: time: IMU + Map + Input Downsample: 0.005834 ave match: 0.012590 ave solve: 0.001031  ave ICP: 0.010215  map incre: 0.001609 ave total: 0.020982 icp: 0.013664 construct H: 0.000252 
[ mapping ]: time: IMU + Map + Input Downsample: 0.003992 ave match: 0.012578 ave solve: 0.001029  ave ICP: 0.010714  map incre: 0.001742 ave total: 0.020960 icp: 0.013649 construct H: 0.000252 
[ mapping ]: time: IMU + Map + Input Downsample: 0.004078 ave match: 0.012579 ave solve: 0.001027  ave ICP: 0.013513  map incre: 0.002204 ave total: 0.020954 icp: 0.013648 construct H: 0.000251 
[ mapping ]: time: IMU + Map + Input Downsample: 0.005845 ave match: 0.012586 ave solve: 0.001026  ave ICP: 0.014961  map incre: 0.004374 ave total: 0.020975 icp: 0.013654 construct H: 0.000251 
[ mapping ]: time: IMU + Map + Input Downsample: 0.005915 ave match: 0.012591 ave solve: 0.001026  ave ICP: 0.014712  map incre: 0.002296 ave total: 0.020984 icp: 0.013659 construct H: 0.000251 
[ mapping ]: time: IMU + Map + Input Downsample: 0.004792 ave match: 0.012590 ave solve: 0.001024  ave ICP: 0.012954  map incre: 0.00176[INFO] [1775739086.993250, 22.415000]: 帧 223: 检测到 11 个目标
[INFO] [1775739087.002894, 22.503000]: 转换得到 119238 个点
Inference ━━━━━━━━━━━━━━━━━━━━━━━━━━━━━━━━━━━━━━━━   
[INFO] [1775739087.036160, 22.515000]: 帧 224: 检测到 9 个目标
[INFO] [1775739087.043906, 22.603000]: 转换得到 119056 个点
Inference ━━━━━━━━━━━━━━━━━━━━━━━━━━━━━━━━━━━━━━━━   
[INFO] [1775739087.074908, 22.613000]: 帧 225: 检测到 10 个目标
[INFO] [1775739087.087190, 22.703000]: 转换得到 119138 个点
Inference ━━━━━━━━━━━━━━━━━━━━━━━━━━━━━━━━━━━━━━━━   
[INFO] [1775739087.115980, 22.713000]: 帧 226: 检测到 12 个目标
[INFO] [1775739087.123595, 22.803000]: 转换得到 118721 个点
Inference ━━━━━━━━━━━━━━━━━━━━━━━━━━━━━━━━━━━━━━━━   
[INFO] [1775739087.155219, 22.815000]: 帧 227: 检测到 9 个目标
[INFO] [1775739087.165333, 22.903000]: 转换得到 118470 个点
Inference ━━━━━━━━━━━━━━━━━━━━━━━━━━━━━━━━━━━━━━━━   
[INFO] [1775739087.197367, 22.915000]: 帧 228: 检测到 11 个目标
[INFO] [1775739087.205660, 23.003000]: 转换得到 117969 个点
Inference ━━━━━━━━━━━━━━━━━━━━━━━━━━━━━━━━━━━━━━━━   
[INFO] [1775739087.236333, 23.013000]: 帧 229: 检测到 12 个目标
[INFO] [1775739087.241782, 23.103000]: 转换得到 117592 个点
Inference ━━━━━━━━━━━━━━━━━━━━━━━━━━━━━━━━━━━━━━━━   
[INFO] [1775739087.272220, 23.113000]: 帧 230: 检测到 11 个目标
[INFO] [1775739087.277409, 23.203000]: 转换得到 117209 个点
Inference ━━━━━━━━━━━━━━━━━━━━━━━━━━━━━━━━━━━━━━━━   
[INFO] [1775739087.308856, 23.213000]: 帧 231: 检测到 12 个目标
[INFO] [1775739087.319603, 23.303000]: 转换得到 117073 个点
Inference ━━━━━━━━━━━━━━━━━━━━━━━━━━━━━━━━━━━━━━━━   
[INFO] [1775739087.354356, 23.315000]: 帧 232: 检测到 13 个目标
[INFO] [1775739087.363669, 23.403000]: 转换得到 116899 个点
Inference ━━━━━━━━━━━━━━━━━━━━━━━━━━━━━━━━━━━━━━━━   
[INFO] [1775739087.397103, 23.415000]: 帧 233: 检测到 12 个目标
[INFO] [1775739087.405139, 23.503000]: 转换得到 116854 个点
Inference ━━━━━━━━━━━━━━━━━━━━━━━━━━━━━━━━━━━━━━━━   
[INFO] [1775739087.441092, 23.515000]: 帧 234: 检测到 12 个目标
[INFO] [1775739087.448645, 23.603000]: 转换得到 116676 个点
Inference ━━━━━━━━━━━━━━━━━━━━━━━━━━━━━━━━━━━━━━━━   
[INFO] [1775739087.478536, 23.613000]: 帧 235: 检测到 8 个目标
[INFO] [1775739087.487456, 23.703000]: 转换得到 116800 个点
Inference ━━━━━━━━━━━━━━━━━━━━━━━━━━━━━━━━━━━━━━━━   
[INFO] [1775739087.517100, 23.713000]: 帧 236: 检测到 9 个目标
[INFO] [1775739087.525015, 23.803000]: 转换得到 117421 个点
Inference ━━━━━━━━━━━━━━━━━━━━━━━━━━━━━━━━━━━━━━━━   
[WARN] [1775739087.570858, 23.903000]: 等待与检测时间戳对齐的位姿超时，回退使用最新 FAST-LIO 位姿
[INFO] [1775739087.561828, 23.817000]: 帧 237: 检测到 10 个目标
[INFO] [1775739087.570385, 23.903000]: 转换得到 117950 个点
Inference ━━━━━━━━━━━━━━━━━━━━━━━━━━━━━━━━━━━━━━━━   
[INFO] [1775739087.605149, 23.915000]: 帧 238: 检测到 8 个目标
[INFO] [1775739087.616900, 24.003000]: 转换得到 118609 个点
Inference ━━━━━━━━━━━━━━━━━━━━━━━━━━━━━━━━━━━━━━━━   
[INFO] [1775739087.643706, 24.013000]: 帧 239: 检测到 9 个目标
[INFO] [1775739087.648448, 24.101000]: PointPillars计时汇总(20帧均值): 点云解析=1.8ms, 临时落盘=0.8ms, 模型推理=28.9ms, 结果提取=0.1ms, 清理临时文件=0.2ms, 相机坐标转换=0.8ms, 发布Detection3DArray=0.1ms, 发布MarkerArray=0.3ms, 发布KITTI串=0.1ms, 发布LiDAR串=0.0ms, 纯计算总耗时=34.0ms, 限速休眠=1.0ms, 墙钟总耗时=35.0ms
[INFO] [1775739087.651830, 24.103000]: 转换得到 118914 个点
Inference ━━━━━━━━━━━━━━━━━━━━━━━━━━━━━━━━━━━━━━━━   
[INFO] [1775739087.689073, 24.115000]: 帧 240: 检测到 9 个目标
[INFO] [1775739087.701450, 24.203000]: 转换得到 118986 个点
Inference ━━━━━━━━━━━━━━━━━━━━━━━━━━━━━━━━━━━━━━━━   
[INFO] [1775739087.730707, 24.213000]: 帧 241: 检测到 10 个目标
[INFO] [1775739087.737755, 24.303000]: 转换得到 118983 个点
Inference ━━━━━━━━━━━━━━━━━━━━━━━━━━━━━━━━━━━━━━━━   
[INFO] [1775739087.764707, 24.313000]: 帧 242: 检测到 8 个目标
[INFO] [1775739087.777079, 24.403000]: 转换得到 118814 个点
Inference ━━━━━━━━━━━━━━━━━━━━━━━━━━━━━━━━━━━━━━━━   
[INFO] [1775739087.809921, 24.415000]: 帧 243: 检测到 10 个目标
[INFO] [1775739087.820339, 24.503000]: 转换得到 119226 个点
Inference ━━━━━━━━━━━━━━━━━━━━━━━━━━━━━━━━━━━━━━━━   
4 ave total: 0.020977 icp: 0.013655 construct H: 0.000250 
[ mapping ]: time: IMU + Map + Input Downsample: 0.005897 ave match: 0.012590 ave solve: 0.001022  ave ICP: 0.013557  map incre: 0.001663 ave total: 0.020978 icp: 0.013654 construct H: 0.000250 
[ mapping ]: time: IMU + Map + Input Downsample: 0.004001 ave match: 0.012588 ave solve: 0.001020  ave ICP: 0.012772  map incre: 0.001520 ave total: 0.020965 icp: 0.013649 construct H: 0.000249 
[ mapping ]: time: IMU + Map + Input Downsample: 0.004119 ave match: 0.012585 ave solve: 0.001018  ave ICP: 0.012693  map incre: 0.001729 ave total: 0.020954 icp: 0.013645 construct H: 0.000249 
[ mapping ]: time: IMU + Map + Input Downsample: 0.003995 ave match: 0.012583 ave solve: 0.001016  ave ICP: 0.012903  map incre: 0.001623 ave total: 0.020942 icp: 0.013641 construct H: 0.000248 
[ mapping ]: time: IMU + Map + Input Downsample: 0.005834 ave match: 0.012587 ave solve: 0.001015  ave ICP: 0.014280  map incre: 0.002296 ave total: 0.020949 icp: 0.013643 construct H: 0.000248 
[ mapping ]: time: IMU + Map + Input Downsample: 0.005947 ave match: 0.012590 ave solve: 0.001014  ave ICP: 0.014156  map incre: 0.002537 ave total: 0.020957 icp: 0.013645 construct H: 0.000248 
[ mapping ]: time: IMU + Map + Input Downsample: 0.005879 ave match: 0.012597 ave solve: 0.001013  ave ICP: 0.015071  map incre: 0.002615 ave total: 0.020969 icp: 0.013651 construct H: 0.000247 
[ mapping ]: time: IMU + Map + Input Downsample: 0.005030 ave match: 0.012600 ave solve: 0.001012  ave ICP: 0.014188  map incre: 0.002675 ave total: 0.020973 icp: 0.013653 construct H: 0.000247 
[ mapping ]: time: IMU + Map + Input Downsample: 0.005679 ave match: 0.012593 ave solve: 0.001010  ave ICP: 0.011701  map incre: 0.001591 ave total: 0.020964 icp: 0.013644 construct H: 0.000246 
[ mapping ]: time: IMU + Map + Input Downsample: 0.003907 ave match: 0.012589 ave solve: 0.001008  ave ICP: 0.012438  map incre: 0.001682 ave total: 0.020951 icp: 0.013638 construct H: 0.000246 
[ mapping ]: time: IMU + Map + Input Downsample: 0.003988 ave match: 0.012586 ave solve: 0.001006  ave ICP: 0.012433  map incre: 0.001899 ave total: 0.020939 icp: 0.013633 construct H: 0.000245 
[ mapping ]: time: IMU + Map + Input Downsample: 0.003945 ave match: 0.012584 ave solve: 0.001004  ave ICP: 0.012785  map incre: 0.002113 ave total: 0.020929 icp: 0.013629 construct H: 0.000245 
[ mapping ]: time: IMU + Map + Input Downsample: 0.003938 ave match: 0.012580 ave solve: 0.001002  ave ICP: 0.012394  map incre: 0.001790 ave total: 0.020917 icp: 0.013623 construct H: 0.000244 
[ mapping ]: time: IMU + Map + Input Downsample: 0.005634 ave match: 0.012580 ave solve: 0.001001  ave ICP: 0.013556  map incre: 0.002942 ave total: 0.020922 icp: 0.013622 construct H: 0.000244 
[ mapping ]: time: IMU + Map + Input Downsample: 0.005588 ave match: 0.012581 ave solve: 0.001000  ave ICP: 0.013740  map incre: 0.002478 ave total: 0.020926 icp: 0.013622 construct H: 0.000244 
[ mapping ]: time: IMU + Map + Input Downsample: 0.005640 ave match: 0.012580 ave solve: 0.000999  ave ICP: 0.013050  map incre: 0.001796 ave total: 0.020924 icp: 0.013619 construct H: 0.000243 
[ mapping ]: time: IMU + Map + Input Downsample: 0.005772 ave match: 0.012581 ave solve: 0.000998  ave ICP: 0.013754  map incre: 0.002820 ave total: 0.020930 icp: 0.013619 construct H: 0.000243 
[ mapping ]: time: IMU + Map + Input Downsample: 0.005819 ave match: 0.012579 ave solve: 0.000997  ave ICP: 0.013016  map incre: 0.002573 ave total: 0.020933 icp: 0.013616 construct H: 0.000243 
[ mapping ]: time: IMU + Map + Input Downsample: 0.004737 ave match: 0.012577 ave solve: 0.000995  ave ICP: 0.012840  map incre: 0.002124 ave total: 0.020927 icp: 0.013613 construct H: 0.000242 
[ mapping ]: time: IMU + Map + Input Downsample: 0.003930 ave match: 0.012572 ave solve: 0.000993  ave ICP: 0.011917  map incre: 0.001892 ave total: 0.020913 icp: 0.013605 construct H: 0.000242 
[ mapping ]: time: IMU + Map + Input Downsample: 0.003901 ave match: 0.012563 ave solve: 0.000991  ave ICP: 0.011307  map incre: 0.002342[INFO] [1775739087.850061, 24.513000]: 帧 244: 检测到 8 个目标
[INFO] [1775739087.856080, 24.603000]: 转换得到 119455 个点
Inference ━━━━━━━━━━━━━━━━━━━━━━━━━━━━━━━━━━━━━━━━   
[INFO] [1775739087.891793, 24.615000]: 帧 245: 检测到 9 个目标
[INFO] [1775739087.900980, 24.703000]: 转换得到 119460 个点
Inference ━━━━━━━━━━━━━━━━━━━━━━━━━━━━━━━━━━━━━━━━   
[INFO] [1775739087.931921, 24.715000]: 帧 246: 检测到 10 个目标
[INFO] [1775739087.941571, 24.803000]: 转换得到 119307 个点
Inference ━━━━━━━━━━━━━━━━━━━━━━━━━━━━━━━━━━━━━━━━   
[INFO] [1775739087.977283, 24.815000]: 帧 247: 检测到 9 个目标
[INFO] [1775739087.986015, 24.903000]: 转换得到 119275 个点
Inference ━━━━━━━━━━━━━━━━━━━━━━━━━━━━━━━━━━━━━━━━   
[INFO] [1775739088.018551, 24.915000]: 帧 248: 检测到 12 个目标
[INFO] [1775739088.025995, 25.003000]: 转换得到 119149 个点
Inference ━━━━━━━━━━━━━━━━━━━━━━━━━━━━━━━━━━━━━━━━   
[INFO] [1775739088.056981, 25.013000]: 帧 249: 检测到 13 个目标
[INFO] [1775739088.061826, 25.103000]: 转换得到 118876 个点
Inference ━━━━━━━━━━━━━━━━━━━━━━━━━━━━━━━━━━━━━━━━   
[INFO] [1775739088.093412, 25.113000]: 帧 250: 检测到 12 个目标
[INFO] [1775739088.103093, 25.203000]: 转换得到 118827 个点
Inference ━━━━━━━━━━━━━━━━━━━━━━━━━━━━━━━━━━━━━━━━   
[INFO] [1775739088.132435, 25.213000]: 帧 251: 检测到 10 个目标
[INFO] [1775739088.141873, 25.303000]: 转换得到 118859 个点
Inference ━━━━━━━━━━━━━━━━━━━━━━━━━━━━━━━━━━━━━━━━   
[INFO] [1775739088.173500, 25.315000]: 帧 252: 检测到 14 个目标
[INFO] [1775739088.186100, 25.403000]: 转换得到 119094 个点
Inference ━━━━━━━━━━━━━━━━━━━━━━━━━━━━━━━━━━━━━━━━   
[INFO] [1775739088.225509, 25.417000]: 帧 253: 检测到 12 个目标
[INFO] [1775739088.235543, 25.503000]: 转换得到 119691 个点
Inference ━━━━━━━━━━━━━━━━━━━━━━━━━━━━━━━━━━━━━━━━   
[INFO] [1775739088.272235, 25.515000]: 帧 254: 检测到 10 个目标
[INFO] [1775739088.288184, 25.603000]: 转换得到 120103 个点
Inference ━━━━━━━━━━━━━━━━━━━━━━━━━━━━━━━━━━━━━━━━   
[INFO] [1775739088.322900, 25.615000]: 帧 255: 检测到 10 个目标
[INFO] [1775739088.330784, 25.703000]: 转换得到 120558 个点
Inference ━━━━━━━━━━━━━━━━━━━━━━━━━━━━━━━━━━━━━━━━   
[INFO] [1775739088.363109, 25.715000]: 帧 256: 检测到 11 个目标
[INFO] [1775739088.373054, 25.803000]: 转换得到 120975 个点
Inference ━━━━━━━━━━━━━━━━━━━━━━━━━━━━━━━━━━━━━━━━   
[INFO] [1775739088.403181, 25.813000]: 帧 257: 检测到 13 个目标
[INFO] [1775739088.412871, 25.903000]: 转换得到 120503 个点
Inference ━━━━━━━━━━━━━━━━━━━━━━━━━━━━━━━━━━━━━━━━   
[INFO] [1775739088.444253, 25.913000]: 帧 258: 检测到 12 个目标
[INFO] [1775739088.457359, 26.003000]: 转换得到 119914 个点
Inference ━━━━━━━━━━━━━━━━━━━━━━━━━━━━━━━━━━━━━━━━   
[INFO] [1775739088.494182, 26.015000]: 帧 259: 检测到 14 个目标
[INFO] [1775739088.495075, 26.017000]: PointPillars计时汇总(20帧均值): 点云解析=1.8ms, 临时落盘=0.8ms, 模型推理=29.3ms, 结果提取=0.1ms, 清理临时文件=0.2ms, 相机坐标转换=1.0ms, 发布Detection3DArray=0.1ms, 发布MarkerArray=0.3ms, 发布KITTI串=0.1ms, 发布LiDAR串=0.0ms, 纯计算总耗时=34.6ms, 限速休眠=0.6ms, 墙钟总耗时=35.3ms
[INFO] [1775739088.506941, 26.103000]: 转换得到 119405 个点
Inference ━━━━━━━━━━━━━━━━━━━━━━━━━━━━━━━━━━━━━━━━   
[INFO] [1775739088.537988, 26.115000]: 帧 260: 检测到 14 个目标
[INFO] [1775739088.548352, 26.203000]: 转换得到 118839 个点
Inference ━━━━━━━━━━━━━━━━━━━━━━━━━━━━━━━━━━━━━━━━   
[INFO] [1775739088.581908, 26.215000]: 帧 261: 检测到 11 个目标
[INFO] [1775739088.591723, 26.303000]: 转换得到 118740 个点
Inference ━━━━━━━━━━━━━━━━━━━━━━━━━━━━━━━━━━━━━━━━   
[INFO] [1775739088.623317, 26.315000]: 帧 262: 检测到 11 个目标
[INFO] [1775739088.634714, 26.403000]: 转换得到 118977 个点
Inference ━━━━━━━━━━━━━━━━━━━━━━━━━━━━━━━━━━━━━━━━   
[INFO] [1775739088.669160, 26.415000]: 帧 263: 检测到 11 个目标
[INFO] [1775739088.678795, 26.503000]: 转换得到 119526 个点
Inference ━━━━━━━━━━━━━━━━━━━━━━━━━━━━━━━━━━━━━━━━   
[INFO] [1775739084.942062, 17.701000]: [offline_bag_feeder] frame=178 lidar stamp=17.701000
[INFO] [1775739084.995042, 17.801000]: [offline_bag_feeder] frame=179 lidar stamp=17.801000
[INFO] [1775739085.033217, 17.901000]: [offline_bag_feeder] frame=180 lidar stamp=17.901000
[INFO] [1775739085.075205, 18.001000]: [offline_bag_feeder] frame=181 lidar stamp=18.001000
[INFO] [1775739085.118402, 18.101000]: [offline_bag_feeder] frame=182 lidar stamp=18.101000
[INFO] [1775739085.169101, 18.201000]: [offline_bag_feeder] frame=183 lidar stamp=18.201000
[INFO] [1775739085.212970, 18.301000]: [offline_bag_feeder] frame=184 lidar stamp=18.301000
[INFO] [1775739085.257086, 18.401000]: [offline_bag_feeder] frame=185 lidar stamp=18.401000
[INFO] [1775739085.301308, 18.501000]: [offline_bag_feeder] frame=186 lidar stamp=18.501000
[INFO] [1775739085.340753, 18.601000]: [offline_bag_feeder] frame=187 lidar stamp=18.601000
[INFO] [1775739085.376926, 18.701000]: [offline_bag_feeder] frame=188 lidar stamp=18.701000
[INFO] [1775739085.414304, 18.801000]: [offline_bag_feeder] frame=189 lidar stamp=18.801000
[INFO] [1775739085.456089, 18.901000]: [offline_bag_feeder] frame=190 lidar stamp=18.901000
[INFO] [1775739085.493098, 19.001000]: [offline_bag_feeder] frame=191 lidar stamp=19.001000
[INFO] [1775739085.535729, 19.101000]: [offline_bag_feeder] frame=192 lidar stamp=19.101000
[INFO] [1775739085.572921, 19.201000]: [offline_bag_feeder] frame=193 lidar stamp=19.201000
[INFO] [1775739085.616116, 19.301000]: [offline_bag_feeder] frame=194 lidar stamp=19.301000
[INFO] [1775739085.655200, 19.401000]: [offline_bag_feeder] frame=195 lidar stamp=19.401000
[INFO] [1775739085.700108, 19.501000]: [offline_bag_feeder] frame=196 lidar stamp=19.501000
[INFO] [1775739085.743206, 19.601000]: [offline_bag_feeder] frame=197 lidar stamp=19.601000
[INFO] [1775739085.786583, 19.701000]: [offline_bag_feeder] frame=198 lidar stamp=19.701000
[INFO] [1775739085.828535, 19.801000]: [offline_bag_feeder] frame=199 lidar stamp=19.801000
[INFO] [1775739085.872085, 19.901000]: [offline_bag_feeder] frame=200 lidar stamp=19.901000
[INFO] [1775739085.915071, 20.001000]: [offline_bag_feeder] frame=201 lidar stamp=20.001000
[INFO] [1775739085.957688, 20.101000]: [offline_bag_feeder] frame=202 lidar stamp=20.101000
[INFO] [1775739085.995832, 20.201000]: [offline_bag_feeder] frame=203 lidar stamp=20.201000
[INFO] [1775739086.039475, 20.301000]: [offline_bag_feeder] frame=204 lidar stamp=20.301000
[INFO] [1775739086.083578, 20.401000]: [offline_bag_feeder] frame=205 lidar stamp=20.401000
[INFO] [1775739086.132267, 20.501000]: [offline_bag_feeder] frame=206 lidar stamp=20.501000
[INFO] [1775739086.176775, 20.601000]: [offline_bag_feeder] frame=207 lidar stamp=20.601000
[INFO] [1775739086.219623, 20.701000]: [offline_bag_feeder] frame=208 lidar stamp=20.701000
[INFO] [1775739086.268209, 20.801000]: [offline_bag_feeder] frame=209 lidar stamp=20.801000
[INFO] [1775739086.315656, 20.901000]: [offline_bag_feeder] frame=210 lidar stamp=20.901000
[INFO] [1775739086.355579, 21.001000]: [offline_bag_feeder] frame=211 lidar stamp=21.001000
[INFO] [1775739086.401471, 21.101000]: [offline_bag_feeder] frame=212 lidar stamp=21.101000
[INFO] [1775739086.442495, 21.201000]: [offline_bag_feeder] frame=213 lidar stamp=21.201000
[INFO] [1775739086.491969, 21.301000]: [offline_bag_feeder] frame=214 lidar stamp=21.301000
[INFO] [1775739086.541384, 21.401000]: [offline_bag_feeder] frame=215 lidar stamp=21.401000
[INFO] [1775739086.584774, 21.501000]: [offline_bag_feeder] frame=216 lidar stamp=21.501000
[INFO] [1775739086.626237, 21.601000]: [offline_bag_feeder] frame=217 lidar stamp=21.601000
[INFO] [1775739086.668922, 21.701000]: [offline_bag_feeder] frame=218 lidar stamp=21.701000
[INFO] [1775739086.706082, 21.801000]: [offline_bag_feeder] frame=219 lidar stamp=21.801000
[INFO] [1775739086.748943, 21.901000]: [offline_bag_feeder] frame=220 lidar stamp=21.901000
[INFO] [1775739086.791936, 22.001000]: [offline_bag_feeder] frame=221 lidar stamp=22.001000
[INFO] [1775739086.828846, 22.101000]: [offline_bag_feeder] frame=222 lidar stamp=22.101000
[INFO] [1775739086.866044, 22.201000]: [offline_bag_feeder] frame=223 lidar stamp=22.201000
[INFO] [1775739086.914614, 22.301000]: [offline_bag_feeder] frame=224 lidar stamp=22.301000
[INFO] [1775739086.957602, 22.401000]: [offline_bag_feeder] frame=225 lidar stamp=22.401000
[INFO] [1775739086.999920, 22.501000]: [offline_bag_feeder] frame=226 lidar stamp=22.501000
[INFO] [1775739087.041451, 22.601000]: [offline_bag_feeder] frame=227 lidar stamp=22.601000
[INFO] [1775739087.083606, 22.701000]: [offline_bag_feeder] frame=228 lidar stamp=22.701000
[INFO] [1775739087.119625, 22.801000]: [offline_bag_feeder] frame=229 lidar stamp=22.801000
[INFO] [1775739087.161421, 22.901000]: [offline_bag_feeder] frame=230 lidar stamp=22.901000
[INFO] [1775739087.203362, 23.001000]: [offline_bag_feeder] frame=231 lidar stamp=23.001000
[INFO] [1775739087.239449, 23.101000]: [offline_bag_feeder] frame=232 lidar stamp=23.101000
[INFO] [1775739087.275089, 23.201000]: [offline_bag_feeder] frame=233 lidar stamp=23.201000
[INFO] [1775739087.316866, 23.301000]: [offline_bag_feeder] frame=234 lidar stamp=23.301000
[INFO] [1775739087.359994, 23.401000]: [offline_bag_feeder] frame=235 lidar stamp=23.401000
[INFO] [1775739087.402732, 23.501000]: [offline_bag_feeder] frame=236 lidar stamp=23.501000
[INFO] [1775739087.445508, 23.601000]: [offline_bag_feeder] frame=237 lidar stamp=23.601000
[INFO] [1775739087.483702, 23.701000]: [offline_bag_feeder] frame=238 lidar stamp=23.701000
[INFO] [1775739087.520399, 23.801000]: [offline_bag_feeder] frame=239 lidar stamp=23.801000
[INFO] [1775739087.568320, 23.901000]: [offline_bag_feeder] frame=240 lidar stamp=23.901000
[INFO] [1775739087.613261, 24.001000]: [offline_bag_feeder] frame=241 lidar stamp=24.001000
[INFO] [1775739087.649462, 24.101000]: [offline_bag_feeder] frame=242 lidar stamp=24.101000
[INFO] [1775739087.697871, 24.201000]: [offline_bag_feeder] frame=243 lidar stamp=24.201000
[INFO] [1775739087.735768, 24.301000]: [offline_bag_feeder] frame=244 lidar stamp=24.301000
[INFO] [1775739087.774631, 24.401000]: [offline_bag_feeder] frame=245 lidar stamp=24.401000
[INFO] [1775739087.817080, 24.501000]: [offline_bag_feeder] frame=246 lidar stamp=24.501000
[INFO] [1775739087.853685, 24.601000]: [offline_bag_feeder] frame=247 lidar stamp=24.601000
[INFO] [1775739087.897543, 24.701000]: [offline_bag_feeder] frame=248 lidar stamp=24.701000
[INFO] [1775739087.939515, 24.801000]: [offline_bag_feeder] frame=249 lidar stamp=24.801000
[INFO] [1775739087.982120, 24.901000]: [offline_bag_feeder] frame=250 lidar stamp=24.901000
[INFO] [1775739088.023676, 25.001000]: [offline_bag_feeder] frame=251 lidar stamp=25.001000
[INFO] [1775739088.059489, 25.101000]: [offline_bag_feeder] frame=252 lidar stamp=25.101000
[INFO] [1775739088.100743, 25.201000]: [offline_bag_feeder] frame=253 lidar stamp=25.201000
[INFO] [1775739088.138436, 25.301000]: [offline_bag_feeder] frame=254 lidar stamp=25.301000
[INFO] [1775739088.182416, 25.401000]: [offline_bag_feeder] frame=255 lidar stamp=25.401000
[INFO] [1775739088.231972, 25.501000]: [offline_bag_feeder] frame=256 lidar stamp=25.501000
[INFO] [1775739088.283875, 25.601000]: [offline_bag_feeder] frame=257 lidar stamp=25.601000
[INFO] [1775739088.326381, 25.701000]: [offline_bag_feeder] frame=258 lidar stamp=25.701000
[INFO] [1775739088.370699, 25.801000]: [offline_bag_feeder] frame=259 lidar stamp=25.801000
[INFO] [1775739088.410694, 25.901000]: [offline_bag_feeder] frame=260 lidar stamp=25.901000
[INFO] [1775739088.454702, 26.001000]: [offline_bag_feeder] frame=261 lidar stamp=26.001000
[INFO] [1775739088.502989, 26.101000]: [offline_bag_feeder] frame=262 lidar stamp=26.101000
[INFO] [1775739088.545960, 26.201000]: [offline_bag_feeder] frame=263 lidar stamp=26.201000
[INFO] [1775739088.587921, 26.301000]: [offline_bag_feeder] frame=264 lidar stamp=26.301000
[INFO] [1775739088.631503, 26.401000]: [offline_bag_feeder] frame=265 lidar stamp=26.401000
[INFO] [1775739088.675156, 26.501000]: [offline_bag_feeder] frame=266 lidar stamp=26.501000
[INFO] [1775739088.718912, 26.601000]: [offline_bag_feeder] frame=267 lidar stamp=26.601000
[INFO] [1775739088.710187, 26.515000]: 帧 264: 检测到 13 个目标
[INFO] [1775739088.720770, 26.603000]: 转换得到 120081 个点
Inference ━━━━━━━━━━━━━━━━━━━━━━━━━━━━━━━━━━━━━━━━   
 ave total: 0.020899 icp: 0.013595 construct H: 0.000241 
[ mapping ]: time: IMU + Map + Input Downsample: 0.005963 ave match: 0.012554 ave solve: 0.000989  ave ICP: 0.010946  map incre: 0.001396 ave total: 0.020888 icp: 0.013583 construct H: 0.000241 
[ mapping ]: time: IMU + Map + Input Downsample: 0.003947 ave match: 0.012544 ave solve: 0.000987  ave ICP: 0.010884  map incre: 0.001475 ave total: 0.020868 icp: 0.013571 construct H: 0.000240 
[ mapping ]: time: IMU + Map + Input Downsample: 0.004031 ave match: 0.012545 ave solve: 0.000985  ave ICP: 0.013442  map incre: 0.001987 ave total: 0.020862 icp: 0.013570 construct H: 0.000240 
[ mapping ]: time: IMU + Map + Input Downsample: 0.003918 ave match: 0.012537 ave solve: 0.000983  ave ICP: 0.011290  map incre: 0.001889 ave total: 0.020846 icp: 0.013560 construct H: 0.000239 
[ mapping ]: time: IMU + Map + Input Downsample: 0.003914 ave match: 0.012522 ave solve: 0.000981  ave ICP: 0.009614  map incre: 0.001841 ave total: 0.020823 icp: 0.013543 construct H: 0.000239 
[ mapping ]: time: IMU + Map + Input Downsample: 0.003976 ave match: 0.012513 ave solve: 0.000979  ave ICP: 0.011007  map incre: 0.001870 ave total: 0.020806 icp: 0.013532 construct H: 0.000238 
[ mapping ]: time: IMU + Map + Input Downsample: 0.003970 ave match: 0.012494 ave solve: 0.000977  ave ICP: 0.008594  map incre: 0.003185 ave total: 0.020785 icp: 0.013511 construct H: 0.000238 
[ mapping ]: time: IMU + Map + Input Downsample: 0.004042 ave match: 0.012491 ave solve: 0.000976  ave ICP: 0.012280  map incre: 0.001757 ave total: 0.020773 icp: 0.013506 construct H: 0.000237 
[ mapping ]: time: IMU + Map + Input Downsample: 0.006114 ave match: 0.012486 ave solve: 0.000975  ave ICP: 0.012375  map incre: 0.002647 ave total: 0.020775 icp: 0.013501 construct H: 0.000237 
[ mapping ]: time: IMU + Map + Input Downsample: 0.003934 ave match: 0.012483 ave solve: 0.000973  ave ICP: 0.012242  map incre: 0.001738 ave total: 0.020763 icp: 0.013495 construct H: 0.000237 
[ mapping ]: time: IMU + Map + Input Downsample: 0.005884 ave match: 0.012476 ave solve: 0.000972  ave ICP: 0.011860  map incre: 0.002648 ave total: 0.020761 icp: 0.013488 construct H: 0.000236 
[ mapping ]: time: IMU + Map + Input Downsample: 0.005643 ave match: 0.012467 ave solve: 0.000971  ave ICP: 0.011013  map incre: 0.002856 ave total: 0.020756 icp: 0.013477 construct H: 0.000236 
[ mapping ]: time: IMU + Map + Input Downsample: 0.005746 ave match: 0.012458 ave solve: 0.000970  ave ICP: 0.010967  map incre: 0.003189 ave total: 0.020753 icp: 0.013467 construct H: 0.000236 
[ mapping ]: time: IMU + Map + Input Downsample: 0.005829 ave match: 0.012448 ave solve: 0.000969  ave ICP: 0.010864  map incre: 0.002594 ave total: 0.020747 icp: 0.013456 construct H: 0.000235 
[ mapping ]: time: IMU + Map + Input Downsample: 0.005924 ave match: 0.012437 ave solve: 0.000967  ave ICP: 0.010593  map incre: 0.002568 ave total: 0.020740 icp: 0.013444 construct H: 0.000235 
[ mapping ]: time: IMU + Map + Input Downsample: 0.005857 ave match: 0.012427 ave solve: 0.000966  ave ICP: 0.010629  map incre: 0.002294 ave total: 0.020732 icp: 0.013432 construct H: 0.000234 
[ mapping ]: time: IMU + Map + Input Downsample: 0.005820 ave match: 0.012416 ave solve: 0.000965  ave ICP: 0.010602  map incre: 0.002317 ave total: 0.020724 icp: 0.013420 construct H: 0.000234 
[ mapping ]: time: IMU + Map + Input Downsample: 0.005719 ave match: 0.012406 ave solve: 0.000963  ave ICP: 0.010512  map incre: 0.002390 ave total: 0.020716 icp: 0.013408 construct H: 0.000234 
[ mapping ]: time: IMU + Map + Input Downsample: 0.005643 ave match: 0.012394 ave solve: 0.000962  ave ICP: 0.010370  map incre: 0.002193 ave total: 0.020706 icp: 0.013396 construct H: 0.000233 
[ mapping ]: time: IMU + Map + Input Downsample: 0.005701 ave match: 0.012381 ave solve: 0.000960  ave ICP: 0.009511  map incre: 0.001470 ave total: 0.020690 icp: 0.013380 construct H: 0.000233 
[ mapping ]: time: IMU + Map + Input Downsample: 0.003949 ave match: 0.012369 ave solve: 0.000958  ave ICP: 0.009930  map incre: 0.001497 [INFO] [1775739088.750346, 26.613000]: 帧 265: 检测到 12 个目标
[INFO] [1775739088.761322, 26.703000]: 转换得到 120614 个点
Inference ━━━━━━━━━━━━━━━━━━━━━━━━━━━━━━━━━━━━━━━━   
[INFO] [1775739088.796205, 26.715000]: 帧 266: 检测到 9 个目标
[INFO] [1775739088.804072, 26.803000]: 转换得到 121247 个点
Inference ━━━━━━━━━━━━━━━━━━━━━━━━━━━━━━━━━━━━━━━━   
[INFO] [1775739088.833252, 26.813000]: 帧 267: 检测到 13 个目标
[INFO] [1775739088.842992, 26.903000]: 转换得到 122132 个点
Inference ━━━━━━━━━━━━━━━━━━━━━━━━━━━━━━━━━━━━━━━━   
[INFO] [1775739088.874112, 26.913000]: 帧 268: 检测到 10 个目标
[INFO] [1775739088.890243, 27.003000]: 转换得到 122623 个点
Inference ━━━━━━━━━━━━━━━━━━━━━━━━━━━━━━━━━━━━━━━━   
[INFO] [1775739088.917789, 27.013000]: 帧 269: 检测到 13 个目标
[INFO] [1775739088.928543, 27.103000]: 转换得到 122518 个点
Inference ━━━━━━━━━━━━━━━━━━━━━━━━━━━━━━━━━━━━━━━━   
[INFO] [1775739088.955401, 27.113000]: 帧 270: 检测到 11 个目标
[INFO] [1775739088.965396, 27.203000]: 转换得到 122201 个点
Inference ━━━━━━━━━━━━━━━━━━━━━━━━━━━━━━━━━━━━━━━━   
[INFO] [1775739089.000989, 27.215000]: 帧 271: 检测到 10 个目标
[INFO] [1775739089.006828, 27.303000]: 转换得到 121971 个点
Inference ━━━━━━━━━━━━━━━━━━━━━━━━━━━━━━━━━━━━━━━━   
[INFO] [1775739089.035503, 27.313000]: 帧 272: 检测到 10 个目标
[INFO] [1775739089.044082, 27.403000]: 转换得到 122044 个点
Inference ━━━━━━━━━━━━━━━━━━━━━━━━━━━━━━━━━━━━━━━━   
[INFO] [1775739089.073354, 27.413000]: 帧 273: 检测到 9 个目标
[INFO] [1775739089.085847, 27.503000]: 转换得到 122103 个点
Inference ━━━━━━━━━━━━━━━━━━━━━━━━━━━━━━━━━━━━━━━━   
[INFO] [1775739089.116817, 27.515000]: 帧 274: 检测到 8 个目标
[INFO] [1775739089.126722, 27.603000]: 转换得到 121722 个点
Inference ━━━━━━━━━━━━━━━━━━━━━━━━━━━━━━━━━━━━━━━━   
[INFO] [1775739089.157457, 27.613000]: 帧 275: 检测到 8 个目标
[INFO] [1775739089.163460, 27.703000]: 转换得到 121559 个点
Inference ━━━━━━━━━━━━━━━━━━━━━━━━━━━━━━━━━━━━━━━━   
[INFO] [1775739089.194672, 27.713000]: 帧 276: 检测到 9 个目标
[INFO] [1775739089.201060, 27.803000]: 转换得到 121464 个点
Inference ━━━━━━━━━━━━━━━━━━━━━━━━━━━━━━━━━━━━━━━━   
[INFO] [1775739089.231873, 27.813000]: 帧 277: 检测到 8 个目标
[INFO] [1775739089.239788, 27.903000]: 转换得到 121438 个点
Inference ━━━━━━━━━━━━━━━━━━━━━━━━━━━━━━━━━━━━━━━━   
[INFO] [1775739089.270401, 27.913000]: 帧 278: 检测到 9 个目标
[INFO] [1775739089.282269, 28.003000]: 转换得到 121550 个点
Inference ━━━━━━━━━━━━━━━━━━━━━━━━━━━━━━━━━━━━━━━━   
[INFO] [1775739089.312376, 28.013000]: 帧 279: 检测到 8 个目标
[INFO] [1775739089.316111, 28.101000]: PointPillars计时汇总(20帧均值): 点云解析=1.8ms, 临时落盘=0.8ms, 模型推理=27.8ms, 结果提取=0.1ms, 清理临时文件=0.2ms, 相机坐标转换=0.8ms, 发布Detection3DArray=0.1ms, 发布MarkerArray=0.3ms, 发布KITTI串=0.1ms, 发布LiDAR串=0.0ms, 纯计算总耗时=32.7ms, 限速休眠=1.2ms, 墙钟总耗时=33.9ms
[INFO] [1775739089.321042, 28.103000]: 转换得到 121707 个点
Inference ━━━━━━━━━━━━━━━━━━━━━━━━━━━━━━━━━━━━━━━━   
[INFO] [1775739089.352066, 28.113000]: 帧 280: 检测到 7 个目标
[INFO] [1775739089.358431, 28.203000]: 转换得到 121890 个点
Inference ━━━━━━━━━━━━━━━━━━━━━━━━━━━━━━━━━━━━━━━━   
[INFO] [1775739089.391088, 28.213000]: 帧 281: 检测到 12 个目标
[INFO] [1775739089.404713, 28.303000]: 转换得到 121889 个点
Inference ━━━━━━━━━━━━━━━━━━━━━━━━━━━━━━━━━━━━━━━━   
[INFO] [1775739089.437456, 28.315000]: 帧 282: 检测到 11 个目标
[INFO] [1775739089.446319, 28.403000]: 转换得到 121619 个点
Inference ━━━━━━━━━━━━━━━━━━━━━━━━━━━━━━━━━━━━━━━━   
[INFO] [1775739089.479246, 28.415000]: 帧 283: 检测到 10 个目标
[INFO] [1775739089.489886, 28.503000]: 转换得到 121622 个点
Inference ━━━━━━━━━━━━━━━━━━━━━━━━━━━━━━━━━━━━━━━━   
[INFO] [1775739089.518304, 28.513000]: 帧 284: 检测到 9 个目标
[INFO] [1775739089.526842, 28.603000]: 转换得到 121672 个点
Inference ━━━━━━━━━━━━━━━━━━━━━━━━━━━━━━━━━━━━━━━━   
[INFO] [1775739089.557297, 28.613000]: 帧 285: 检测到 9 个目标
[INFO] [1775739089.566326, 28.703000]: 转换得到 121876 个点
Inference ━━━━━━━━━━━━━━━━━━━━━━━━━━━━━━━━━━━━━━━━   
ave total: 0.020668 icp: 0.013366 construct H: 0.000232 
[ mapping ]: time: IMU + Map + Input Downsample: 0.005667 ave match: 0.012358 ave solve: 0.000957  ave ICP: 0.010185  map incre: 0.002525 ave total: 0.020659 icp: 0.013353 construct H: 0.000232 
[ mapping ]: time: IMU + Map + Input Downsample: 0.005628 ave match: 0.012345 ave solve: 0.000955  ave ICP: 0.009743  map incre: 0.002410 ave total: 0.020648 icp: 0.013338 construct H: 0.000231 
[ mapping ]: time: IMU + Map + Input Downsample: 0.005689 ave match: 0.012331 ave solve: 0.000953  ave ICP: 0.009351  map incre: 0.001777 ave total: 0.020633 icp: 0.013322 construct H: 0.000231 
[ mapping ]: time: IMU + Map + Input Downsample: 0.003975 ave match: 0.012316 ave solve: 0.000951  ave ICP: 0.009105  map incre: 0.001671 ave total: 0.020610 icp: 0.013306 construct H: 0.000230 
[ mapping ]: time: IMU + Map + Input Downsample: 0.007044 ave match: 0.012302 ave solve: 0.000949  ave ICP: 0.009461  map incre: 0.002796 ave total: 0.020605 icp: 0.013290 construct H: 0.000230 
[ mapping ]: time: IMU + Map + Input Downsample: 0.005281 ave match: 0.012288 ave solve: 0.000948  ave ICP: 0.009307  map incre: 0.002101 ave total: 0.020590 icp: 0.013274 construct H: 0.000230 
[ mapping ]: time: IMU + Map + Input Downsample: 0.004194 ave match: 0.012273 ave solve: 0.000946  ave ICP: 0.009021  map incre: 0.001482 ave total: 0.020567 icp: 0.013258 construct H: 0.000229 
[ mapping ]: time: IMU + Map + Input Downsample: 0.005759 ave match: 0.012259 ave solve: 0.000945  ave ICP: 0.009198  map incre: 0.001655 ave total: 0.020552 icp: 0.013242 construct H: 0.000229 
[ mapping ]: time: IMU + Map + Input Downsample: 0.005280 ave match: 0.012242 ave solve: 0.000942  ave ICP: 0.008432  map incre: 0.001514 ave total: 0.020531 icp: 0.013223 construct H: 0.000228 
[ mapping ]: time: IMU + Map + Input Downsample: 0.003938 ave match: 0.012225 ave solve: 0.000940  ave ICP: 0.008132  map incre: 0.001527 ave total: 0.020505 icp: 0.013203 construct H: 0.000228 
[ mapping ]: time: IMU + Map + Input Downsample: 0.005844 ave match: 0.012213 ave solve: 0.000939  ave ICP: 0.009957  map incre: 0.002198 ave total: 0.020495 icp: 0.013191 construct H: 0.000227 
[ mapping ]: time: IMU + Map + Input Downsample: 0.005919 ave match: 0.012203 ave solve: 0.000938  ave ICP: 0.010354  map incre: 0.003023 ave total: 0.020491 icp: 0.013180 construct H: 0.000227 
[ mapping ]: time: IMU + Map + Input Downsample: 0.004013 ave match: 0.012192 ave solve: 0.000936  ave ICP: 0.009789  map incre: 0.002215 ave total: 0.020474 icp: 0.013167 construct H: 0.000226 
[ mapping ]: time: IMU + Map + Input Downsample: 0.005853 ave match: 0.012180 ave solve: 0.000935  ave ICP: 0.009480  map incre: 0.001748 ave total: 0.020461 icp: 0.013152 construct H: 0.000226 
[ mapping ]: time: IMU + Map + Input Downsample: 0.005389 ave match: 0.012167 ave solve: 0.000933  ave ICP: 0.009327  map incre: 0.002072 ave total: 0.020448 icp: 0.013138 construct H: 0.000225 
[ mapping ]: time: IMU + Map + Input Downsample: 0.006032 ave match: 0.012161 ave solve: 0.000932  ave ICP: 0.011425  map incre: 0.003065 ave total: 0.020448 icp: 0.013131 construct H: 0.000225 
[ mapping ]: time: IMU + Map + Input Downsample: 0.004058 ave match: 0.012150 ave solve: 0.000930  ave ICP: 0.009555  map incre: 0.001754 ave total: 0.020429 icp: 0.013117 construct H: 0.000225 
[ mapping ]: time: IMU + Map + Input Downsample: 0.006041 ave match: 0.012143 ave solve: 0.000929  ave ICP: 0.011088  map incre: 0.002738 ave total: 0.020427 icp: 0.013110 construct H: 0.000224 
[ mapping ]: time: IMU + Map + Input Downsample: 0.005863 ave match: 0.012135 ave solve: 0.000928  ave ICP: 0.010823  map incre: 0.003037 ave total: 0.020424 icp: 0.013101 construct H: 0.000224 
[ mapping ]: time: IMU + Map + Input Downsample: 0.005865 ave match: 0.012126 ave solve: 0.000926  ave ICP: 0.010138  map incre: 0.001705 ave total: 0.020414 icp: 0.013090 construct H: 0.000224 
[ mapping ]: time: IMU + Map + Input Downsample: 0.004065 ave match: 0.012114 ave solve: 0.000925  ave ICP: 0.009341  map incre: 0.001451 a[INFO] [1775739089.597538, 28.715000]: 帧 286: 检测到 11 个目标
[INFO] [1775739089.611503, 28.803000]: 转换得到 122091 个点
Inference ━━━━━━━━━━━━━━━━━━━━━━━━━━━━━━━━━━━━━━━━   
[INFO] [1775739089.640201, 28.813000]: 帧 287: 检测到 12 个目标
[INFO] [1775739089.647693, 28.903000]: 转换得到 122333 个点
Inference ━━━━━━━━━━━━━━━━━━━━━━━━━━━━━━━━━━━━━━━━   
[WARN] [1775739089.697563, 29.005000]: 等待与检测时间戳对齐的位姿超时，回退使用最新 FAST-LIO 位姿
[INFO] [1775739089.684646, 28.915000]: 帧 288: 检测到 13 个目标
[INFO] [1775739089.694289, 29.003000]: 转换得到 122280 个点
Inference ━━━━━━━━━━━━━━━━━━━━━━━━━━━━━━━━━━━━━━━━   
[INFO] [1775739089.731960, 29.017000]: 帧 289: 检测到 11 个目标
[INFO] [1775739089.744294, 29.103000]: 转换得到 122848 个点
Inference ━━━━━━━━━━━━━━━━━━━━━━━━━━━━━━━━━━━━━━━━   
[INFO] [1775739089.774306, 29.115000]: 帧 290: 检测到 11 个目标
[INFO] [1775739089.788991, 29.203000]: 转换得到 123136 个点
Inference ━━━━━━━━━━━━━━━━━━━━━━━━━━━━━━━━━━━━━━━━   
[INFO] [1775739089.818784, 29.213000]: 帧 291: 检测到 9 个目标
[INFO] [1775739089.831634, 29.303000]: 转换得到 123203 个点
Inference ━━━━━━━━━━━━━━━━━━━━━━━━━━━━━━━━━━━━━━━━   
[INFO] [1775739089.859453, 29.313000]: 帧 292: 检测到 7 个目标
[INFO] [1775739089.869003, 29.403000]: 转换得到 123244 个点
Inference ━━━━━━━━━━━━━━━━━━━━━━━━━━━━━━━━━━━━━━━━   
[INFO] [1775739089.899025, 29.413000]: 帧 293: 检测到 9 个目标
[INFO] [1775739089.907390, 29.503000]: 转换得到 123186 个点
Inference ━━━━━━━━━━━━━━━━━━━━━━━━━━━━━━━━━━━━━━━━   
[INFO] [1775739089.936363, 29.513000]: 帧 294: 检测到 8 个目标
[INFO] [1775739089.944865, 29.603000]: 转换得到 122995 个点
Inference ━━━━━━━━━━━━━━━━━━━━━━━━━━━━━━━━━━━━━━━━   
[INFO] [1775739089.975442, 29.613000]: 帧 295: 检测到 8 个目标
[INFO] [1775739089.983002, 29.703000]: 转换得到 122619 个点
Inference ━━━━━━━━━━━━━━━━━━━━━━━━━━━━━━━━━━━━━━━━   
[INFO] [1775739090.013804, 29.713000]: 帧 296: 检测到 9 个目标
[INFO] [1775739090.024816, 29.803000]: 转换得到 122533 个点
Inference ━━━━━━━━━━━━━━━━━━━━━━━━━━━━━━━━━━━━━━━━   
[INFO] [1775739090.054296, 29.813000]: 帧 297: 检测到 8 个目标
[INFO] [1775739090.061166, 29.903000]: 转换得到 121978 个点
Inference ━━━━━━━━━━━━━━━━━━━━━━━━━━━━━━━━━━━━━━━━   
[INFO] [1775739090.089467, 29.913000]: 帧 298: 检测到 9 个目标
[INFO] [1775739090.097694, 30.003000]: 转换得到 121336 个点
Inference ━━━━━━━━━━━━━━━━━━━━━━━━━━━━━━━━━━━━━━━━   
[INFO] [1775739090.127601, 30.013000]: 帧 299: 检测到 10 个目标
[INFO] [1775739090.128344, 30.013000]: PointPillars计时汇总(20帧均值): 点云解析=1.9ms, 临时落盘=0.9ms, 模型推理=27.6ms, 结果提取=0.1ms, 清理临时文件=0.2ms, 相机坐标转换=0.8ms, 发布Detection3DArray=0.1ms, 发布MarkerArray=0.3ms, 发布KITTI串=0.1ms, 发布LiDAR串=0.0ms, 纯计算总耗时=32.8ms, 限速休眠=1.0ms, 墙钟总耗时=33.8ms
[INFO] [1775739090.133488, 30.103000]: 转换得到 120564 个点
Inference ━━━━━━━━━━━━━━━━━━━━━━━━━━━━━━━━━━━━━━━━   
[INFO] [1775739090.160138, 30.113000]: 帧 300: 检测到 7 个目标
[INFO] [1775739090.171097, 30.203000]: 转换得到 120265 个点
Inference ━━━━━━━━━━━━━━━━━━━━━━━━━━━━━━━━━━━━━━━━   
[INFO] [1775739090.198214, 30.213000]: 帧 301: 检测到 12 个目标
[INFO] [1775739090.209808, 30.303000]: 转换得到 120049 个点
Inference ━━━━━━━━━━━━━━━━━━━━━━━━━━━━━━━━━━━━━━━━   
[INFO] [1775739090.240466, 30.315000]: 帧 302: 检测到 11 个目标
[INFO] [1775739090.250433, 30.403000]: 转换得到 119784 个点
Inference ━━━━━━━━━━━━━━━━━━━━━━━━━━━━━━━━━━━━━━━━   
[INFO] [1775739090.280421, 30.413000]: 帧 303: 检测到 11 个目标
[INFO] [1775739090.287025, 30.503000]: 转换得到 119361 个点
Inference ━━━━━━━━━━━━━━━━━━━━━━━━━━━━━━━━━━━━━━━━   
[INFO] [1775739090.314381, 30.513000]: 帧 304: 检测到 10 个目标
[INFO] [1775739090.325874, 30.603000]: 转换得到 119412 个点
Inference ━━━━━━━━━━━━━━━━━━━━━━━━━━━━━━━━━━━━━━━━   
[INFO] [1775739090.359231, 30.615000]: 帧 305: 检测到 9 个目标
[INFO] [1775739090.368053, 30.703000]: 转换得到 119283 个点
Inference ━━━━━━━━━━━━━━━━━━━━━━━━━━━━━━━━━━━━━━━━   
[INFO] [1775739090.396346, 30.713000]: 帧 306: 检测到 10 个目标
[INFO] [1775739090.405041, 30.803000]: 转换得到 118814 个点
Inference ━━━━━━━━━━━━━━━━━━━━━━━━━━━━━━━━━━━━━━━━   
ve total: 0.020394 icp: 0.013076 construct H: 0.000223 
[ mapping ]: time: IMU + Map + Input Downsample: 0.005922 ave match: 0.012108 ave solve: 0.000923  ave ICP: 0.011357  map incre: 0.002202 ave total: 0.020391 icp: 0.013069 construct H: 0.000223 
[ mapping ]: time: IMU + Map + Input Downsample: 0.005888 ave match: 0.012101 ave solve: 0.000922  ave ICP: 0.010993  map incre: 0.002407 ave total: 0.020387 icp: 0.013061 construct H: 0.000222 
[ mapping ]: time: IMU + Map + Input Downsample: 0.004370 ave match: 0.012092 ave solve: 0.000920  ave ICP: 0.010109  map incre: 0.001299 ave total: 0.020370 icp: 0.013050 construct H: 0.000222 
[ mapping ]: time: IMU + Map + Input Downsample: 0.005900 ave match: 0.012086 ave solve: 0.000919  ave ICP: 0.011091  map incre: 0.001984 ave total: 0.020365 icp: 0.013043 construct H: 0.000221 
[ mapping ]: time: IMU + Map + Input Downsample: 0.005903 ave match: 0.012073 ave solve: 0.000917  ave ICP: 0.009084  map incre: 0.001433 ave total: 0.020351 icp: 0.013028 construct H: 0.000221 
[ mapping ]: time: IMU + Map + Input Downsample: 0.005876 ave match: 0.012064 ave solve: 0.000916  ave ICP: 0.009940  map incre: 0.001600 ave total: 0.020340 icp: 0.013017 construct H: 0.000221 
[ mapping ]: time: IMU + Map + Input Downsample: 0.004102 ave match: 0.012049 ave solve: 0.000914  ave ICP: 0.008284  map incre: 0.001544 ave total: 0.020317 icp: 0.012999 construct H: 0.000220 
[ mapping ]: time: IMU + Map + Input Downsample: 0.004055 ave match: 0.012031 ave solve: 0.000912  ave ICP: 0.007745  map incre: 0.001841 ave total: 0.020293 icp: 0.012980 construct H: 0.000220 
[ mapping ]: time: IMU + Map + Input Downsample: 0.003962 ave match: 0.012011 ave solve: 0.000910  ave ICP: 0.006676  map incre: 0.001634 ave total: 0.020265 icp: 0.012958 construct H: 0.000219 
[ mapping ]: time: IMU + Map + Input Downsample: 0.005791 ave match: 0.012000 ave solve: 0.000909  ave ICP: 0.009611  map incre: 0.002589 ave total: 0.020257 icp: 0.012946 construct H: 0.000219 
[ mapping ]: time: IMU + Map + Input Downsample: 0.005784 ave match: 0.011990 ave solve: 0.000907  ave ICP: 0.009838  map incre: 0.002478 ave total: 0.020249 icp: 0.012934 construct H: 0.000218 
[ mapping ]: time: IMU + Map + Input Downsample: 0.004139 ave match: 0.011970 ave solve: 0.000905  ave ICP: 0.006583  map incre: 0.002015 ave total: 0.020223 icp: 0.012912 construct H: 0.000218 
[ mapping ]: time: IMU + Map + Input Downsample: 0.005840 ave match: 0.011961 ave solve: 0.000904  ave ICP: 0.009971  map incre: 0.001929 ave total: 0.020214 icp: 0.012901 construct H: 0.000217 
[ mapping ]: time: IMU + Map + Input Downsample: 0.005856 ave match: 0.011953 ave solve: 0.000903  ave ICP: 0.010394  map incre: 0.002166 ave total: 0.020208 icp: 0.012892 construct H: 0.000217 
[ mapping ]: time: IMU + Map + Input Downsample: 0.003877 ave match: 0.011939 ave solve: 0.000901  ave ICP: 0.008554  map incre: 0.003113 ave total: 0.020192 icp: 0.012877 construct H: 0.000217 
[ mapping ]: time: IMU + Map + Input Downsample: 0.005804 ave match: 0.011929 ave solve: 0.000900  ave ICP: 0.009500  map incre: 0.001916 ave total: 0.020182 icp: 0.012865 construct H: 0.000216 
[ mapping ]: time: IMU + Map + Input Downsample: 0.005758 ave match: 0.011919 ave solve: 0.000899  ave ICP: 0.009698  map incre: 0.002148 ave total: 0.020173 icp: 0.012854 construct H: 0.000216 
[ mapping ]: time: IMU + Map + Input Downsample: 0.005889 ave match: 0.011911 ave solve: 0.000898  ave ICP: 0.010236  map incre: 0.002117 ave total: 0.020166 icp: 0.012844 construct H: 0.000215 
[ mapping ]: time: IMU + Map + Input Downsample: 0.003919 ave match: 0.011892 ave solve: 0.000896  ave ICP: 0.007097  map incre: 0.001360 ave total: 0.020139 icp: 0.012825 construct H: 0.000215 
[ mapping ]: time: IMU + Map + Input Downsample: 0.004000 ave match: 0.011875 ave solve: 0.000894  ave ICP: 0.007324  map incre: 0.001394 ave total: 0.020114 icp: 0.012806 construct H: 0.000215 
[ mapping ]: time: IMU + Map + Input Downsample: 0.004175 ave match: 0.011866 ave solve: 0.000893  ave ICP: 0.009598  map incre: 0.001678 av[INFO] [1775739090.436242, 30.815000]: 帧 307: 检测到 9 个目标
[INFO] [1775739090.445469, 30.903000]: 转换得到 118453 个点
Inference ━━━━━━━━━━━━━━━━━━━━━━━━━━━━━━━━━━━━━━━━   
[INFO] [1775739090.475177, 30.913000]: 帧 308: 检测到 7 个目标
[INFO] [1775739090.483395, 31.003000]: 转换得到 117830 个点
Inference ━━━━━━━━━━━━━━━━━━━━━━━━━━━━━━━━━━━━━━━━   
[INFO] [1775739090.512513, 31.013000]: 帧 309: 检测到 9 个目标
[INFO] [1775739090.520263, 31.103000]: 转换得到 117114 个点
Inference ━━━━━━━━━━━━━━━━━━━━━━━━━━━━━━━━━━━━━━━━   
[INFO] [1775739090.553391, 31.115000]: 帧 310: 检测到 10 个目标
[INFO] [1775739090.562965, 31.203000]: 转换得到 116648 个点
Inference ━━━━━━━━━━━━━━━━━━━━━━━━━━━━━━━━━━━━━━━━   
[INFO] [1775739090.593146, 31.213000]: 帧 311: 检测到 11 个目标
[INFO] [1775739090.599158, 31.303000]: 转换得到 115850 个点
Inference ━━━━━━━━━━━━━━━━━━━━━━━━━━━━━━━━━━━━━━━━   
[INFO] [1775739090.629178, 31.313000]: 帧 312: 检测到 10 个目标
[INFO] [1775739090.636714, 31.403000]: 转换得到 114858 个点
Inference ━━━━━━━━━━━━━━━━━━━━━━━━━━━━━━━━━━━━━━━━   
[INFO] [1775739090.665563, 31.413000]: 帧 313: 检测到 10 个目标
[INFO] [1775739090.674686, 31.503000]: 转换得到 113159 个点
Inference ━━━━━━━━━━━━━━━━━━━━━━━━━━━━━━━━━━━━━━━━   
[INFO] [1775739090.703487, 31.513000]: 帧 314: 检测到 11 个目标
[INFO] [1775739090.716725, 31.603000]: 转换得到 110820 个点
Inference ━━━━━━━━━━━━━━━━━━━━━━━━━━━━━━━━━━━━━━━━   
[INFO] [1775739090.742734, 31.611000]: 帧 315: 检测到 11 个目标
[INFO] [1775739090.754693, 31.703000]: 转换得到 108005 个点
Inference ━━━━━━━━━━━━━━━━━━━━━━━━━━━━━━━━━━━━━━━━   
[INFO] [1775739090.780825, 31.711000]: 帧 316: 检测到 16 个目标
[INFO] [1775739090.792015, 31.803000]: 转换得到 105162 个点
Inference ━━━━━━━━━━━━━━━━━━━━━━━━━━━━━━━━━━━━━━━━   
[INFO] [1775739090.818125, 31.813000]: 帧 317: 检测到 9 个目标
[INFO] [1775739090.826754, 31.903000]: 转换得到 102802 个点
Inference ━━━━━━━━━━━━━━━━━━━━━━━━━━━━━━━━━━━━━━━━   
[INFO] [1775739090.856345, 31.913000]: 帧 318: 检测到 9 个目标
[INFO] [1775739090.862274, 32.003000]: 转换得到 100979 个点
Inference ━━━━━━━━━━━━━━━━━━━━━━━━━━━━━━━━━━━━━━━━   
[INFO] [1775739090.890582, 32.013000]: 帧 319: 检测到 10 个目标
[INFO] [1775739090.891356, 32.013000]: PointPillars计时汇总(20帧均值): 点云解析=1.6ms, 临时落盘=0.7ms, 模型推理=26.2ms, 结果提取=0.1ms, 清理临时文件=0.2ms, 相机坐标转换=0.7ms, 发布Detection3DArray=0.1ms, 发布MarkerArray=0.2ms, 发布KITTI串=0.1ms, 发布LiDAR串=0.0ms, 纯计算总耗时=30.7ms, 限速休眠=0.5ms, 墙钟总耗时=31.2ms
[INFO] [1775739090.898888, 32.103000]: 转换得到 96750 个点
Inference ━━━━━━━━━━━━━━━━━━━━━━━━━━━━━━━━━━━━━━━━   
[INFO] [1775739090.926514, 32.113000]: 帧 320: 检测到 10 个目标
[INFO] [1775739090.936897, 32.203000]: 转换得到 94349 个点
Inference ━━━━━━━━━━━━━━━━━━━━━━━━━━━━━━━━━━━━━━━━   
[INFO] [1775739090.961176, 32.211000]: 帧 321: 检测到 9 个目标
[INFO] [1775739090.967281, 32.303000]: 转换得到 91786 个点
Inference ━━━━━━━━━━━━━━━━━━━━━━━━━━━━━━━━━━━━━━━━   
[INFO] [1775739090.994484, 32.311000]: 帧 322: 检测到 9 个目标
[INFO] [1775739091.003663, 32.403000]: 转换得到 90189 个点
Inference ━━━━━━━━━━━━━━━━━━━━━━━━━━━━━━━━━━━━━━━━   
[INFO] [1775739091.027664, 32.411000]: 帧 323: 检测到 8 个目标
[INFO] [1775739091.033875, 32.503000]: 转换得到 89106 个点
Inference ━━━━━━━━━━━━━━━━━━━━━━━━━━━━━━━━━━━━━━━━   
[INFO] [1775739091.060086, 32.511000]: 帧 324: 检测到 11 个目标
[INFO] [1775739091.066613, 32.603000]: 转换得到 89370 个点
Inference ━━━━━━━━━━━━━━━━━━━━━━━━━━━━━━━━━━━━━━━━   
[INFO] [1775739091.090073, 32.611000]: 帧 325: 检测到 8 个目标
[INFO] [1775739091.096366, 32.703000]: 转换得到 90398 个点
Inference ━━━━━━━━━━━━━━━━━━━━━━━━━━━━━━━━━━━━━━━━   
[INFO] [1775739091.121317, 32.711000]: 帧 326: 检测到 8 个目标
[INFO] [1775739091.127064, 32.803000]: 转换得到 93226 个点
Inference ━━━━━━━━━━━━━━━━━━━━━━━━━━━━━━━━━━━━━━━━   
[INFO] [1775739091.156758, 32.813000]: 帧 327: 检测到 8 个目标
[INFO] [1775739091.165205, 32.903000]: 转换得到 97226 个点
Inference ━━━━━━━━━━━━━━━━━━━━━━━━━━━━━━━━━━━━━━━━   
e total: 0.020098 icp: 0.012794 construct H: 0.000214 
[ mapping ]: time: IMU + Map + Input Downsample: 0.005578 ave match: 0.011859 ave solve: 0.000891  ave ICP: 0.010556  map incre: 0.001978 ave total: 0.020091 icp: 0.012786 construct H: 0.000214 
[ mapping ]: time: IMU + Map + Input Downsample: 0.005675 ave match: 0.011853 ave solve: 0.000891  ave ICP: 0.010872  map incre: 0.002057 ave total: 0.020086 icp: 0.012780 construct H: 0.000214 
[ mapping ]: time: IMU + Map + Input Downsample: 0.005256 ave match: 0.011845 ave solve: 0.000889  ave ICP: 0.010036  map incre: 0.001325 ave total: 0.020075 icp: 0.012770 construct H: 0.000213 
[ mapping ]: time: IMU + Map + Input Downsample: 0.003838 ave match: 0.011838 ave solve: 0.000887  ave ICP: 0.010218  map incre: 0.001306 ave total: 0.020059 icp: 0.012761 construct H: 0.000213 
[ mapping ]: time: IMU + Map + Input Downsample: 0.003871 ave match: 0.011831 ave solve: 0.000886  ave ICP: 0.010236  map incre: 0.001484 ave total: 0.020044 icp: 0.012753 construct H: 0.000212 
[ mapping ]: time: IMU + Map + Input Downsample: 0.003794 ave match: 0.011824 ave solve: 0.000884  ave ICP: 0.010306  map incre: 0.001281 ave total: 0.020028 icp: 0.012744 construct H: 0.000212 
[ mapping ]: time: IMU + Map + Input Downsample: 0.003866 ave match: 0.011816 ave solve: 0.000883  ave ICP: 0.009849  map incre: 0.001343 ave total: 0.020012 icp: 0.012734 construct H: 0.000212 
[ mapping ]: time: IMU + Map + Input Downsample: 0.003736 ave match: 0.011808 ave solve: 0.000881  ave ICP: 0.009847  map incre: 0.001495 ave total: 0.019996 icp: 0.012725 construct H: 0.000211 
[ mapping ]: time: IMU + Map + Input Downsample: 0.003747 ave match: 0.011799 ave solve: 0.000880  ave ICP: 0.009561  map incre: 0.001369 ave total: 0.019978 icp: 0.012714 construct H: 0.000211 
[ mapping ]: time: IMU + Map + Input Downsample: 0.005336 ave match: 0.011792 ave solve: 0.000879  ave ICP: 0.010370  map incre: 0.002324 ave total: 0.019972 icp: 0.012706 construct H: 0.000210 
[ mapping ]: time: IMU + Map + Input Downsample: 0.004662 ave match: 0.011781 ave solve: 0.000877  ave ICP: 0.008772  map incre: 0.001176 ave total: 0.019954 icp: 0.012693 construct H: 0.000210 
[ mapping ]: time: IMU + Map + Input Downsample: 0.004357 ave match: 0.011769 ave solve: 0.000875  ave ICP: 0.008702  map incre: 0.001157 ave total: 0.019935 icp: 0.012680 construct H: 0.000210 
[ mapping ]: time: IMU + Map + Input Downsample: 0.005014 ave match: 0.011760 ave solve: 0.000874  ave ICP: 0.009635  map incre: 0.001755 ave total: 0.019924 icp: 0.012669 construct H: 0.000209 
[ mapping ]: time: IMU + Map + Input Downsample: 0.004839 ave match: 0.011749 ave solve: 0.000873  ave ICP: 0.008889  map incre: 0.001541 ave total: 0.019909 icp: 0.012657 construct H: 0.000209 
[ mapping ]: time: IMU + Map + Input Downsample: 0.004568 ave match: 0.011737 ave solve: 0.000871  ave ICP: 0.008530  map incre: 0.001431 ave total: 0.019891 icp: 0.012643 construct H: 0.000208 
[ mapping ]: time: IMU + Map + Input Downsample: 0.004531 ave match: 0.011723 ave solve: 0.000870  ave ICP: 0.008131  map incre: 0.001410 ave total: 0.019873 icp: 0.012628 construct H: 0.000208 
[ mapping ]: time: IMU + Map + Input Downsample: 0.004467 ave match: 0.011708 ave solve: 0.000868  ave ICP: 0.007430  map incre: 0.001492 ave total: 0.019852 icp: 0.012611 construct H: 0.000208 
[ mapping ]: time: IMU + Map + Input Downsample: 0.004255 ave match: 0.011691 ave solve: 0.000867  ave ICP: 0.006940  map incre: 0.001006 ave total: 0.019827 icp: 0.012593 construct H: 0.000207 
[ mapping ]: time: IMU + Map + Input Downsample: 0.002899 ave match: 0.011668 ave solve: 0.000865  ave ICP: 0.004923  map incre: 0.001006 ave total: 0.019792 icp: 0.012568 construct H: 0.000207 
[ mapping ]: time: IMU + Map + Input Downsample: 0.004311 ave match: 0.011651 ave solve: 0.000864  ave ICP: 0.006828  map incre: 0.001546 ave total: 0.019769 icp: 0.012549 construct H: 0.000206 
[ mapping ]: time: IMU + Map + Input Downsample: 0.004385 ave match: 0.011635 ave solve: 0.000862  ave ICP: 0.007352  map incre: 0.001484 ave[INFO] [1775739091.201135, 32.915000]: 帧 328: 检测到 8 个目标
[INFO] [1775739091.208898, 33.003000]: 转换得到 101982 个点
Inference ━━━━━━━━━━━━━━━━━━━━━━━━━━━━━━━━━━━━━━━━   
[INFO] [1775739091.240451, 33.013000]: 帧 329: 检测到 8 个目标
[INFO] [1775739091.253536, 33.103000]: 转换得到 105522 个点
Inference ━━━━━━━━━━━━━━━━━━━━━━━━━━━━━━━━━━━━━━━━   
[INFO] [1775739091.283497, 33.113000]: 帧 330: 检测到 8 个目标
[INFO] [1775739091.290844, 33.203000]: 转换得到 109623 个点
Inference ━━━━━━━━━━━━━━━━━━━━━━━━━━━━━━━━━━━━━━━━   
[INFO] [1775739091.319314, 33.213000]: 帧 331: 检测到 8 个目标
[INFO] [1775739091.326175, 33.303000]: 转换得到 112862 个点
Inference ━━━━━━━━━━━━━━━━━━━━━━━━━━━━━━━━━━━━━━━━   
[INFO] [1775739091.355132, 33.313000]: 帧 332: 检测到 11 个目标
[INFO] [1775739091.366069, 33.403000]: 转换得到 115567 个点
Inference ━━━━━━━━━━━━━━━━━━━━━━━━━━━━━━━━━━━━━━━━   
[INFO] [1775739091.392173, 33.413000]: 帧 333: 检测到 8 个目标
[INFO] [1775739091.401148, 33.503000]: 转换得到 117155 个点
Inference ━━━━━━━━━━━━━━━━━━━━━━━━━━━━━━━━━━━━━━━━   
[INFO] [1775739091.430331, 33.513000]: 帧 334: 检测到 10 个目标
[INFO] [1775739091.439742, 33.603000]: 转换得到 118013 个点
Inference ━━━━━━━━━━━━━━━━━━━━━━━━━━━━━━━━━━━━━━━━   
[INFO] [1775739091.470746, 33.613000]: 帧 335: 检测到 10 个目标
[INFO] [1775739091.478217, 33.703000]: 转换得到 118646 个点
Inference ━━━━━━━━━━━━━━━━━━━━━━━━━━━━━━━━━━━━━━━━   
[INFO] [1775739091.508641, 33.713000]: 帧 336: 检测到 9 个目标
[INFO] [1775739091.526175, 33.803000]: 转换得到 119082 个点
Inference ━━━━━━━━━━━━━━━━━━━━━━━━━━━━━━━━━━━━━━━━   
[INFO] [1775739091.553256, 33.813000]: 帧 337: 检测到 9 个目标
[INFO] [1775739091.566775, 33.903000]: 转换得到 119561 个点
Inference ━━━━━━━━━━━━━━━━━━━━━━━━━━━━━━━━━━━━━━━━   
[INFO] [1775739091.594854, 33.913000]: 帧 338: 检测到 10 个目标
[INFO] [1775739091.604033, 34.003000]: 转换得到 120035 个点
Inference ━━━━━━━━━━━━━━━━━━━━━━━━━━━━━━━━━━━━━━━━   
[INFO] [1775739091.637151, 34.015000]: 帧 339: 检测到 10 个目标
[INFO] [1775739091.637895, 34.015000]: PointPillars计时汇总(20帧均值): 点云解析=1.5ms, 临时落盘=0.6ms, 模型推理=25.6ms, 结果提取=0.1ms, 清理临时文件=0.2ms, 相机坐标转换=0.8ms, 发布Detection3DArray=0.1ms, 发布MarkerArray=0.3ms, 发布KITTI串=0.1ms, 发布LiDAR串=0.0ms, 纯计算总耗时=30.0ms, 限速休眠=0.7ms, 墙钟总耗时=30.7ms
[INFO] [1775739091.647871, 34.103000]: 转换得到 120011 个点
Inference ━━━━━━━━━━━━━━━━━━━━━━━━━━━━━━━━━━━━━━━━   
[INFO] [1775739091.676752, 34.113000]: 帧 340: 检测到 12 个目标
[INFO] [1775739091.682707, 34.203000]: 转换得到 119812 个点
Inference ━━━━━━━━━━━━━━━━━━━━━━━━━━━━━━━━━━━━━━━━   
[INFO] [1775739091.712060, 34.213000]: 帧 341: 检测到 11 个目标
[INFO] [1775739091.721637, 34.303000]: 转换得到 120027 个点
Inference ━━━━━━━━━━━━━━━━━━━━━━━━━━━━━━━━━━━━━━━━   
[WARN] [1775739091.781363, 34.409000]: 等待与检测时间戳对齐的位姿超时，回退使用最新 FAST-LIO 位姿
[INFO] [1775739091.752623, 34.315000]: 帧 342: 检测到 9 个目标
[INFO] [1775739091.761983, 34.403000]: 转换得到 120362 个点
Inference ━━━━━━━━━━━━━━━━━━━━━━━━━━━━━━━━━━━━━━━━   
[INFO] [1775739091.790224, 34.413000]: 帧 343: 检测到 10 个目标
[INFO] [1775739091.798121, 34.503000]: 转换得到 121222 个点
Inference ━━━━━━━━━━━━━━━━━━━━━━━━━━━━━━━━━━━━━━━━   
[INFO] [1775739091.831396, 34.515000]: 帧 344: 检测到 10 个目标
[INFO] [1775739091.841506, 34.603000]: 转换得到 121641 个点
Inference ━━━━━━━━━━━━━━━━━━━━━━━━━━━━━━━━━━━━━━━━   
[INFO] [1775739091.872239, 34.613000]: 帧 345: 检测到 11 个目标
[INFO] [1775739091.889631, 34.703000]: 转换得到 121815 个点
Inference ━━━━━━━━━━━━━━━━━━━━━━━━━━━━━━━━━━━━━━━━   
[INFO] [1775739091.918687, 34.713000]: 帧 346: 检测到 10 个目标
[INFO] [1775739091.928619, 34.803000]: 转换得到 120974 个点
Inference ━━━━━━━━━━━━━━━━━━━━━━━━━━━━━━━━━━━━━━━━   
[INFO] [1775739091.959321, 34.813000]: 帧 347: 检测到 11 个目标
[INFO] [1775739091.966241, 34.903000]: 转换得到 119470 个点
Inference ━━━━━━━━━━━━━━━━━━━━━━━━━━━━━━━━━━━━━━━━   
[INFO] [1775739091.999360, 34.915000]: 帧 348: 检测到 11 个目标
[INFO] [1775739092.009448, 35.003000]: 转换得到 118037 个点
Inference ━━━━━━━━━━━━━━━━━━━━━━━━━━━━━━━━━━━━━━━━   
 total: 0.019749 icp: 0.012533 construct H: 0.000206 
[ mapping ]: time: IMU + Map + Input Downsample: 0.003103 ave match: 0.011619 ave solve: 0.000860  ave ICP: 0.006765  map incre: 0.000750 ave total: 0.019720 icp: 0.012514 construct H: 0.000205 
[ mapping ]: time: IMU + Map + Input Downsample: 0.003402 ave match: 0.011601 ave solve: 0.000858  ave ICP: 0.006282  map incre: 0.000907 ave total: 0.019691 icp: 0.012494 construct H: 0.000205 
[ mapping ]: time: IMU + Map + Input Downsample: 0.003259 ave match: 0.011581 ave solve: 0.000857  ave ICP: 0.005740  map incre: 0.000759 ave total: 0.019660 icp: 0.012473 construct H: 0.000204 
[ mapping ]: time: IMU + Map + Input Downsample: 0.003446 ave match: 0.011564 ave solve: 0.000855  ave ICP: 0.006303  map incre: 0.000701 ave total: 0.019631 icp: 0.012453 construct H: 0.000204 
[ mapping ]: time: IMU + Map + Input Downsample: 0.003519 ave match: 0.011546 ave solve: 0.000853  ave ICP: 0.006083  map incre: 0.000689 ave total: 0.019602 icp: 0.012433 construct H: 0.000203 
[ mapping ]: time: IMU + Map + Input Downsample: 0.003640 ave match: 0.011528 ave solve: 0.000851  ave ICP: 0.006110  map incre: 0.000960 ave total: 0.019574 icp: 0.012413 construct H: 0.000203 
[ mapping ]: time: IMU + Map + Input Downsample: 0.004326 ave match: 0.011514 ave solve: 0.000849  ave ICP: 0.007410  map incre: 0.001105 ave total: 0.019553 icp: 0.012397 construct H: 0.000202 
[ mapping ]: time: IMU + Map + Input Downsample: 0.005451 ave match: 0.011493 ave solve: 0.000847  ave ICP: 0.005267  map incre: 0.000863 ave total: 0.019528 icp: 0.012375 construct H: 0.000202 
[ mapping ]: time: IMU + Map + Input Downsample: 0.005502 ave match: 0.011477 ave solve: 0.000846  ave ICP: 0.006819  map incre: 0.001331 ave total: 0.019510 icp: 0.012358 construct H: 0.000202 
[ mapping ]: time: IMU + Map + Input Downsample: 0.005553 ave match: 0.011457 ave solve: 0.000844  ave ICP: 0.005216  map incre: 0.001044 ave total: 0.019486 icp: 0.012335 construct H: 0.000201 
[ mapping ]: time: IMU + Map + Input Downsample: 0.005633 ave match: 0.011441 ave solve: 0.000843  ave ICP: 0.006814  map incre: 0.001293 ave total: 0.019469 icp: 0.012318 construct H: 0.000201 
[ mapping ]: time: IMU + Map + Input Downsample: 0.005567 ave match: 0.011426 ave solve: 0.000842  ave ICP: 0.006877  map incre: 0.001354 ave total: 0.019452 icp: 0.012301 construct H: 0.000200 
[ mapping ]: time: IMU + Map + Input Downsample: 0.004957 ave match: 0.011409 ave solve: 0.000840  ave ICP: 0.006370  map incre: 0.001619 ave total: 0.019432 icp: 0.012283 construct H: 0.000200 
[ mapping ]: time: IMU + Map + Input Downsample: 0.003905 ave match: 0.011388 ave solve: 0.000838  ave ICP: 0.004799  map incre: 0.000960 ave total: 0.019402 icp: 0.012260 construct H: 0.000200 
[ mapping ]: time: IMU + Map + Input Downsample: 0.005665 ave match: 0.011373 ave solve: 0.000837  ave ICP: 0.007220  map incre: 0.001777 ave total: 0.019388 icp: 0.012244 construct H: 0.000199 
[ mapping ]: time: IMU + Map + Input Downsample: 0.003865 ave match: 0.011353 ave solve: 0.000836  ave ICP: 0.004957  map incre: 0.002352 ave total: 0.019363 icp: 0.012222 construct H: 0.000199 
[ mapping ]: time: IMU + Map + Input Downsample: 0.005664 ave match: 0.011340 ave solve: 0.000834  ave ICP: 0.007720  map incre: 0.001708 ave total: 0.019350 icp: 0.012208 construct H: 0.000198 
[ mapping ]: time: IMU + Map + Input Downsample: 0.003955 ave match: 0.011321 ave solve: 0.000833  ave ICP: 0.005493  map incre: 0.001238 ave total: 0.019324 icp: 0.012188 construct H: 0.000198 
[ mapping ]: time: IMU + Map + Input Downsample: 0.003895 ave match: 0.011309 ave solve: 0.000832  ave ICP: 0.007716  map incre: 0.001647 ave total: 0.019306 icp: 0.012174 construct H: 0.000198 
[ mapping ]: time: IMU + Map + Input Downsample: 0.005894 ave match: 0.011300 ave solve: 0.000831  ave ICP: 0.008851  map incre: 0.002444 ave total: 0.019299 icp: 0.012164 construct H: 0.000197 
[ mapping ]: time: IMU + Map + Input Downsample: 0.005828 ave match: 0.011293 ave solve: 0.000830  ave ICP: 0.009656  map incre: 0.002460 ave [INFO] [1775739092.039688, 35.013000]: 帧 349: 检测到 10 个目标
[INFO] [1775739092.052405, 35.103000]: 转换得到 117015 个点
Inference ━━━━━━━━━━━━━━━━━━━━━━━━━━━━━━━━━━━━━━━━   
[INFO] [1775739092.081519, 35.113000]: 帧 350: 检测到 11 个目标
[INFO] [1775739092.088233, 35.203000]: 转换得到 116233 个点
Inference ━━━━━━━━━━━━━━━━━━━━━━━━━━━━━━━━━━━━━━━━   
[INFO] [1775739092.118218, 35.213000]: 帧 351: 检测到 11 个目标
[INFO] [1775739092.124228, 35.303000]: 转换得到 115351 个点
Inference ━━━━━━━━━━━━━━━━━━━━━━━━━━━━━━━━━━━━━━━━   
[INFO] [1775739092.153128, 35.313000]: 帧 352: 检测到 10 个目标
[INFO] [1775739092.159966, 35.403000]: 转换得到 114842 个点
Inference ━━━━━━━━━━━━━━━━━━━━━━━━━━━━━━━━━━━━━━━━   
[INFO] [1775739092.193319, 35.415000]: 帧 353: 检测到 10 个目标
[INFO] [1775739092.202760, 35.503000]: 转换得到 114813 个点
Inference ━━━━━━━━━━━━━━━━━━━━━━━━━━━━━━━━━━━━━━━━   
[INFO] [1775739088.757582, 26.701000]: [offline_bag_feeder] frame=268 lidar stamp=26.701000
[INFO] [1775739088.800889, 26.801000]: [offline_bag_feeder] frame=269 lidar stamp=26.801000
[INFO] [1775739088.840159, 26.901000]: [offline_bag_feeder] frame=270 lidar stamp=26.901000
[INFO] [1775739088.885647, 27.001000]: [offline_bag_feeder] frame=271 lidar stamp=27.001000
[INFO] [1775739088.925051, 27.101000]: [offline_bag_feeder] frame=272 lidar stamp=27.101000
[INFO] [1775739088.962258, 27.201000]: [offline_bag_feeder] frame=273 lidar stamp=27.201000
[INFO] [1775739089.003524, 27.301000]: [offline_bag_feeder] frame=274 lidar stamp=27.301000
[INFO] [1775739089.039860, 27.401000]: [offline_bag_feeder] frame=275 lidar stamp=27.401000
[INFO] [1775739089.081235, 27.501000]: [offline_bag_feeder] frame=276 lidar stamp=27.501000
[INFO] [1775739089.124222, 27.601000]: [offline_bag_feeder] frame=277 lidar stamp=27.601000
[INFO] [1775739089.161138, 27.701000]: [offline_bag_feeder] frame=278 lidar stamp=27.701000
[INFO] [1775739089.198648, 27.801000]: [offline_bag_feeder] frame=279 lidar stamp=27.801000
[INFO] [1775739089.236043, 27.901000]: [offline_bag_feeder] frame=280 lidar stamp=27.901000
[INFO] [1775739089.279850, 28.001000]: [offline_bag_feeder] frame=281 lidar stamp=28.001000
[INFO] [1775739089.318651, 28.101000]: [offline_bag_feeder] frame=282 lidar stamp=28.101000
[INFO] [1775739089.356497, 28.201000]: [offline_bag_feeder] frame=283 lidar stamp=28.201000
[INFO] [1775739089.400845, 28.301000]: [offline_bag_feeder] frame=284 lidar stamp=28.301000
[INFO] [1775739089.442879, 28.401000]: [offline_bag_feeder] frame=285 lidar stamp=28.401000
[INFO] [1775739089.486042, 28.501000]: [offline_bag_feeder] frame=286 lidar stamp=28.501000
[INFO] [1775739089.524470, 28.601000]: [offline_bag_feeder] frame=287 lidar stamp=28.601000
[INFO] [1775739089.562585, 28.701000]: [offline_bag_feeder] frame=288 lidar stamp=28.701000
[INFO] [1775739089.607637, 28.801000]: [offline_bag_feeder] frame=289 lidar stamp=28.801000
[INFO] [1775739089.645274, 28.901000]: [offline_bag_feeder] frame=290 lidar stamp=28.901000
[INFO] [1775739089.690359, 29.001000]: [offline_bag_feeder] frame=291 lidar stamp=29.001000
[INFO] [1775739089.739578, 29.101000]: [offline_bag_feeder] frame=292 lidar stamp=29.101000
[INFO] [1775739089.785449, 29.201000]: [offline_bag_feeder] frame=293 lidar stamp=29.201000
[INFO] [1775739089.826457, 29.301000]: [offline_bag_feeder] frame=294 lidar stamp=29.301000
[INFO] [1775739089.866073, 29.401000]: [offline_bag_feeder] frame=295 lidar stamp=29.401000
[INFO] [1775739089.903800, 29.501000]: [offline_bag_feeder] frame=296 lidar stamp=29.501000
[INFO] [1775739089.942375, 29.601000]: [offline_bag_feeder] frame=297 lidar stamp=29.601000
[INFO] [1775739089.979342, 29.701000]: [offline_bag_feeder] frame=298 lidar stamp=29.701000
[INFO] [1775739090.022426, 29.801000]: [offline_bag_feeder] frame=299 lidar stamp=29.801000
[INFO] [1775739090.058407, 29.901000]: [offline_bag_feeder] frame=300 lidar stamp=29.901000
[INFO] [1775739090.095326, 30.001000]: [offline_bag_feeder] frame=301 lidar stamp=30.001000
[INFO] [1775739090.131103, 30.101000]: [offline_bag_feeder] frame=302 lidar stamp=30.101000
[INFO] [1775739090.168673, 30.201000]: [offline_bag_feeder] frame=303 lidar stamp=30.201000
[INFO] [1775739090.206105, 30.301000]: [offline_bag_feeder] frame=304 lidar stamp=30.301000
[INFO] [1775739090.248085, 30.401000]: [offline_bag_feeder] frame=305 lidar stamp=30.401000
[INFO] [1775739090.284548, 30.501000]: [offline_bag_feeder] frame=306 lidar stamp=30.501000
[INFO] [1775739090.322693, 30.601000]: [offline_bag_feeder] frame=307 lidar stamp=30.601000
[INFO] [1775739090.365608, 30.701000]: [offline_bag_feeder] frame=308 lidar stamp=30.701000
[INFO] [1775739090.401858, 30.801000]: [offline_bag_feeder] frame=309 lidar stamp=30.801000
[INFO] [1775739090.443524, 30.901000]: [offline_bag_feeder] frame=310 lidar stamp=30.901000
[INFO] [1775739090.480798, 31.001000]: [offline_bag_feeder] frame=311 lidar stamp=31.001000
[INFO] [1775739090.517919, 31.101000]: [offline_bag_feeder] frame=312 lidar stamp=31.101000
[INFO] [1775739090.560508, 31.201000]: [offline_bag_feeder] frame=313 lidar stamp=31.201000
[INFO] [1775739090.596882, 31.301000]: [offline_bag_feeder] frame=314 lidar stamp=31.301000
[INFO] [1775739090.633882, 31.401000]: [offline_bag_feeder] frame=315 lidar stamp=31.401000
[INFO] [1775739090.671172, 31.501000]: [offline_bag_feeder] frame=316 lidar stamp=31.501000
[INFO] [1775739090.714082, 31.601000]: [offline_bag_feeder] frame=317 lidar stamp=31.601000
[INFO] [1775739090.751366, 31.701000]: [offline_bag_feeder] frame=318 lidar stamp=31.701000
[INFO] [1775739090.788697, 31.801000]: [offline_bag_feeder] frame=319 lidar stamp=31.801000
[INFO] [1775739090.824716, 31.901000]: [offline_bag_feeder] frame=320 lidar stamp=31.901000
[INFO] [1775739090.860311, 32.001000]: [offline_bag_feeder] frame=321 lidar stamp=32.001000
[INFO] [1775739090.897011, 32.101000]: [offline_bag_feeder] frame=322 lidar stamp=32.101000
[INFO] [1775739090.933935, 32.201000]: [offline_bag_feeder] frame=323 lidar stamp=32.201000
[INFO] [1775739090.965587, 32.301000]: [offline_bag_feeder] frame=324 lidar stamp=32.301000
[INFO] [1775739091.001945, 32.401000]: [offline_bag_feeder] frame=325 lidar stamp=32.401000
[INFO] [1775739091.032140, 32.501000]: [offline_bag_feeder] frame=326 lidar stamp=32.501000
[INFO] [1775739091.063709, 32.601000]: [offline_bag_feeder] frame=327 lidar stamp=32.601000
[INFO] [1775739091.094346, 32.701000]: [offline_bag_feeder] frame=328 lidar stamp=32.701000
[INFO] [1775739091.124897, 32.801000]: [offline_bag_feeder] frame=329 lidar stamp=32.801000
[INFO] [1775739091.163070, 32.901000]: [offline_bag_feeder] frame=330 lidar stamp=32.901000
[INFO] [1775739091.206593, 33.001000]: [offline_bag_feeder] frame=331 lidar stamp=33.001000
[INFO] [1775739091.250162, 33.101000]: [offline_bag_feeder] frame=332 lidar stamp=33.101000
[INFO] [1775739091.287661, 33.201000]: [offline_bag_feeder] frame=333 lidar stamp=33.201000
[INFO] [1775739091.323992, 33.301000]: [offline_bag_feeder] frame=334 lidar stamp=33.301000
[INFO] [1775739091.362334, 33.401000]: [offline_bag_feeder] frame=335 lidar stamp=33.401000
[INFO] [1775739091.398693, 33.501000]: [offline_bag_feeder] frame=336 lidar stamp=33.501000
[INFO] [1775739091.437186, 33.601000]: [offline_bag_feeder] frame=337 lidar stamp=33.601000
[INFO] [1775739091.475085, 33.701000]: [offline_bag_feeder] frame=338 lidar stamp=33.701000
[INFO] [1775739091.524223, 33.801000]: [offline_bag_feeder] frame=339 lidar stamp=33.801000
[INFO] [1775739091.564276, 33.901000]: [offline_bag_feeder] frame=340 lidar stamp=33.901000
[INFO] [1775739091.602168, 34.001000]: [offline_bag_feeder] frame=341 lidar stamp=34.001000
[INFO] [1775739091.644564, 34.101000]: [offline_bag_feeder] frame=342 lidar stamp=34.101000
[INFO] [1775739091.680266, 34.201000]: [offline_bag_feeder] frame=343 lidar stamp=34.201000
[INFO] [1775739091.717904, 34.301000]: [offline_bag_feeder] frame=344 lidar stamp=34.301000
[INFO] [1775739091.759611, 34.401000]: [offline_bag_feeder] frame=345 lidar stamp=34.401000
[INFO] [1775739091.795701, 34.501000]: [offline_bag_feeder] frame=346 lidar stamp=34.501000
[INFO] [1775739091.838944, 34.601000]: [offline_bag_feeder] frame=347 lidar stamp=34.601000
[INFO] [1775739091.887698, 34.701000]: [offline_bag_feeder] frame=348 lidar stamp=34.701000
[INFO] [1775739091.926137, 34.801000]: [offline_bag_feeder] frame=349 lidar stamp=34.801000
[INFO] [1775739091.963694, 34.901000]: [offline_bag_feeder] frame=350 lidar stamp=34.901000
[INFO] [1775739092.006804, 35.001000]: [offline_bag_feeder] frame=351 lidar stamp=35.001000
[INFO] [1775739092.049750, 35.101000]: [offline_bag_feeder] frame=352 lidar stamp=35.101000
[INFO] [1775739092.085935, 35.201000]: [offline_bag_feeder] frame=353 lidar stamp=35.201000
[INFO] [1775739092.121626, 35.301000]: [offline_bag_feeder] frame=354 lidar stamp=35.301000
[INFO] [1775739092.157745, 35.401000]: [offline_bag_feeder] frame=355 lidar stamp=35.401000
[INFO] [1775739092.199386, 35.501000]: [offline_bag_feeder] frame=356 lidar stamp=35.501000
[INFO] [1775739092.242727, 35.601000]: [offline_bag_feeder] frame=357 lidar stamp=35.601000
[INFO] [1775739092.232619, 35.513000]: 帧 354: 检测到 11 个目标
[INFO] [1775739092.244494, 35.603000]: 转换得到 114672 个点
Inference ━━━━━━━━━━━━━━━━━━━━━━━━━━━━━━━━━━━━━━━━   
[INFO] [1775739092.277838, 35.615000]: 帧 355: 检测到 9 个目标
[INFO] [1775739092.289450, 35.703000]: 转换得到 114501 个点
Inference ━━━━━━━━━━━━━━━━━━━━━━━━━━━━━━━━━━━━━━━━   
[INFO] [1775739092.317720, 35.713000]: 帧 356: 检测到 10 个目标
[INFO] [1775739092.326796, 35.803000]: 转换得到 114048 个点
Inference ━━━━━━━━━━━━━━━━━━━━━━━━━━━━━━━━━━━━━━━━   
[INFO] [1775739092.354148, 35.813000]: 帧 357: 检测到 10 个目标
[INFO] [1775739092.363847, 35.903000]: 转换得到 113423 个点
Inference ━━━━━━━━━━━━━━━━━━━━━━━━━━━━━━━━━━━━━━━━   
[INFO] [1775739092.392194, 35.913000]: 帧 358: 检测到 10 个目标
[INFO] [1775739092.406625, 36.003000]: 转换得到 112936 个点
Inference ━━━━━━━━━━━━━━━━━━━━━━━━━━━━━━━━━━━━━━━━   
[INFO] [1775739092.438331, 36.013000]: 帧 359: 检测到 11 个目标
[INFO] [1775739092.439199, 36.015000]: PointPillars计时汇总(20帧均值): 点云解析=1.5ms, 临时落盘=0.6ms, 模型推理=27.5ms, 结果提取=0.1ms, 清理临时文件=0.2ms, 相机坐标转换=0.7ms, 发布Detection3DArray=0.1ms, 发布MarkerArray=0.3ms, 发布KITTI串=0.1ms, 发布LiDAR串=0.0ms, 纯计算总耗时=31.9ms, 限速休眠=0.8ms, 墙钟总耗时=32.6ms
[INFO] [1775739092.449532, 36.103000]: 转换得到 112036 个点
Inference ━━━━━━━━━━━━━━━━━━━━━━━━━━━━━━━━━━━━━━━━   
[INFO] [1775739092.477631, 36.113000]: 帧 360: 检测到 11 个目标
[INFO] [1775739092.486379, 36.203000]: 转换得到 111283 个点
Inference ━━━━━━━━━━━━━━━━━━━━━━━━━━━━━━━━━━━━━━━━   
[INFO] [1775739092.516314, 36.213000]: 帧 361: 检测到 10 个目标
[INFO] [1775739092.522984, 36.303000]: 转换得到 110463 个点
Inference ━━━━━━━━━━━━━━━━━━━━━━━━━━━━━━━━━━━━━━━━   
[INFO] [1775739092.553465, 36.313000]: 帧 362: 检测到 11 个目标
[INFO] [1775739092.560509, 36.403000]: 转换得到 109776 个点
Inference ━━━━━━━━━━━━━━━━━━━━━━━━━━━━━━━━━━━━━━━━   
[INFO] [1775739092.591398, 36.413000]: 帧 363: 检测到 10 个目标
[INFO] [1775739092.599377, 36.503000]: 转换得到 109209 个点
Inference ━━━━━━━━━━━━━━━━━━━━━━━━━━━━━━━━━━━━━━━━   
[INFO] [1775739092.630966, 36.515000]: 帧 364: 检测到 12 个目标
[INFO] [1775739092.642287, 36.603000]: 转换得到 108957 个点
Inference ━━━━━━━━━━━━━━━━━━━━━━━━━━━━━━━━━━━━━━━━   
[INFO] [1775739092.674552, 36.615000]: 帧 365: 检测到 12 个目标
[INFO] [1775739092.681740, 36.703000]: 转换得到 108834 个点
Inference ━━━━━━━━━━━━━━━━━━━━━━━━━━━━━━━━━━━━━━━━   
[INFO] [1775739092.715721, 36.715000]: 帧 366: 检测到 10 个目标
[INFO] [1775739092.725384, 36.803000]: 转换得到 108604 个点
Inference ━━━━━━━━━━━━━━━━━━━━━━━━━━━━━━━━━━━━━━━━   
[INFO] [1775739092.753737, 36.813000]: 帧 367: 检测到 14 个目标
[INFO] [1775739092.761844, 36.903000]: 转换得到 108672 个点
Inference ━━━━━━━━━━━━━━━━━━━━━━━━━━━━━━━━━━━━━━━━   
[INFO] [1775739092.793252, 36.913000]: 帧 368: 检测到 11 个目标
[INFO] [1775739092.800734, 37.003000]: 转换得到 108954 个点
Inference ━━━━━━━━━━━━━━━━━━━━━━━━━━━━━━━━━━━━━━━━   
[INFO] [1775739092.832139, 37.015000]: 帧 369: 检测到 11 个目标
[INFO] [1775739092.843762, 37.103000]: 转换得到 109572 个点
Inference ━━━━━━━━━━━━━━━━━━━━━━━━━━━━━━━━━━━━━━━━   
total: 0.019295 icp: 0.012157 construct H: 0.000197 
[ mapping ]: time: IMU + Map + Input Downsample: 0.005691 ave match: 0.011284 ave solve: 0.000828  ave ICP: 0.008545  map incre: 0.004426 ave total: 0.019294 icp: 0.012146 construct H: 0.000197 
[ mapping ]: time: IMU + Map + Input Downsample: 0.003936 ave match: 0.011276 ave solve: 0.000827  ave ICP: 0.009119  map incre: 0.001284 ave total: 0.019279 icp: 0.012136 construct H: 0.000197 
[ mapping ]: time: IMU + Map + Input Downsample: 0.005568 ave match: 0.011267 ave solve: 0.000826  ave ICP: 0.008778  map incre: 0.001365 ave total: 0.019268 icp: 0.012126 construct H: 0.000196 
[ mapping ]: time: IMU + Map + Input Downsample: 0.003815 ave match: 0.011260 ave solve: 0.000825  ave ICP: 0.009284  map incre: 0.001467 ave total: 0.019255 icp: 0.012118 construct H: 0.000196 
[ mapping ]: time: IMU + Map + Input Downsample: 0.003745 ave match: 0.011254 ave solve: 0.000823  ave ICP: 0.009847  map incre: 0.001486 ave total: 0.019242 icp: 0.012111 construct H: 0.000196 
[ mapping ]: time: IMU + Map + Input Downsample: 0.003876 ave match: 0.011246 ave solve: 0.000822  ave ICP: 0.009083  map incre: 0.001843 ave total: 0.019229 icp: 0.012102 construct H: 0.000195 
[ mapping ]: time: IMU + Map + Input Downsample: 0.003787 ave match: 0.011243 ave solve: 0.000821  ave ICP: 0.010500  map incre: 0.001945 ave total: 0.019221 icp: 0.012097 construct H: 0.000195 
[ mapping ]: time: IMU + Map + Input Downsample: 0.003719 ave match: 0.011231 ave solve: 0.000820  ave ICP: 0.007926  map incre: 0.001827 ave total: 0.019204 icp: 0.012085 construct H: 0.000195 
[ mapping ]: time: IMU + Map + Input Downsample: 0.005568 ave match: 0.011229 ave solve: 0.000819  ave ICP: 0.010875  map incre: 0.001857 ave total: 0.019201 icp: 0.012081 construct H: 0.000194 
[ mapping ]: time: IMU + Map + Input Downsample: 0.005509 ave match: 0.011228 ave solve: 0.000818  ave ICP: 0.011543  map incre: 0.001712 ave total: 0.019200 icp: 0.012079 construct H: 0.000194 
[ mapping ]: time: IMU + Map + Input Downsample: 0.005345 ave match: 0.011219 ave solve: 0.000817  ave ICP: 0.008904  map incre: 0.001879 ave total: 0.019191 icp: 0.012070 construct H: 0.000194 
[ mapping ]: time: IMU + Map + Input Downsample: 0.003781 ave match: 0.011219 ave solve: 0.000816  ave ICP: 0.011561  map incre: 0.001799 ave total: 0.019185 icp: 0.012068 construct H: 0.000194 
[ mapping ]: time: IMU + Map + Input Downsample: 0.004937 ave match: 0.011222 ave solve: 0.000816  ave ICP: 0.013241  map incre: 0.002808 ave total: 0.019190 icp: 0.012071 construct H: 0.000194 
[ mapping ]: time: IMU + Map + Input Downsample: 0.005506 ave match: 0.011225 ave solve: 0.000816  ave ICP: 0.012957  map incre: 0.002623 ave total: 0.019196 icp: 0.012073 construct H: 0.000194 
[ mapping ]: time: IMU + Map + Input Downsample: 0.005477 ave match: 0.011227 ave solve: 0.000815  ave ICP: 0.012749  map incre: 0.002102 ave total: 0.019199 icp: 0.012075 construct H: 0.000193 
[ mapping ]: time: IMU + Map + Input Downsample: 0.004245 ave match: 0.011224 ave solve: 0.000814  ave ICP: 0.010555  map incre: 0.002338 ave total: 0.019193 icp: 0.012070 construct H: 0.000193 
[ mapping ]: time: IMU + Map + Input Downsample: 0.003591 ave match: 0.011218 ave solve: 0.000813  ave ICP: 0.009759  map incre: 0.001944 ave total: 0.019182 icp: 0.012064 construct H: 0.000193 
[ mapping ]: time: IMU + Map + Input Downsample: 0.003698 ave match: 0.011218 ave solve: 0.000812  ave ICP: 0.011963  map incre: 0.002851 ave total: 0.019180 icp: 0.012063 construct H: 0.000193 
[ mapping ]: time: IMU + Map + Input Downsample: 0.003712 ave match: 0.011217 ave solve: 0.000811  ave ICP: 0.011218  map incre: 0.001582 ave total: 0.019173 icp: 0.012060 construct H: 0.000192 
[ mapping ]: time: IMU + Map + Input Downsample: 0.003627 ave match: 0.011216 ave solve: 0.000810  ave ICP: 0.011421  map incre: 0.001765 ave total: 0.019166 icp: 0.012058 construct H: 0.000192 
[ mapping ]: time: IMU + Map + Input Downsample: 0.005270 ave match: 0.011219 ave solve: 0.000810  ave ICP: 0.013037  map incre: 0.002546 ave t[INFO] [1775739092.873554, 37.113000]: 帧 370: 检测到 10 个目标
[INFO] [1775739092.887932, 37.203000]: 转换得到 110048 个点
Inference ━━━━━━━━━━━━━━━━━━━━━━━━━━━━━━━━━━━━━━━━   
[INFO] [1775739092.915949, 37.213000]: 帧 371: 检测到 10 个目标
[INFO] [1775739092.925065, 37.303000]: 转换得到 110384 个点
Inference ━━━━━━━━━━━━━━━━━━━━━━━━━━━━━━━━━━━━━━━━   
[INFO] [1775739092.955005, 37.313000]: 帧 372: 检测到 10 个目标
[INFO] [1775739092.963343, 37.403000]: 转换得到 110935 个点
Inference ━━━━━━━━━━━━━━━━━━━━━━━━━━━━━━━━━━━━━━━━   
[INFO] [1775739092.995170, 37.413000]: 帧 373: 检测到 11 个目标
[INFO] [1775739093.004566, 37.503000]: 转换得到 110344 个点
Inference ━━━━━━━━━━━━━━━━━━━━━━━━━━━━━━━━━━━━━━━━   
[INFO] [1775739093.033185, 37.513000]: 帧 374: 检测到 10 个目标
[INFO] [1775739093.041605, 37.603000]: 转换得到 110144 个点
Inference ━━━━━━━━━━━━━━━━━━━━━━━━━━━━━━━━━━━━━━━━   
[INFO] [1775739093.069356, 37.613000]: 帧 375: 检测到 10 个目标
[INFO] [1775739093.078291, 37.703000]: 转换得到 109949 个点
Inference ━━━━━━━━━━━━━━━━━━━━━━━━━━━━━━━━━━━━━━━━   
[INFO] [1775739093.108316, 37.713000]: 帧 376: 检测到 9 个目标
[INFO] [1775739093.121147, 37.803000]: 转换得到 110221 个点
Inference ━━━━━━━━━━━━━━━━━━━━━━━━━━━━━━━━━━━━━━━━   
[INFO] [1775739093.148614, 37.813000]: 帧 377: 检测到 10 个目标
[INFO] [1775739093.157490, 37.903000]: 转换得到 110002 个点
Inference ━━━━━━━━━━━━━━━━━━━━━━━━━━━━━━━━━━━━━━━━   
[INFO] [1775739093.189174, 37.915000]: 帧 378: 检测到 10 个目标
[INFO] [1775739093.197248, 38.003000]: 转换得到 109834 个点
Inference ━━━━━━━━━━━━━━━━━━━━━━━━━━━━━━━━━━━━━━━━   
[WARN] [1775739093.227570, 38.013000]: 待处理检测结果积压过多，已丢弃最旧的一帧
[INFO] [1775739093.227168, 38.013000]: 帧 379: 检测到 10 个目标
[INFO] [1775739093.230664, 38.101000]: PointPillars计时汇总(20帧均值): 点云解析=1.7ms, 临时落盘=0.7ms, 模型推理=27.1ms, 结果提取=0.1ms, 清理临时文件=0.2ms, 相机坐标转换=0.8ms, 发布Detection3DArray=0.1ms, 发布MarkerArray=0.3ms, 发布KITTI串=0.1ms, 发布LiDAR串=0.0ms, 纯计算总耗时=31.9ms, 限速休眠=0.7ms, 墙钟总耗时=32.6ms
[INFO] [1775739093.234400, 38.103000]: 转换得到 110079 个点
Inference ━━━━━━━━━━━━━━━━━━━━━━━━━━━━━━━━━━━━━━━━   
[INFO] [1775739093.266982, 38.115000]: 帧 380: 检测到 9 个目标
[INFO] [1775739093.277358, 38.203000]: 转换得到 110792 个点
Inference ━━━━━━━━━━━━━━━━━━━━━━━━━━━━━━━━━━━━━━━━   
[INFO] [1775739093.312007, 38.215000]: 帧 381: 检测到 9 个目标
[INFO] [1775739093.324264, 38.303000]: 转换得到 111666 个点
Inference ━━━━━━━━━━━━━━━━━━━━━━━━━━━━━━━━━━━━━━━━   
[INFO] [1775739093.356698, 38.315000]: 帧 382: 检测到 10 个目标
[INFO] [1775739093.364604, 38.403000]: 转换得到 113261 个点
Inference ━━━━━━━━━━━━━━━━━━━━━━━━━━━━━━━━━━━━━━━━   
[INFO] [1775739093.398115, 38.415000]: 帧 383: 检测到 9 个目标
[INFO] [1775739093.407958, 38.503000]: 转换得到 114615 个点
Inference ━━━━━━━━━━━━━━━━━━━━━━━━━━━━━━━━━━━━━━━━   
[INFO] [1775739093.439042, 38.515000]: 帧 384: 检测到 8 个目标
[INFO] [1775739093.450509, 38.603000]: 转换得到 116213 个点
Inference ━━━━━━━━━━━━━━━━━━━━━━━━━━━━━━━━━━━━━━━━   
[INFO] [1775739093.477440, 38.613000]: 帧 385: 检测到 8 个目标
[INFO] [1775739093.487885, 38.703000]: 转换得到 117076 个点
Inference ━━━━━━━━━━━━━━━━━━━━━━━━━━━━━━━━━━━━━━━━   
[INFO] [1775739093.517125, 38.713000]: 帧 386: 检测到 9 个目标
[INFO] [1775739093.528359, 38.803000]: 转换得到 117789 个点
Inference ━━━━━━━━━━━━━━━━━━━━━━━━━━━━━━━━━━━━━━━━   
[INFO] [1775739093.556379, 38.813000]: 帧 387: 检测到 9 个目标
[INFO] [1775739093.565521, 38.903000]: 转换得到 118361 个点
Inference ━━━━━━━━━━━━━━━━━━━━━━━━━━━━━━━━━━━━━━━━   
[INFO] [1775739093.593941, 38.913000]: 帧 388: 检测到 8 个目标
[INFO] [1775739093.603538, 39.003000]: 转换得到 118776 个点
Inference ━━━━━━━━━━━━━━━━━━━━━━━━━━━━━━━━━━━━━━━━   
[INFO] [1775739093.636345, 39.015000]: 帧 389: 检测到 8 个目标
[INFO] [1775739093.648500, 39.103000]: 转换得到 118960 个点
Inference ━━━━━━━━━━━━━━━━━━━━━━━━━━━━━━━━━━━━━━━━   
[INFO] [1775739093.676506, 39.113000]: 帧 390: 检测到 8 个目标
[INFO] [1775739093.683588, 39.203000]: 转换得到 118968 个点
Inference ━━━━━━━━━━━━━━━━━━━━━━━━━━━━━━━━━━━━━━━━   
otal: 0.019171 icp: 0.012061 construct H: 0.000192 
[ mapping ]: time: IMU + Map + Input Downsample: 0.005288 ave match: 0.011216 ave solve: 0.000809  ave ICP: 0.011146  map incre: 0.001746 ave total: 0.019168 icp: 0.012058 construct H: 0.000192 
[ mapping ]: time: IMU + Map + Input Downsample: 0.004030 ave match: 0.011220 ave solve: 0.000808  ave ICP: 0.012969  map incre: 0.001912 ave total: 0.019167 icp: 0.012061 construct H: 0.000192 
[ mapping ]: time: IMU + Map + Input Downsample: 0.003698 ave match: 0.011219 ave solve: 0.000807  ave ICP: 0.011487  map incre: 0.001597 ave total: 0.019161 icp: 0.012059 construct H: 0.000191 
[ mapping ]: time: IMU + Map + Input Downsample: 0.003657 ave match: 0.011219 ave solve: 0.000806  ave ICP: 0.011616  map incre: 0.001689 ave total: 0.019155 icp: 0.012057 construct H: 0.000191 
[ mapping ]: time: IMU + Map + Input Downsample: 0.003857 ave match: 0.011221 ave solve: 0.000805  ave ICP: 0.012590  map incre: 0.002057 ave total: 0.019153 icp: 0.012059 construct H: 0.000191 
[ mapping ]: time: IMU + Map + Input Downsample: 0.003642 ave match: 0.011224 ave solve: 0.000804  ave ICP: 0.012831  map incre: 0.001816 ave total: 0.019150 icp: 0.012061 construct H: 0.000191 
[ mapping ]: time: IMU + Map + Input Downsample: 0.003673 ave match: 0.011226 ave solve: 0.000803  ave ICP: 0.012544  map incre: 0.001813 ave total: 0.019147 icp: 0.012062 construct H: 0.000190 
[ mapping ]: time: IMU + Map + Input Downsample: 0.005319 ave match: 0.011225 ave solve: 0.000803  ave ICP: 0.011407  map incre: 0.001993 ave total: 0.019146 icp: 0.012060 construct H: 0.000190 
[ mapping ]: time: IMU + Map + Input Downsample: 0.003879 ave match: 0.011218 ave solve: 0.000802  ave ICP: 0.009377  map incre: 0.002125 ave total: 0.019136 icp: 0.012052 construct H: 0.000190 
[ mapping ]: time: IMU + Map + Input Downsample: 0.005492 ave match: 0.011223 ave solve: 0.000802  ave ICP: 0.013992  map incre: 0.005527 ave total: 0.019152 icp: 0.012057 construct H: 0.000190 
[ mapping ]: time: IMU + Map + Input Downsample: 0.004252 ave match: 0.011216 ave solve: 0.000801  ave ICP: 0.009445  map incre: 0.001930 ave total: 0.019142 icp: 0.012050 construct H: 0.000190 
[ mapping ]: time: IMU + Map + Input Downsample: 0.005422 ave match: 0.011217 ave solve: 0.000800  ave ICP: 0.012233  map incre: 0.001789 ave total: 0.019143 icp: 0.012050 construct H: 0.000190 
[ mapping ]: time: IMU + Map + Input Downsample: 0.003751 ave match: 0.011210 ave solve: 0.000799  ave ICP: 0.008914  map incre: 0.001921 ave total: 0.019131 icp: 0.012041 construct H: 0.000189 
[ mapping ]: time: IMU + Map + Input Downsample: 0.003765 ave match: 0.011209 ave solve: 0.000799  ave ICP: 0.011397  map incre: 0.001811 ave total: 0.019125 icp: 0.012040 construct H: 0.000189 
[ mapping ]: time: IMU + Map + Input Downsample: 0.003742 ave match: 0.011210 ave solve: 0.000798  ave ICP: 0.012249  map incre: 0.001680 ave total: 0.019121 icp: 0.012040 construct H: 0.000189 
[ mapping ]: time: IMU + Map + Input Downsample: 0.005645 ave match: 0.011213 ave solve: 0.000797  ave ICP: 0.012977  map incre: 0.002370 ave total: 0.019126 icp: 0.012042 construct H: 0.000189 
[ mapping ]: time: IMU + Map + Input Downsample: 0.005536 ave match: 0.011214 ave solve: 0.000796  ave ICP: 0.012022  map incre: 0.001811 ave total: 0.019127 icp: 0.012042 construct H: 0.000189 
[ mapping ]: time: IMU + Map + Input Downsample: 0.003992 ave match: 0.011216 ave solve: 0.000795  ave ICP: 0.012822  map incre: 0.001761 ave total: 0.019125 icp: 0.012044 construct H: 0.000188 
[ mapping ]: time: IMU + Map + Input Downsample: 0.005667 ave match: 0.011220 ave solve: 0.000795  ave ICP: 0.013347  map incre: 0.003008 ave total: 0.019133 icp: 0.012047 construct H: 0.000188 
[ mapping ]: time: IMU + Map + Input Downsample: 0.005804 ave match: 0.011224 ave solve: 0.000795  ave ICP: 0.013510  map incre: 0.003092 ave total: 0.019142 icp: 0.012051 construct H: 0.000188 
[ mapping ]: time: IMU + Map + Input Downsample: 0.005695 ave match: 0.011227 ave solve: 0.000795  ave ICP: 0.013227  map incre: 0.002660 ave to[INFO] [1775739093.712068, 39.213000]: 帧 391: 检测到 10 个目标
[INFO] [1775739093.722157, 39.303000]: 转换得到 118938 个点
Inference ━━━━━━━━━━━━━━━━━━━━━━━━━━━━━━━━━━━━━━━━   
[INFO] [1775739093.754559, 39.315000]: 帧 392: 检测到 10 个目标
[INFO] [1775739093.765208, 39.403000]: 转换得到 118628 个点
Inference ━━━━━━━━━━━━━━━━━━━━━━━━━━━━━━━━━━━━━━━━   
[INFO] [1775739093.795773, 39.413000]: 帧 393: 检测到 10 个目标
[INFO] [1775739093.802524, 39.503000]: 转换得到 118176 个点
Inference ━━━━━━━━━━━━━━━━━━━━━━━━━━━━━━━━━━━━━━━━   
[INFO] [1775739093.834299, 39.513000]: 帧 394: 检测到 10 个目标
[INFO] [1775739093.845624, 39.603000]: 转换得到 117922 个点
Inference ━━━━━━━━━━━━━━━━━━━━━━━━━━━━━━━━━━━━━━━━   
[INFO] [1775739093.872503, 39.613000]: 帧 395: 检测到 10 个目标
[INFO] [1775739093.882353, 39.703000]: 转换得到 117471 个点
Inference ━━━━━━━━━━━━━━━━━━━━━━━━━━━━━━━━━━━━━━━━   
[WARN] [1775739093.936424, 39.807000]: 等待与检测时间戳对齐的位姿超时，回退使用最新 FAST-LIO 位姿
[INFO] [1775739093.914193, 39.713000]: 帧 396: 检测到 10 个目标
[INFO] [1775739093.924951, 39.803000]: 转换得到 116682 个点
Inference ━━━━━━━━━━━━━━━━━━━━━━━━━━━━━━━━━━━━━━━━   
[INFO] [1775739093.963642, 39.815000]: 帧 397: 检测到 11 个目标
[INFO] [1775739093.976681, 39.903000]: 转换得到 115677 个点
Inference ━━━━━━━━━━━━━━━━━━━━━━━━━━━━━━━━━━━━━━━━   
[INFO] [1775739094.012121, 39.915000]: 帧 398: 检测到 11 个目标
[INFO] [1775739094.019573, 40.003000]: 转换得到 114198 个点
Inference ━━━━━━━━━━━━━━━━━━━━━━━━━━━━━━━━━━━━━━━━   
[INFO] [1775739094.048736, 40.013000]: 帧 399: 检测到 10 个目标
[INFO] [1775739094.052047, 40.101000]: PointPillars计时汇总(20帧均值): 点云解析=1.7ms, 临时落盘=0.8ms, 模型推理=28.0ms, 结果提取=0.1ms, 清理临时文件=0.2ms, 相机坐标转换=0.8ms, 发布Detection3DArray=0.1ms, 发布MarkerArray=0.3ms, 发布KITTI串=0.1ms, 发布LiDAR串=0.0ms, 纯计算总耗时=32.9ms, 限速休眠=1.0ms, 墙钟总耗时=33.9ms
[INFO] [1775739094.056312, 40.103000]: 转换得到 112700 个点
Inference ━━━━━━━━━━━━━━━━━━━━━━━━━━━━━━━━━━━━━━━━   
[INFO] [1775739094.086607, 40.113000]: 帧 400: 检测到 11 个目标
[INFO] [1775739094.092708, 40.203000]: 转换得到 110988 个点
Inference ━━━━━━━━━━━━━━━━━━━━━━━━━━━━━━━━━━━━━━━━   
[INFO] [1775739094.121010, 40.213000]: 帧 401: 检测到 12 个目标
[INFO] [1775739094.129040, 40.303000]: 转换得到 109663 个点
Inference ━━━━━━━━━━━━━━━━━━━━━━━━━━━━━━━━━━━━━━━━   
[INFO] [1775739094.166721, 40.315000]: 帧 402: 检测到 10 个目标
[INFO] [1775739094.178185, 40.403000]: 转换得到 108339 个点
Inference ━━━━━━━━━━━━━━━━━━━━━━━━━━━━━━━━━━━━━━━━   
[INFO] [1775739094.213903, 40.415000]: 帧 403: 检测到 10 个目标
[INFO] [1775739094.225915, 40.503000]: 转换得到 107979 个点
Inference ━━━━━━━━━━━━━━━━━━━━━━━━━━━━━━━━━━━━━━━━   
[INFO] [1775739094.257234, 40.513000]: 帧 404: 检测到 12 个目标
[INFO] [1775739094.267399, 40.603000]: 转换得到 108204 个点
Inference ━━━━━━━━━━━━━━━━━━━━━━━━━━━━━━━━━━━━━━━━   
[INFO] [1775739094.293822, 40.611000]: 帧 405: 检测到 11 个目标
[INFO] [1775739094.307753, 40.703000]: 转换得到 108756 个点
Inference ━━━━━━━━━━━━━━━━━━━━━━━━━━━━━━━━━━━━━━━━   
[INFO] [1775739094.335366, 40.713000]: 帧 406: 检测到 12 个目标
[INFO] [1775739094.344962, 40.803000]: 转换得到 109622 个点
Inference ━━━━━━━━━━━━━━━━━━━━━━━━━━━━━━━━━━━━━━━━   
[INFO] [1775739094.373746, 40.813000]: 帧 407: 检测到 12 个目标
[INFO] [1775739094.381258, 40.903000]: 转换得到 111010 个点
Inference ━━━━━━━━━━━━━━━━━━━━━━━━━━━━━━━━━━━━━━━━   
[INFO] [1775739094.409950, 40.913000]: 帧 408: 检测到 11 个目标
[INFO] [1775739094.421783, 41.003000]: 转换得到 112555 个点
Inference ━━━━━━━━━━━━━━━━━━━━━━━━━━━━━━━━━━━━━━━━   
[INFO] [1775739094.449244, 41.013000]: 帧 409: 检测到 10 个目标
[INFO] [1775739094.459765, 41.103000]: 转换得到 113961 个点
Inference ━━━━━━━━━━━━━━━━━━━━━━━━━━━━━━━━━━━━━━━━   
[INFO] [1775739094.487468, 41.113000]: 帧 410: 检测到 11 个目标
[INFO] [1775739094.498229, 41.203000]: 转换得到 115533 个点
Inference ━━━━━━━━━━━━━━━━━━━━━━━━━━━━━━━━━━━━━━━━   
[INFO] [1775739094.527300, 41.213000]: 帧 411: 检测到 11 个目标
[INFO] [1775739094.535255, 41.303000]: 转换得到 116491 个点
Inference ━━━━━━━━━━━━━━━━━━━━━━━━━━━━━━━━━━━━━━━━   
tal: 0.019148 icp: 0.012054 construct H: 0.000188 
[ mapping ]: time: IMU + Map + Input Downsample: 0.005761 ave match: 0.011230 ave solve: 0.000794  ave ICP: 0.013213  map incre: 0.003250 ave total: 0.019156 icp: 0.012056 construct H: 0.000188 
[ mapping ]: time: IMU + Map + Input Downsample: 0.003949 ave match: 0.011232 ave solve: 0.000794  ave ICP: 0.012709  map incre: 0.002026 ave total: 0.019155 icp: 0.012058 construct H: 0.000188 
[ mapping ]: time: IMU + Map + Input Downsample: 0.003894 ave match: 0.011236 ave solve: 0.000793  ave ICP: 0.013127  map incre: 0.001914 ave total: 0.019154 icp: 0.012061 construct H: 0.000188 
[ mapping ]: time: IMU + Map + Input Downsample: 0.005774 ave match: 0.011239 ave solve: 0.000793  ave ICP: 0.013312  map incre: 0.002796 ave total: 0.019162 icp: 0.012064 construct H: 0.000188 
[ mapping ]: time: IMU + Map + Input Downsample: 0.005727 ave match: 0.011243 ave solve: 0.000792  ave ICP: 0.013593  map incre: 0.002966 ave total: 0.019170 icp: 0.012067 construct H: 0.000187 
[ mapping ]: time: IMU + Map + Input Downsample: 0.003965 ave match: 0.011245 ave solve: 0.000791  ave ICP: 0.012651  map incre: 0.001655 ave total: 0.019167 icp: 0.012069 construct H: 0.000187 
[ mapping ]: time: IMU + Map + Input Downsample: 0.005200 ave match: 0.011241 ave solve: 0.000790  ave ICP: 0.010146  map incre: 0.001749 ave total: 0.019162 icp: 0.012063 construct H: 0.000187 
[ mapping ]: time: IMU + Map + Input Downsample: 0.005715 ave match: 0.011247 ave solve: 0.000790  ave ICP: 0.014193  map incre: 0.002732 ave total: 0.019171 icp: 0.012069 construct H: 0.000187 
[ mapping ]: time: IMU + Map + Input Downsample: 0.005790 ave match: 0.011265 ave solve: 0.000790  ave ICP: 0.019187  map incre: 0.003309 ave total: 0.019195 icp: 0.012087 construct H: 0.000187 
[ mapping ]: time: IMU + Map + Input Downsample: 0.005833 ave match: 0.011273 ave solve: 0.000790  ave ICP: 0.018779  map incre: 0.004667 ave total: 0.019221 icp: 0.012095 construct H: 0.000187 
[ mapping ]: time: IMU + Map + Input Downsample: 0.006058 ave match: 0.011280 ave solve: 0.000790  ave ICP: 0.015228  map incre: 0.002864 ave total: 0.019233 icp: 0.012103 construct H: 0.000187 
[ mapping ]: time: IMU + Map + Input Downsample: 0.005496 ave match: 0.011275 ave solve: 0.000789  ave ICP: 0.009889  map incre: 0.001933 ave total: 0.019228 icp: 0.012097 construct H: 0.000187 
[ mapping ]: time: IMU + Map + Input Downsample: 0.005563 ave match: 0.011280 ave solve: 0.000789  ave ICP: 0.014031  map incre: 0.003016 ave total: 0.019237 icp: 0.012101 construct H: 0.000187 
[ mapping ]: time: IMU + Map + Input Downsample: 0.004928 ave match: 0.011274 ave solve: 0.000788  ave ICP: 0.009411  map incre: 0.002259 ave total: 0.019230 icp: 0.012094 construct H: 0.000186 
[ mapping ]: time: IMU + Map + Input Downsample: 0.005266 ave match: 0.011279 ave solve: 0.000788  ave ICP: 0.014141  map incre: 0.004301 ave total: 0.019242 icp: 0.012099 construct H: 0.000186 
[ mapping ]: time: IMU + Map + Input Downsample: 0.005279 ave match: 0.011286 ave solve: 0.000788  ave ICP: 0.014491  map incre: 0.002767 ave total: 0.019250 icp: 0.012105 construct H: 0.000186 
[ mapping ]: time: IMU + Map + Input Downsample: 0.005263 ave match: 0.011292 ave solve: 0.000788  ave ICP: 0.014784  map incre: 0.002759 ave total: 0.019259 icp: 0.012112 construct H: 0.000186 
[ mapping ]: time: IMU + Map + Input Downsample: 0.005302 ave match: 0.011292 ave solve: 0.000787  ave ICP: 0.011565  map incre: 0.002065 ave total: 0.019258 icp: 0.012110 construct H: 0.000186 
[ mapping ]: time: IMU + Map + Input Downsample: 0.003752 ave match: 0.011286 ave solve: 0.000786  ave ICP: 0.009739  map incre: 0.002186 ave total: 0.019249 icp: 0.012104 construct H: 0.000186 
[ mapping ]: time: IMU + Map + Input Downsample: 0.003756 ave match: 0.011287 ave solve: 0.000785  ave ICP: 0.011949  map incre: 0.002117 ave total: 0.019246 icp: 0.012103 construct H: 0.000185 
[ mapping ]: time: IMU + Map + Input Downsample: 0.005461 ave match: 0.011293 ave solve: 0.000785  ave ICP: 0.014740  map incre: 0.003937 ave tot[INFO] [1775739094.562930, 41.313000]: 帧 412: 检测到 11 个目标
[INFO] [1775739094.577613, 41.403000]: 转换得到 117378 个点
Inference ━━━━━━━━━━━━━━━━━━━━━━━━━━━━━━━━━━━━━━━━   
[INFO] [1775739094.604953, 41.413000]: 帧 413: 检测到 11 个目标
[INFO] [1775739094.617615, 41.503000]: 转换得到 117925 个点
Inference ━━━━━━━━━━━━━━━━━━━━━━━━━━━━━━━━━━━━━━━━   
[INFO] [1775739094.644985, 41.513000]: 帧 414: 检测到 10 个目标
[INFO] [1775739094.655992, 41.603000]: 转换得到 118296 个点
Inference ━━━━━━━━━━━━━━━━━━━━━━━━━━━━━━━━━━━━━━━━   
[INFO] [1775739094.683452, 41.613000]: 帧 415: 检测到 10 个目标
[INFO] [1775739094.696080, 41.703000]: 转换得到 118437 个点
Inference ━━━━━━━━━━━━━━━━━━━━━━━━━━━━━━━━━━━━━━━━   
[INFO] [1775739094.726750, 41.713000]: 帧 416: 检测到 10 个目标
[INFO] [1775739094.739476, 41.803000]: 转换得到 118435 个点
Inference ━━━━━━━━━━━━━━━━━━━━━━━━━━━━━━━━━━━━━━━━   
[INFO] [1775739094.767205, 41.813000]: 帧 417: 检测到 10 个目标
[INFO] [1775739094.775842, 41.903000]: 转换得到 118529 个点
Inference ━━━━━━━━━━━━━━━━━━━━━━━━━━━━━━━━━━━━━━━━   
[INFO] [1775739094.802175, 41.911000]: 帧 418: 检测到 10 个目标
[INFO] [1775739094.814280, 42.003000]: 转换得到 118567 个点
Inference ━━━━━━━━━━━━━━━━━━━━━━━━━━━━━━━━━━━━━━━━   
[INFO] [1775739094.844441, 42.013000]: 帧 419: 检测到 11 个目标
[INFO] [1775739094.845077, 42.013000]: PointPillars计时汇总(20帧均值): 点云解析=1.6ms, 临时落盘=0.7ms, 模型推理=26.2ms, 结果提取=0.1ms, 清理临时文件=0.2ms, 相机坐标转换=0.8ms, 发布Detection3DArray=0.1ms, 发布MarkerArray=0.3ms, 发布KITTI串=0.1ms, 发布LiDAR串=0.0ms, 纯计算总耗时=30.8ms, 限速休眠=0.8ms, 墙钟总耗时=31.7ms
[INFO] [1775739094.851635, 42.103000]: 转换得到 118069 个点
Inference ━━━━━━━━━━━━━━━━━━━━━━━━━━━━━━━━━━━━━━━━   
[INFO] [1775739094.879377, 42.113000]: 帧 420: 检测到 12 个目标
[INFO] [1775739094.890201, 42.203000]: 转换得到 117591 个点
Inference ━━━━━━━━━━━━━━━━━━━━━━━━━━━━━━━━━━━━━━━━   
[INFO] [1775739094.918249, 42.213000]: 帧 421: 检测到 11 个目标
[INFO] [1775739094.928844, 42.303000]: 转换得到 116984 个点
Inference ━━━━━━━━━━━━━━━━━━━━━━━━━━━━━━━━━━━━━━━━   
[INFO] [1775739094.958600, 42.313000]: 帧 422: 检测到 11 个目标
[INFO] [1775739094.966345, 42.403000]: 转换得到 116979 个点
Inference ━━━━━━━━━━━━━━━━━━━━━━━━━━━━━━━━━━━━━━━━   
[INFO] [1775739094.998533, 42.415000]: 帧 423: 检测到 12 个目标
[INFO] [1775739095.013502, 42.503000]: 转换得到 117115 个点
Inference ━━━━━━━━━━━━━━━━━━━━━━━━━━━━━━━━━━━━━━━━   
[INFO] [1775739095.041056, 42.513000]: 帧 424: 检测到 10 个目标
[INFO] [1775739095.051056, 42.603000]: 转换得到 117242 个点
Inference ━━━━━━━━━━━━━━━━━━━━━━━━━━━━━━━━━━━━━━━━   
[INFO] [1775739095.080013, 42.613000]: 帧 425: 检测到 12 个目标
[INFO] [1775739095.089406, 42.703000]: 转换得到 117602 个点
Inference ━━━━━━━━━━━━━━━━━━━━━━━━━━━━━━━━━━━━━━━━   
[INFO] [1775739095.118265, 42.713000]: 帧 426: 检测到 11 个目标
[INFO] [1775739095.126717, 42.803000]: 转换得到 117943 个点
Inference ━━━━━━━━━━━━━━━━━━━━━━━━━━━━━━━━━━━━━━━━   
[INFO] [1775739095.155375, 42.813000]: 帧 427: 检测到 11 个目标
[INFO] [1775739095.164030, 42.903000]: 转换得到 118122 个点
Inference ━━━━━━━━━━━━━━━━━━━━━━━━━━━━━━━━━━━━━━━━   
[INFO] [1775739095.202727, 42.917000]: 帧 428: 检测到 10 个目标
[INFO] [1775739095.213478, 43.003000]: 转换得到 118428 个点
Inference ━━━━━━━━━━━━━━━━━━━━━━━━━━━━━━━━━━━━━━━━   
[INFO] [1775739095.242975, 43.013000]: 帧 429: 检测到 9 个目标
[INFO] [1775739095.250985, 43.103000]: 转换得到 118564 个点
Inference ━━━━━━━━━━━━━━━━━━━━━━━━━━━━━━━━━━━━━━━━   
[INFO] [1775739095.279324, 43.113000]: 帧 430: 检测到 10 个目标
[INFO] [1775739095.288610, 43.203000]: 转换得到 118524 个点
Inference ━━━━━━━━━━━━━━━━━━━━━━━━━━━━━━━━━━━━━━━━   
[WARN] [1775739095.318954, 43.213000]: 待处理检测结果积压过多，已丢弃最旧的一帧
[INFO] [1775739095.318431, 43.213000]: 帧 431: 检测到 9 个目标
[INFO] [1775739095.325577, 43.303000]: 转换得到 118565 个点
Inference ━━━━━━━━━━━━━━━━━━━━━━━━━━━━━━━━━━━━━━━━   
[INFO] [1775739095.354055, 43.313000]: 帧 432: 检测到 10 个目标
[INFO] [1775739095.363495, 43.403000]: 转换得到 118770 个点
Inference ━━━━━━━━━━━━━━━━━━━━━━━━━━━━━━━━━━━━━━━━   
al: 0.019258 icp: 0.012110 construct H: 0.000185 
[ mapping ]: time: IMU + Map + Input Downsample: 0.005630 ave match: 0.011300 ave solve: 0.000784  ave ICP: 0.014724  map incre: 0.006916 ave total: 0.019278 icp: 0.012116 construct H: 0.000185 
[ mapping ]: time: IMU + Map + Input Downsample: 0.005739 ave match: 0.011308 ave solve: 0.000784  ave ICP: 0.015164  map incre: 0.002381 ave total: 0.019288 icp: 0.012123 construct H: 0.000185 
[ mapping ]: time: IMU + Map + Input Downsample: 0.005690 ave match: 0.011312 ave solve: 0.000784  ave ICP: 0.013695  map incre: 0.002748 ave total: 0.019295 icp: 0.012127 construct H: 0.000185 
[ mapping ]: time: IMU + Map + Input Downsample: 0.005734 ave match: 0.011312 ave solve: 0.000783  ave ICP: 0.011900  map incre: 0.002070 ave total: 0.019296 icp: 0.012126 construct H: 0.000185 
[ mapping ]: time: IMU + Map + Input Downsample: 0.004065 ave match: 0.011307 ave solve: 0.000782  ave ICP: 0.009925  map incre: 0.002198 ave total: 0.019288 icp: 0.012121 construct H: 0.000185 
[ mapping ]: time: IMU + Map + Input Downsample: 0.005763 ave match: 0.011313 ave solve: 0.000782  ave ICP: 0.014727  map incre: 0.003093 ave total: 0.019299 icp: 0.012127 construct H: 0.000185 
[ mapping ]: time: IMU + Map + Input Downsample: 0.005933 ave match: 0.011320 ave solve: 0.000782  ave ICP: 0.014943  map incre: 0.003525 ave total: 0.019311 icp: 0.012134 construct H: 0.000185 
[ mapping ]: time: IMU + Map + Input Downsample: 0.004484 ave match: 0.011325 ave solve: 0.000781  ave ICP: 0.013715  map incre: 0.002374 ave total: 0.019315 icp: 0.012137 construct H: 0.000184 
[ mapping ]: time: IMU + Map + Input Downsample: 0.005774 ave match: 0.011331 ave solve: 0.000781  ave ICP: 0.014958  map incre: 0.003592 ave total: 0.019327 icp: 0.012144 construct H: 0.000184 
[ mapping ]: time: IMU + Map + Input Downsample: 0.003975 ave match: 0.011337 ave solve: 0.000780  ave ICP: 0.014413  map incre: 0.002384 ave total: 0.019330 icp: 0.012149 construct H: 0.000184 
[ mapping ]: time: IMU + Map + Input Downsample: 0.003858 ave match: 0.011342 ave solve: 0.000780  ave ICP: 0.013936  map incre: 0.002739 ave total: 0.019333 icp: 0.012154 construct H: 0.000184 
[ mapping ]: time: IMU + Map + Input Downsample: 0.005615 ave match: 0.011349 ave solve: 0.000780  ave ICP: 0.014948  map incre: 0.003266 ave total: 0.019344 icp: 0.012160 construct H: 0.000184 
[ mapping ]: time: IMU + Map + Input Downsample: 0.005751 ave match: 0.011356 ave solve: 0.000780  ave ICP: 0.015182  map incre: 0.003169 ave total: 0.019356 icp: 0.012167 construct H: 0.000184 
[ mapping ]: time: IMU + Map + Input Downsample: 0.005766 ave match: 0.011359 ave solve: 0.000779  ave ICP: 0.013182  map incre: 0.002091 ave total: 0.019360 icp: 0.012170 construct H: 0.000184 
[ mapping ]: time: IMU + Map + Input Downsample: 0.005750 ave match: 0.011362 ave solve: 0.000779  ave ICP: 0.013234  map incre: 0.002838 ave total: 0.019366 icp: 0.012172 construct H: 0.000184 
[ mapping ]: time: IMU + Map + Input Downsample: 0.005904 ave match: 0.011367 ave solve: 0.000778  ave ICP: 0.014302  map incre: 0.002914 ave total: 0.019375 icp: 0.012177 construct H: 0.000183 
[ mapping ]: time: IMU + Map + Input Downsample: 0.003948 ave match: 0.011371 ave solve: 0.000778  ave ICP: 0.013460  map incre: 0.002169 ave total: 0.019375 icp: 0.012180 construct H: 0.000183 
[ mapping ]: time: IMU + Map + Input Downsample: 0.004959 ave match: 0.011375 ave solve: 0.000777  ave ICP: 0.013826  map incre: 0.002840 ave total: 0.019381 icp: 0.012183 construct H: 0.000183 
[ mapping ]: time: IMU + Map + Input Downsample: 0.003947 ave match: 0.011380 ave solve: 0.000776  ave ICP: 0.013866  map incre: 0.002427 ave total: 0.019383 icp: 0.012187 construct H: 0.000183 
[ mapping ]: time: IMU + Map + Input Downsample: 0.005638 ave match: 0.011382 ave solve: 0.000776  ave ICP: 0.013109  map incre: 0.003416 ave total: 0.019389 icp: 0.012189 construct H: 0.000183 
[ mapping ]: time: IMU + Map + Input Downsample: 0.005691 ave match: 0.011388 ave solve: 0.000776  ave ICP: 0.014629  map incre: 0.002763 ave tota[INFO] [1775739095.390619, 43.413000]: 帧 433: 检测到 10 个目标
[INFO] [1775739095.403503, 43.503000]: 转换得到 118830 个点
Inference ━━━━━━━━━━━━━━━━━━━━━━━━━━━━━━━━━━━━━━━━   
[INFO] [1775739095.433350, 43.513000]: 帧 434: 检测到 10 个目标
[INFO] [1775739095.441190, 43.603000]: 转换得到 119470 个点
Inference ━━━━━━━━━━━━━━━━━━━━━━━━━━━━━━━━━━━━━━━━   
[INFO] [1775739095.471274, 43.613000]: 帧 435: 检测到 9 个目标
[INFO] [1775739095.478371, 43.703000]: 转换得到 119640 个点
Inference ━━━━━━━━━━━━━━━━━━━━━━━━━━━━━━━━━━━━━━━━   
[INFO] [1775739095.509770, 43.713000]: 帧 436: 检测到 9 个目标
[INFO] [1775739095.521055, 43.803000]: 转换得到 119450 个点
Inference ━━━━━━━━━━━━━━━━━━━━━━━━━━━━━━━━━━━━━━━━   
[INFO] [1775739095.558358, 43.815000]: 帧 437: 检测到 10 个目标
[INFO] [1775739095.569418, 43.903000]: 转换得到 119064 个点
Inference ━━━━━━━━━━━━━━━━━━━━━━━━━━━━━━━━━━━━━━━━   
[INFO] [1775739095.603948, 43.915000]: 帧 438: 检测到 10 个目标
[INFO] [1775739095.612543, 44.003000]: 转换得到 119209 个点
Inference ━━━━━━━━━━━━━━━━━━━━━━━━━━━━━━━━━━━━━━━━   
[INFO] [1775739095.645257, 44.015000]: 帧 439: 检测到 10 个目标
[INFO] [1775739095.645944, 44.015000]: PointPillars计时汇总(20帧均值): 点云解析=1.6ms, 临时落盘=0.7ms, 模型推理=27.6ms, 结果提取=0.1ms, 清理临时文件=0.2ms, 相机坐标转换=0.7ms, 发布Detection3DArray=0.1ms, 发布MarkerArray=0.3ms, 发布KITTI串=0.1ms, 发布LiDAR串=0.0ms, 纯计算总耗时=32.1ms, 限速休眠=0.6ms, 墙钟总耗时=32.7ms
[INFO] [1775739095.653234, 44.103000]: 转换得到 119413 个点
Inference ━━━━━━━━━━━━━━━━━━━━━━━━━━━━━━━━━━━━━━━━   
[INFO] [1775739095.685123, 44.113000]: 帧 440: 检测到 9 个目标
[INFO] [1775739095.696654, 44.203000]: 转换得到 119942 个点
Inference ━━━━━━━━━━━━━━━━━━━━━━━━━━━━━━━━━━━━━━━━   
[INFO] [1775739095.731236, 44.215000]: 帧 441: 检测到 9 个目标
[INFO] [1775739095.739389, 44.303000]: 转换得到 120161 个点
Inference ━━━━━━━━━━━━━━━━━━━━━━━━━━━━━━━━━━━━━━━━   
[INFO] [1775739095.772275, 44.313000]: 帧 442: 检测到 9 个目标
[INFO] [1775739095.788481, 44.403000]: 转换得到 120588 个点
Inference ━━━━━━━━━━━━━━━━━━━━━━━━━━━━━━━━━━━━━━━━   
[INFO] [1775739095.825218, 44.417000]: 帧 443: 检测到 9 个目标
[INFO] [1775739095.835283, 44.503000]: 转换得到 120778 个点
Inference ━━━━━━━━━━━━━━━━━━━━━━━━━━━━━━━━━━━━━━━━   
[INFO] [1775739092.287223, 35.701000]: [offline_bag_feeder] frame=358 lidar stamp=35.701000
[INFO] [1775739092.324588, 35.801000]: [offline_bag_feeder] frame=359 lidar stamp=35.801000
[INFO] [1775739092.361722, 35.901000]: [offline_bag_feeder] frame=360 lidar stamp=35.901000
[INFO] [1775739092.404371, 36.001000]: [offline_bag_feeder] frame=361 lidar stamp=36.001000
[INFO] [1775739092.447019, 36.101000]: [offline_bag_feeder] frame=362 lidar stamp=36.101000
[INFO] [1775739092.484186, 36.201000]: [offline_bag_feeder] frame=363 lidar stamp=36.201000
[INFO] [1775739092.520502, 36.301000]: [offline_bag_feeder] frame=364 lidar stamp=36.301000
[INFO] [1775739092.558131, 36.401000]: [offline_bag_feeder] frame=365 lidar stamp=36.401000
[INFO] [1775739092.595756, 36.501000]: [offline_bag_feeder] frame=366 lidar stamp=36.501000
[INFO] [1775739092.638021, 36.601000]: [offline_bag_feeder] frame=367 lidar stamp=36.601000
[INFO] [1775739092.679545, 36.701000]: [offline_bag_feeder] frame=368 lidar stamp=36.701000
[INFO] [1775739092.722550, 36.801000]: [offline_bag_feeder] frame=369 lidar stamp=36.801000
[INFO] [1775739092.759529, 36.901000]: [offline_bag_feeder] frame=370 lidar stamp=36.901000
[INFO] [1775739092.797780, 37.001000]: [offline_bag_feeder] frame=371 lidar stamp=37.001000
[INFO] [1775739092.840622, 37.101000]: [offline_bag_feeder] frame=372 lidar stamp=37.101000
[INFO] [1775739092.885750, 37.201000]: [offline_bag_feeder] frame=373 lidar stamp=37.201000
[INFO] [1775739092.923154, 37.301000]: [offline_bag_feeder] frame=374 lidar stamp=37.301000
[INFO] [1775739092.960757, 37.401000]: [offline_bag_feeder] frame=375 lidar stamp=37.401000
[INFO] [1775739093.002356, 37.501000]: [offline_bag_feeder] frame=376 lidar stamp=37.501000
[INFO] [1775739093.039241, 37.601000]: [offline_bag_feeder] frame=377 lidar stamp=37.601000
[INFO] [1775739093.076049, 37.701000]: [offline_bag_feeder] frame=378 lidar stamp=37.701000
[INFO] [1775739093.117581, 37.801000]: [offline_bag_feeder] frame=379 lidar stamp=37.801000
[INFO] [1775739093.153549, 37.901000]: [offline_bag_feeder] frame=380 lidar stamp=37.901000
[INFO] [1775739093.194888, 38.001000]: [offline_bag_feeder] frame=381 lidar stamp=38.001000
[INFO] [1775739093.232102, 38.101000]: [offline_bag_feeder] frame=382 lidar stamp=38.101000
[INFO] [1775739093.275195, 38.201000]: [offline_bag_feeder] frame=383 lidar stamp=38.201000
[INFO] [1775739093.320323, 38.301000]: [offline_bag_feeder] frame=384 lidar stamp=38.301000
[INFO] [1775739093.362379, 38.401000]: [offline_bag_feeder] frame=385 lidar stamp=38.401000
[INFO] [1775739093.404437, 38.501000]: [offline_bag_feeder] frame=386 lidar stamp=38.501000
[INFO] [1775739093.448277, 38.601000]: [offline_bag_feeder] frame=387 lidar stamp=38.601000
[INFO] [1775739093.485892, 38.701000]: [offline_bag_feeder] frame=388 lidar stamp=38.701000
[INFO] [1775739093.525934, 38.801000]: [offline_bag_feeder] frame=389 lidar stamp=38.801000
[INFO] [1775739093.563142, 38.901000]: [offline_bag_feeder] frame=390 lidar stamp=38.901000
[INFO] [1775739093.601055, 39.001000]: [offline_bag_feeder] frame=391 lidar stamp=39.001000
[INFO] [1775739093.644821, 39.101000]: [offline_bag_feeder] frame=392 lidar stamp=39.101000
[INFO] [1775739093.681601, 39.201000]: [offline_bag_feeder] frame=393 lidar stamp=39.201000
[INFO] [1775739093.719741, 39.301000]: [offline_bag_feeder] frame=394 lidar stamp=39.301000
[INFO] [1775739093.762875, 39.401000]: [offline_bag_feeder] frame=395 lidar stamp=39.401000
[INFO] [1775739093.800265, 39.501000]: [offline_bag_feeder] frame=396 lidar stamp=39.501000
[INFO] [1775739093.843294, 39.601000]: [offline_bag_feeder] frame=397 lidar stamp=39.601000
[INFO] [1775739093.880054, 39.701000]: [offline_bag_feeder] frame=398 lidar stamp=39.701000
[INFO] [1775739093.923026, 39.801000]: [offline_bag_feeder] frame=399 lidar stamp=39.801000
[INFO] [1775739093.973038, 39.901000]: [offline_bag_feeder] frame=400 lidar stamp=39.901000
[INFO] [1775739094.016069, 40.001000]: [offline_bag_feeder] frame=401 lidar stamp=40.001000
[INFO] [1775739094.053494, 40.101000]: [offline_bag_feeder] frame=402 lidar stamp=40.101000
[INFO] [1775739094.090362, 40.201000]: [offline_bag_feeder] frame=403 lidar stamp=40.201000
[INFO] [1775739094.126656, 40.301000]: [offline_bag_feeder] frame=404 lidar stamp=40.301000
[INFO] [1775739094.174238, 40.401000]: [offline_bag_feeder] frame=405 lidar stamp=40.401000
[INFO] [1775739094.222580, 40.501000]: [offline_bag_feeder] frame=406 lidar stamp=40.501000
[INFO] [1775739094.265170, 40.601000]: [offline_bag_feeder] frame=407 lidar stamp=40.601000
[INFO] [1775739094.303683, 40.701000]: [offline_bag_feeder] frame=408 lidar stamp=40.701000
[INFO] [1775739094.341704, 40.801000]: [offline_bag_feeder] frame=409 lidar stamp=40.801000
[INFO] [1775739094.379397, 40.901000]: [offline_bag_feeder] frame=410 lidar stamp=40.901000
[INFO] [1775739094.419494, 41.001000]: [offline_bag_feeder] frame=411 lidar stamp=41.001000
[INFO] [1775739094.456845, 41.101000]: [offline_bag_feeder] frame=412 lidar stamp=41.101000
[INFO] [1775739094.495368, 41.201000]: [offline_bag_feeder] frame=413 lidar stamp=41.201000
[INFO] [1775739094.532737, 41.301000]: [offline_bag_feeder] frame=414 lidar stamp=41.301000
[INFO] [1775739094.575274, 41.401000]: [offline_bag_feeder] frame=415 lidar stamp=41.401000
[INFO] [1775739094.615292, 41.501000]: [offline_bag_feeder] frame=416 lidar stamp=41.501000
[INFO] [1775739094.654166, 41.601000]: [offline_bag_feeder] frame=417 lidar stamp=41.601000
[INFO] [1775739094.692456, 41.701000]: [offline_bag_feeder] frame=418 lidar stamp=41.701000
[INFO] [1775739094.735722, 41.801000]: [offline_bag_feeder] frame=419 lidar stamp=41.801000
[INFO] [1775739094.773404, 41.901000]: [offline_bag_feeder] frame=420 lidar stamp=41.901000
[INFO] [1775739094.812032, 42.001000]: [offline_bag_feeder] frame=421 lidar stamp=42.001000
[INFO] [1775739094.849844, 42.101000]: [offline_bag_feeder] frame=422 lidar stamp=42.101000
[INFO] [1775739094.887855, 42.201000]: [offline_bag_feeder] frame=423 lidar stamp=42.201000
[INFO] [1775739094.925164, 42.301000]: [offline_bag_feeder] frame=424 lidar stamp=42.301000
[INFO] [1775739094.962263, 42.401000]: [offline_bag_feeder] frame=425 lidar stamp=42.401000
[INFO] [1775739095.011237, 42.501000]: [offline_bag_feeder] frame=426 lidar stamp=42.501000
[INFO] [1775739095.048770, 42.601000]: [offline_bag_feeder] frame=427 lidar stamp=42.601000
[INFO] [1775739095.087069, 42.701000]: [offline_bag_feeder] frame=428 lidar stamp=42.701000
[INFO] [1775739095.124399, 42.801000]: [offline_bag_feeder] frame=429 lidar stamp=42.801000
[INFO] [1775739095.161793, 42.901000]: [offline_bag_feeder] frame=430 lidar stamp=42.901000
[INFO] [1775739095.211152, 43.001000]: [offline_bag_feeder] frame=431 lidar stamp=43.001000
[INFO] [1775739095.248687, 43.101000]: [offline_bag_feeder] frame=432 lidar stamp=43.101000
[INFO] [1775739095.286260, 43.201000]: [offline_bag_feeder] frame=433 lidar stamp=43.201000
[INFO] [1775739095.323232, 43.301000]: [offline_bag_feeder] frame=434 lidar stamp=43.301000
[INFO] [1775739095.361254, 43.401000]: [offline_bag_feeder] frame=435 lidar stamp=43.401000
[INFO] [1775739095.401217, 43.501000]: [offline_bag_feeder] frame=436 lidar stamp=43.501000
[INFO] [1775739095.438923, 43.601000]: [offline_bag_feeder] frame=437 lidar stamp=43.601000
[INFO] [1775739095.475662, 43.701000]: [offline_bag_feeder] frame=438 lidar stamp=43.701000
[INFO] [1775739095.518525, 43.801000]: [offline_bag_feeder] frame=439 lidar stamp=43.801000
[INFO] [1775739095.565872, 43.901000]: [offline_bag_feeder] frame=440 lidar stamp=43.901000
[INFO] [1775739095.608830, 44.001000]: [offline_bag_feeder] frame=441 lidar stamp=44.001000
[INFO] [1775739095.650687, 44.101000]: [offline_bag_feeder] frame=442 lidar stamp=44.101000
[INFO] [1775739095.694016, 44.201000]: [offline_bag_feeder] frame=443 lidar stamp=44.201000
[INFO] [1775739095.737177, 44.301000]: [offline_bag_feeder] frame=444 lidar stamp=44.301000
[INFO] [1775739095.784064, 44.401000]: [offline_bag_feeder] frame=445 lidar stamp=44.401000
[INFO] [1775739095.831779, 44.501000]: [offline_bag_feeder] frame=446 lidar stamp=44.501000
[INFO] [1775739095.874611, 44.601000]: [offline_bag_feeder] frame=447 lidar stamp=44.601000
[INFO] [1775739095.867631, 44.515000]: 帧 444: 检测到 9 个目标
[INFO] [1775739095.877172, 44.603000]: 转换得到 120944 个点
Inference ━━━━━━━━━━━━━━━━━━━━━━━━━━━━━━━━━━━━━━━━   
[INFO] [1775739095.913527, 44.615000]: 帧 445: 检测到 10 个目标
[INFO] [1775739095.925843, 44.703000]: 转换得到 121316 个点
Inference ━━━━━━━━━━━━━━━━━━━━━━━━━━━━━━━━━━━━━━━━   
[INFO] [1775739095.955311, 44.713000]: 帧 446: 检测到 10 个目标
[INFO] [1775739095.963462, 44.803000]: 转换得到 121558 个点
Inference ━━━━━━━━━━━━━━━━━━━━━━━━━━━━━━━━━━━━━━━━   
[INFO] [1775739096.003386, 44.817000]: 帧 447: 检测到 9 个目标
[INFO] [1775739096.015621, 44.903000]: 转换得到 121728 个点
Inference ━━━━━━━━━━━━━━━━━━━━━━━━━━━━━━━━━━━━━━━━   
[WARN] [1775739096.078606, 45.013000]: 等待与检测时间戳对齐的位姿超时，回退使用最新 FAST-LIO 位姿
[INFO] [1775739096.045020, 44.913000]: 帧 448: 检测到 10 个目标
[INFO] [1775739096.052037, 45.003000]: 转换得到 121822 个点
Inference ━━━━━━━━━━━━━━━━━━━━━━━━━━━━━━━━━━━━━━━━   
[INFO] [1775739096.082320, 45.013000]: 帧 449: 检测到 10 个目标
[INFO] [1775739096.091712, 45.103000]: 转换得到 122287 个点
Inference ━━━━━━━━━━━━━━━━━━━━━━━━━━━━━━━━━━━━━━━━   
[INFO] [1775739096.124106, 45.115000]: 帧 450: 检测到 9 个目标
[INFO] [1775739096.134664, 45.203000]: 转换得到 122054 个点
Inference ━━━━━━━━━━━━━━━━━━━━━━━━━━━━━━━━━━━━━━━━   
[INFO] [1775739096.165594, 45.213000]: 帧 451: 检测到 9 个目标
[INFO] [1775739096.172100, 45.303000]: 转换得到 121741 个点
Inference ━━━━━━━━━━━━━━━━━━━━━━━━━━━━━━━━━━━━━━━━   
[INFO] [1775739096.202863, 45.313000]: 帧 452: 检测到 9 个目标
[INFO] [1775739096.208701, 45.403000]: 转换得到 121653 个点
Inference ━━━━━━━━━━━━━━━━━━━━━━━━━━━━━━━━━━━━━━━━   
l: 0.019398 icp: 0.012195 construct H: 0.000183 
[ mapping ]: time: IMU + Map + Input Downsample: 0.005722 ave match: 0.011394 ave solve: 0.000776  ave ICP: 0.014821  map incre: 0.003029 ave total: 0.019408 icp: 0.012201 construct H: 0.000183 
[ mapping ]: time: IMU + Map + Input Downsample: 0.005742 ave match: 0.011401 ave solve: 0.000776  ave ICP: 0.015261  map incre: 0.003572 ave total: 0.019420 icp: 0.012208 construct H: 0.000183 
[ mapping ]: time: IMU + Map + Input Downsample: 0.003965 ave match: 0.011399 ave solve: 0.000775  ave ICP: 0.011338  map incre: 0.002867 ave total: 0.019417 icp: 0.012206 construct H: 0.000183 
[ mapping ]: time: IMU + Map + Input Downsample: 0.004022 ave match: 0.011403 ave solve: 0.000775  ave ICP: 0.013602  map incre: 0.002661 ave total: 0.019419 icp: 0.012209 construct H: 0.000183 
[ mapping ]: time: IMU + Map + Input Downsample: 0.003909 ave match: 0.011407 ave solve: 0.000774  ave ICP: 0.013768  map incre: 0.002598 ave total: 0.019421 icp: 0.012212 construct H: 0.000183 
[ mapping ]: time: IMU + Map + Input Downsample: 0.006001 ave match: 0.011416 ave solve: 0.000775  ave ICP: 0.016105  map incre: 0.003709 ave total: 0.019436 icp: 0.012221 construct H: 0.000183 
[ mapping ]: time: IMU + Map + Input Downsample: 0.004758 ave match: 0.011419 ave solve: 0.000774  ave ICP: 0.013736  map incre: 0.003108 ave total: 0.019442 icp: 0.012225 construct H: 0.000183 
[ mapping ]: time: IMU + Map + Input Downsample: 0.004032 ave match: 0.011423 ave solve: 0.000774  ave ICP: 0.013646  map incre: 0.002037 ave total: 0.019442 icp: 0.012228 construct H: 0.000182 
[ mapping ]: time: IMU + Map + Input Downsample: 0.004282 ave match: 0.011425 ave solve: 0.000773  ave ICP: 0.012931  map incre: 0.002175 ave total: 0.019442 icp: 0.012229 construct H: 0.000182 
[ mapping ]: time: IMU + Map + Input Downsample: 0.004068 ave match: 0.011426 ave solve: 0.000773  ave ICP: 0.012573  map incre: 0.002475 ave total: 0.019441 icp: 0.012230 construct H: 0.000182 
[ mapping ]: time: IMU + Map + Input Downsample: 0.005777 ave match: 0.011431 ave solve: 0.000773  ave ICP: 0.014285  map incre: 0.003317 ave total: 0.019450 icp: 0.012234 construct H: 0.000182 
[ mapping ]: time: IMU + Map + Input Downsample: 0.005935 ave match: 0.011436 ave solve: 0.000772  ave ICP: 0.014545  map incre: 0.003850 ave total: 0.019462 icp: 0.012240 construct H: 0.000182 
[ mapping ]: time: IMU + Map + Input Downsample: 0.001695 ave match: 0.011442 ave solve: 0.000772  ave ICP: 0.015167  map incre: 0.002442 ave total: 0.019461 icp: 0.012246 construct H: 0.000182 
[ mapping ]: time: IMU + Map + Input Downsample: 0.005722 ave match: 0.011448 ave solve: 0.000772  ave ICP: 0.014737  map incre: 0.004602 ave total: 0.019474 icp: 0.012252 construct H: 0.000182 
[ mapping ]: time: IMU + Map + Input Downsample: 0.004603 ave match: 0.011452 ave solve: 0.000772  ave ICP: 0.013715  map incre: 0.003100 ave total: 0.019479 icp: 0.012255 construct H: 0.000182 
[ mapping ]: time: IMU + Map + Input Downsample: 0.005982 ave match: 0.011455 ave solve: 0.000771  ave ICP: 0.013239  map incre: 0.002974 ave total: 0.019485 icp: 0.012257 construct H: 0.000182 
[ mapping ]: time: IMU + Map + Input Downsample: 0.004064 ave match: 0.011459 ave solve: 0.000771  ave ICP: 0.013781  map incre: 0.002926 ave total: 0.019488 icp: 0.012260 construct H: 0.000182 
[ mapping ]: time: IMU + Map + Input Downsample: 0.005331 ave match: 0.011454 ave solve: 0.000770  ave ICP: 0.010092  map incre: 0.002805 ave total: 0.019485 icp: 0.012255 construct H: 0.000181 
[ mapping ]: time: IMU + Map + Input Downsample: 0.005859 ave match: 0.011450 ave solve: 0.000770  ave ICP: 0.010382  map incre: 0.003002 ave total: 0.019484 icp: 0.012251 construct H: 0.000181 
[ mapping ]: time: IMU + Map + Input Downsample: 0.004025 ave match: 0.011445 ave solve: 0.000769  ave ICP: 0.009822  map incre: 0.003265 ave total: 0.019479 icp: 0.012245 construct H: 0.000181 
[ mapping ]: time: IMU + Map + Input Downsample: 0.004043 ave match: 0.011448 ave solve: 0.000768  ave ICP: 0.013169  map incre: 0.002486 ave total[INFO] [1775739096.240295, 45.413000]: 帧 453: 检测到 11 个目标
[INFO] [1775739096.251046, 45.503000]: 转换得到 121551 个点
Inference ━━━━━━━━━━━━━━━━━━━━━━━━━━━━━━━━━━━━━━━━   
[INFO] [1775739096.278984, 45.513000]: 帧 454: 检测到 9 个目标
[INFO] [1775739096.288610, 45.603000]: 转换得到 121637 个点
Inference ━━━━━━━━━━━━━━━━━━━━━━━━━━━━━━━━━━━━━━━━   
[INFO] [1775739096.319819, 45.613000]: 帧 455: 检测到 11 个目标
[INFO] [1775739096.330387, 45.703000]: 转换得到 121533 个点
Inference ━━━━━━━━━━━━━━━━━━━━━━━━━━━━━━━━━━━━━━━━   
[INFO] [1775739096.359896, 45.713000]: 帧 456: 检测到 11 个目标
[INFO] [1775739096.367290, 45.803000]: 转换得到 121536 个点
Inference ━━━━━━━━━━━━━━━━━━━━━━━━━━━━━━━━━━━━━━━━   
[INFO] [1775739096.395842, 45.813000]: 帧 457: 检测到 10 个目标
[INFO] [1775739096.409718, 45.903000]: 转换得到 121668 个点
Inference ━━━━━━━━━━━━━━━━━━━━━━━━━━━━━━━━━━━━━━━━   
[INFO] [1775739096.443084, 45.915000]: 帧 458: 检测到 10 个目标
[INFO] [1775739096.451529, 46.003000]: 转换得到 121189 个点
Inference ━━━━━━━━━━━━━━━━━━━━━━━━━━━━━━━━━━━━━━━━   
[INFO] [1775739096.480271, 46.013000]: 帧 459: 检测到 12 个目标
[INFO] [1775739096.482971, 46.015000]: PointPillars计时汇总(20帧均值): 点云解析=1.7ms, 临时落盘=0.8ms, 模型推理=28.8ms, 结果提取=0.1ms, 清理临时文件=0.2ms, 相机坐标转换=0.8ms, 发布Detection3DArray=0.1ms, 发布MarkerArray=0.3ms, 发布KITTI串=0.1ms, 发布LiDAR串=0.0ms, 纯计算总耗时=33.7ms, 限速休眠=1.0ms, 墙钟总耗时=34.7ms
[INFO] [1775739096.494804, 46.103000]: 转换得到 120342 个点
Inference ━━━━━━━━━━━━━━━━━━━━━━━━━━━━━━━━━━━━━━━━   
[INFO] [1775739096.521728, 46.113000]: 帧 460: 检测到 12 个目标
[INFO] [1775739096.532667, 46.203000]: 转换得到 119832 个点
Inference ━━━━━━━━━━━━━━━━━━━━━━━━━━━━━━━━━━━━━━━━   
[INFO] [1775739096.561838, 46.213000]: 帧 461: 检测到 11 个目标
[INFO] [1775739096.569180, 46.303000]: 转换得到 119496 个点
Inference ━━━━━━━━━━━━━━━━━━━━━━━━━━━━━━━━━━━━━━━━   
[INFO] [1775739096.599179, 46.313000]: 帧 462: 检测到 10 个目标
[INFO] [1775739096.605798, 46.403000]: 转换得到 119245 个点
Inference ━━━━━━━━━━━━━━━━━━━━━━━━━━━━━━━━━━━━━━━━   
[INFO] [1775739096.635243, 46.413000]: 帧 463: 检测到 11 个目标
[INFO] [1775739096.644479, 46.503000]: 转换得到 119303 个点
Inference ━━━━━━━━━━━━━━━━━━━━━━━━━━━━━━━━━━━━━━━━   
[INFO] [1775739096.679546, 46.515000]: 帧 464: 检测到 10 个目标
[INFO] [1775739096.688093, 46.603000]: 转换得到 119221 个点
Inference ━━━━━━━━━━━━━━━━━━━━━━━━━━━━━━━━━━━━━━━━   
[INFO] [1775739096.717760, 46.613000]: 帧 465: 检测到 11 个目标
[INFO] [1775739096.725074, 46.703000]: 转换得到 119655 个点
Inference ━━━━━━━━━━━━━━━━━━━━━━━━━━━━━━━━━━━━━━━━   
[INFO] [1775739096.754921, 46.713000]: 帧 466: 检测到 10 个目标
[INFO] [1775739096.761717, 46.803000]: 转换得到 120063 个点
Inference ━━━━━━━━━━━━━━━━━━━━━━━━━━━━━━━━━━━━━━━━   
[INFO] [1775739096.791673, 46.813000]: 帧 467: 检测到 10 个目标
[INFO] [1775739096.799592, 46.903000]: 转换得到 120145 个点
Inference ━━━━━━━━━━━━━━━━━━━━━━━━━━━━━━━━━━━━━━━━   
[INFO] [1775739096.829782, 46.913000]: 帧 468: 检测到 9 个目标
[INFO] [1775739096.843720, 47.003000]: 转换得到 119627 个点
Inference ━━━━━━━━━━━━━━━━━━━━━━━━━━━━━━━━━━━━━━━━   
[INFO] [1775739096.877364, 47.015000]: 帧 469: 检测到 8 个目标
[INFO] [1775739096.885658, 47.103000]: 转换得到 119293 个点
Inference ━━━━━━━━━━━━━━━━━━━━━━━━━━━━━━━━━━━━━━━━   
[INFO] [1775739096.913395, 47.113000]: 帧 470: 检测到 9 个目标
[INFO] [1775739096.924090, 47.203000]: 转换得到 118826 个点
Inference ━━━━━━━━━━━━━━━━━━━━━━━━━━━━━━━━━━━━━━━━   
[INFO] [1775739096.955457, 47.215000]: 帧 471: 检测到 9 个目标
[INFO] [1775739096.965029, 47.303000]: 转换得到 118208 个点
Inference ━━━━━━━━━━━━━━━━━━━━━━━━━━━━━━━━━━━━━━━━   
[INFO] [1775739097.002769, 47.317000]: 帧 472: 检测到 11 个目标
[INFO] [1775739097.013667, 47.403000]: 转换得到 118017 个点
Inference ━━━━━━━━━━━━━━━━━━━━━━━━━━━━━━━━━━━━━━━━   
[INFO] [1775739097.043089, 47.413000]: 帧 473: 检测到 10 个目标
[INFO] [1775739097.049425, 47.503000]: 转换得到 117258 个点
Inference ━━━━━━━━━━━━━━━━━━━━━━━━━━━━━━━━━━━━━━━━   
[INFO] [1775739097.079825, 47.513000]: 帧 474: 检测到 12 个目标
[INFO] [1775739097.089100, 47.603000]: 转换得到 116763 个点
Inference ━━━━━━━━━━━━━━━━━━━━━━━━━━━━━━━━━━━━━━━━   
: 0.019480 icp: 0.012247 construct H: 0.000181 
[ mapping ]: time: IMU + Map + Input Downsample: 0.004031 ave match: 0.011450 ave solve: 0.000768  ave ICP: 0.013302  map incre: 0.002597 ave total: 0.019481 icp: 0.012249 construct H: 0.000181 
[ mapping ]: time: IMU + Map + Input Downsample: 0.004070 ave match: 0.011452 ave solve: 0.000767  ave ICP: 0.012810  map incre: 0.002972 ave total: 0.019481 icp: 0.012250 construct H: 0.000181 
[ mapping ]: time: IMU + Map + Input Downsample: 0.005926 ave match: 0.011453 ave solve: 0.000767  ave ICP: 0.012778  map incre: 0.002882 ave total: 0.019486 icp: 0.012251 construct H: 0.000181 
[ mapping ]: time: IMU + Map + Input Downsample: 0.005733 ave match: 0.011452 ave solve: 0.000766  ave ICP: 0.011526  map incre: 0.001971 ave total: 0.019486 icp: 0.012249 construct H: 0.000180 
[ mapping ]: time: IMU + Map + Input Downsample: 0.005908 ave match: 0.011452 ave solve: 0.000766  ave ICP: 0.012196  map incre: 0.003124 ave total: 0.019489 icp: 0.012249 construct H: 0.000180 
[ mapping ]: time: IMU + Map + Input Downsample: 0.005701 ave match: 0.011450 ave solve: 0.000765  ave ICP: 0.011181  map incre: 0.002361 ave total: 0.019489 icp: 0.012246 construct H: 0.000180 
[ mapping ]: time: IMU + Map + Input Downsample: 0.005643 ave match: 0.011449 ave solve: 0.000765  ave ICP: 0.011686  map incre: 0.003946 ave total: 0.019493 icp: 0.012245 construct H: 0.000180 
[ mapping ]: time: IMU + Map + Input Downsample: 0.005761 ave match: 0.011447 ave solve: 0.000765  ave ICP: 0.011314  map incre: 0.003570 ave total: 0.019495 icp: 0.012243 construct H: 0.000180 
[ mapping ]: time: IMU + Map + Input Downsample: 0.005763 ave match: 0.011445 ave solve: 0.000765  ave ICP: 0.011407  map incre: 0.004447 ave total: 0.019500 icp: 0.012241 construct H: 0.000180 
[ mapping ]: time: IMU + Map + Input Downsample: 0.005677 ave match: 0.011440 ave solve: 0.000764  ave ICP: 0.009952  map incre: 0.002420 ave total: 0.019497 icp: 0.012235 construct H: 0.000180 
[ mapping ]: time: IMU + Map + Input Downsample: 0.005734 ave match: 0.011440 ave solve: 0.000764  ave ICP: 0.012236  map incre: 0.004061 ave total: 0.019503 icp: 0.012235 construct H: 0.000180 
[ mapping ]: time: IMU + Map + Input Downsample: 0.005709 ave match: 0.011441 ave solve: 0.000764  ave ICP: 0.012476  map incre: 0.004442 ave total: 0.019510 icp: 0.012236 construct H: 0.000180 
[ mapping ]: time: IMU + Map + Input Downsample: 0.005829 ave match: 0.011442 ave solve: 0.000764  ave ICP: 0.012920  map incre: 0.004614 ave total: 0.019518 icp: 0.012237 construct H: 0.000180 
[ mapping ]: time: IMU + Map + Input Downsample: 0.005787 ave match: 0.011445 ave solve: 0.000764  ave ICP: 0.013328  map incre: 0.003718 ave total: 0.019525 icp: 0.012239 construct H: 0.000180 
[ mapping ]: time: IMU + Map + Input Downsample: 0.005984 ave match: 0.011448 ave solve: 0.000764  ave ICP: 0.013754  map incre: 0.007824 ave total: 0.019543 icp: 0.012242 construct H: 0.000180 
[ mapping ]: time: IMU + Map + Input Downsample: 0.006040 ave match: 0.011456 ave solve: 0.000764  ave ICP: 0.016423  map incre: 0.003928 ave total: 0.019558 icp: 0.012251 construct H: 0.000180 
[ mapping ]: time: IMU + Map + Input Downsample: 0.005907 ave match: 0.011460 ave solve: 0.000764  ave ICP: 0.013797  map incre: 0.003549 ave total: 0.019566 icp: 0.012254 construct H: 0.000180 
[ mapping ]: time: IMU + Map + Input Downsample: 0.005791 ave match: 0.011462 ave solve: 0.000764  ave ICP: 0.013668  map incre: 0.004296 ave total: 0.019575 icp: 0.012257 construct H: 0.000180 
[ mapping ]: time: IMU + Map + Input Downsample: 0.005730 ave match: 0.011465 ave solve: 0.000764  ave ICP: 0.013606  map incre: 0.004586 ave total: 0.019585 icp: 0.012260 construct H: 0.000180 
[ mapping ]: time: IMU + Map + Input Downsample: 0.004033 ave match: 0.011479 ave solve: 0.000764  ave ICP: 0.018586  map incre: 0.002817 ave total: 0.019597 icp: 0.012273 construct H: 0.000179 
[ mapping ]: time: IMU + Map + Input Downsample: 0.005963 ave match: 0.011483 ave solve: 0.000764  ave ICP: 0.014379  map incre: 0.003308 ave total:[INFO] [1775739097.122992, 47.615000]: 帧 475: 检测到 10 个目标
[INFO] [1775739097.130991, 47.703000]: 转换得到 116680 个点
Inference ━━━━━━━━━━━━━━━━━━━━━━━━━━━━━━━━━━━━━━━━   
[INFO] [1775739097.169609, 47.717000]: 帧 476: 检测到 10 个目标
[INFO] [1775739097.181996, 47.803000]: 转换得到 116967 个点
Inference ━━━━━━━━━━━━━━━━━━━━━━━━━━━━━━━━━━━━━━━━   
[INFO] [1775739097.211051, 47.813000]: 帧 477: 检测到 9 个目标
[INFO] [1775739097.220101, 47.903000]: 转换得到 115701 个点
Inference ━━━━━━━━━━━━━━━━━━━━━━━━━━━━━━━━━━━━━━━━   
[INFO] [1775739097.248270, 47.913000]: 帧 478: 检测到 9 个目标
[INFO] [1775739097.257073, 48.003000]: 转换得到 115525 个点
Inference ━━━━━━━━━━━━━━━━━━━━━━━━━━━━━━━━━━━━━━━━   
[INFO] [1775739097.290002, 48.015000]: 帧 479: 检测到 8 个目标
[INFO] [1775739097.290626, 48.015000]: PointPillars计时汇总(20帧均值): 点云解析=1.7ms, 临时落盘=0.8ms, 模型推理=28.1ms, 结果提取=0.1ms, 清理临时文件=0.2ms, 相机坐标转换=0.8ms, 发布Detection3DArray=0.1ms, 发布MarkerArray=0.3ms, 发布KITTI串=0.1ms, 发布LiDAR串=0.0ms, 纯计算总耗时=32.9ms, 限速休眠=0.6ms, 墙钟总耗时=33.5ms
[INFO] [1775739097.299271, 48.103000]: 转换得到 116287 个点
Inference ━━━━━━━━━━━━━━━━━━━━━━━━━━━━━━━━━━━━━━━━   
[INFO] [1775739097.328759, 48.113000]: 帧 480: 检测到 9 个目标
[INFO] [1775739097.336704, 48.203000]: 转换得到 116847 个点
Inference ━━━━━━━━━━━━━━━━━━━━━━━━━━━━━━━━━━━━━━━━   
[INFO] [1775739097.366037, 48.213000]: 帧 481: 检测到 9 个目标
[INFO] [1775739097.373699, 48.303000]: 转换得到 117339 个点
Inference ━━━━━━━━━━━━━━━━━━━━━━━━━━━━━━━━━━━━━━━━   
[INFO] [1775739097.407482, 48.315000]: 帧 482: 检测到 8 个目标
[INFO] [1775739097.423110, 48.403000]: 转换得到 117927 个点
Inference ━━━━━━━━━━━━━━━━━━━━━━━━━━━━━━━━━━━━━━━━   
[WARN] [1775739097.452620, 48.413000]: 待处理检测结果积压过多，已丢弃最旧的一帧
[INFO] [1775739097.452327, 48.413000]: 帧 483: 检测到 12 个目标
[INFO] [1775739097.459543, 48.503000]: 转换得到 118177 个点
Inference ━━━━━━━━━━━━━━━━━━━━━━━━━━━━━━━━━━━━━━━━   
[INFO] [1775739097.492025, 48.515000]: 帧 484: 检测到 10 个目标
[INFO] [1775739097.502840, 48.603000]: 转换得到 117982 个点
Inference ━━━━━━━━━━━━━━━━━━━━━━━━━━━━━━━━━━━━━━━━   
[INFO] [1775739097.532284, 48.613000]: 帧 485: 检测到 9 个目标
[INFO] [1775739097.539757, 48.703000]: 转换得到 117862 个点
Inference ━━━━━━━━━━━━━━━━━━━━━━━━━━━━━━━━━━━━━━━━   
[INFO] [1775739097.576410, 48.715000]: 帧 486: 检测到 9 个目标
[INFO] [1775739097.585291, 48.803000]: 转换得到 118019 个点
Inference ━━━━━━━━━━━━━━━━━━━━━━━━━━━━━━━━━━━━━━━━   
[INFO] [1775739097.617959, 48.815000]: 帧 487: 检测到 9 个目标
[INFO] [1775739097.633080, 48.903000]: 转换得到 118802 个点
Inference ━━━━━━━━━━━━━━━━━━━━━━━━━━━━━━━━━━━━━━━━   
[INFO] [1775739097.660895, 48.913000]: 帧 488: 检测到 9 个目标
[INFO] [1775739097.670603, 49.003000]: 转换得到 119065 个点
Inference ━━━━━━━━━━━━━━━━━━━━━━━━━━━━━━━━━━━━━━━━   
[INFO] [1775739097.699421, 49.013000]: 帧 489: 检测到 10 个目标
[INFO] [1775739097.708789, 49.103000]: 转换得到 119199 个点
Inference ━━━━━━━━━━━━━━━━━━━━━━━━━━━━━━━━━━━━━━━━   
[INFO] [1775739097.737882, 49.113000]: 帧 490: 检测到 10 个目标
[INFO] [1775739097.746518, 49.203000]: 转换得到 119301 个点
Inference ━━━━━━━━━━━━━━━━━━━━━━━━━━━━━━━━━━━━━━━━   
[INFO] [1775739097.775851, 49.213000]: 帧 491: 检测到 9 个目标
[INFO] [1775739097.785350, 49.303000]: 转换得到 118875 个点
Inference ━━━━━━━━━━━━━━━━━━━━━━━━━━━━━━━━━━━━━━━━   
[INFO] [1775739097.816733, 49.313000]: 帧 492: 检测到 8 个目标
[INFO] [1775739097.828468, 49.403000]: 转换得到 118696 个点
Inference ━━━━━━━━━━━━━━━━━━━━━━━━━━━━━━━━━━━━━━━━   
[INFO] [1775739097.860818, 49.415000]: 帧 493: 检测到 8 个目标
[INFO] [1775739097.872669, 49.503000]: 转换得到 119425 个点
Inference ━━━━━━━━━━━━━━━━━━━━━━━━━━━━━━━━━━━━━━━━   
[INFO] [1775739097.901524, 49.513000]: 帧 494: 检测到 9 个目标
[INFO] [1775739097.910472, 49.603000]: 转换得到 120118 个点
Inference ━━━━━━━━━━━━━━━━━━━━━━━━━━━━━━━━━━━━━━━━   
[INFO] [1775739097.941190, 49.613000]: 帧 495: 检测到 7 个目标
[INFO] [1775739097.947543, 49.703000]: 转换得到 120430 个点
Inference ━━━━━━━━━━━━━━━━━━━━━━━━━━━━━━━━━━━━━━━━   
 0.019606 icp: 0.012278 construct H: 0.000179 
[ mapping ]: time: IMU + Map + Input Downsample: 0.005976 ave match: 0.011488 ave solve: 0.000764  ave ICP: 0.014564  map incre: 0.004571 ave total: 0.019618 icp: 0.012282 construct H: 0.000179 
[ mapping ]: time: IMU + Map + Input Downsample: 0.004015 ave match: 0.011492 ave solve: 0.000763  ave ICP: 0.014023  map incre: 0.002827 ave total: 0.019621 icp: 0.012286 construct H: 0.000179 
[ mapping ]: time: IMU + Map + Input Downsample: 0.004824 ave match: 0.011494 ave solve: 0.000763  ave ICP: 0.012946  map incre: 0.002870 ave total: 0.019623 icp: 0.012287 construct H: 0.000179 
[ mapping ]: time: IMU + Map + Input Downsample: 0.003879 ave match: 0.011495 ave solve: 0.000762  ave ICP: 0.013036  map incre: 0.003410 ave total: 0.019624 icp: 0.012289 construct H: 0.000179 
[ mapping ]: time: IMU + Map + Input Downsample: 0.003967 ave match: 0.011497 ave solve: 0.000762  ave ICP: 0.012938  map incre: 0.002920 ave total: 0.019625 icp: 0.012290 construct H: 0.000179 
[ mapping ]: time: IMU + Map + Input Downsample: 0.004012 ave match: 0.011499 ave solve: 0.000762  ave ICP: 0.013204  map incre: 0.002777 ave total: 0.019625 icp: 0.012292 construct H: 0.000179 
[ mapping ]: time: IMU + Map + Input Downsample: 0.003892 ave match: 0.011501 ave solve: 0.000761  ave ICP: 0.013111  map incre: 0.003364 ave total: 0.019627 icp: 0.012293 construct H: 0.000179 
[ mapping ]: time: IMU + Map + Input Downsample: 0.003985 ave match: 0.011502 ave solve: 0.000761  ave ICP: 0.012681  map incre: 0.002358 ave total: 0.019626 icp: 0.012294 construct H: 0.000179 
[ mapping ]: time: IMU + Map + Input Downsample: 0.005760 ave match: 0.011506 ave solve: 0.000761  ave ICP: 0.013970  map incre: 0.003763 ave total: 0.019634 icp: 0.012297 construct H: 0.000179 
[ mapping ]: time: IMU + Map + Input Downsample: 0.005657 ave match: 0.011509 ave solve: 0.000761  ave ICP: 0.014334  map incre: 0.003998 ave total: 0.019643 icp: 0.012301 construct H: 0.000179 
[ mapping ]: time: IMU + Map + Input Downsample: 0.005800 ave match: 0.011514 ave solve: 0.000761  ave ICP: 0.014702  map incre: 0.005795 ave total: 0.019657 icp: 0.012306 construct H: 0.000179 
[ mapping ]: time: IMU + Map + Input Downsample: 0.005880 ave match: 0.011517 ave solve: 0.000762  ave ICP: 0.013993  map incre: 0.003416 ave total: 0.019665 icp: 0.012310 construct H: 0.000179 
[ mapping ]: time: IMU + Map + Input Downsample: 0.005694 ave match: 0.011521 ave solve: 0.000762  ave ICP: 0.014026  map incre: 0.003709 ave total: 0.019673 icp: 0.012313 construct H: 0.000179 
[ mapping ]: time: IMU + Map + Input Downsample: 0.005770 ave match: 0.011524 ave solve: 0.000762  ave ICP: 0.013957  map incre: 0.003673 ave total: 0.019681 icp: 0.012316 construct H: 0.000179 
[ mapping ]: time: IMU + Map + Input Downsample: 0.005818 ave match: 0.011527 ave solve: 0.000762  ave ICP: 0.014217  map incre: 0.003952 ave total: 0.019690 icp: 0.012320 construct H: 0.000179 
[ mapping ]: time: IMU + Map + Input Downsample: 0.005928 ave match: 0.011531 ave solve: 0.000762  ave ICP: 0.014446  map incre: 0.004000 ave total: 0.019700 icp: 0.012324 construct H: 0.000179 
[ mapping ]: time: IMU + Map + Input Downsample: 0.004453 ave match: 0.011534 ave solve: 0.000762  ave ICP: 0.013499  map incre: 0.002646 ave total: 0.019701 icp: 0.012327 construct H: 0.000179 
[ mapping ]: time: IMU + Map + Input Downsample: 0.005790 ave match: 0.011538 ave solve: 0.000762  ave ICP: 0.014632  map incre: 0.003808 ave total: 0.019711 icp: 0.012331 construct H: 0.000179 
[ mapping ]: time: IMU + Map + Input Downsample: 0.005764 ave match: 0.011541 ave solve: 0.000762  ave ICP: 0.013383  map incre: 0.003588 ave total: 0.019717 icp: 0.012333 construct H: 0.000179 
[ mapping ]: time: IMU + Map + Input Downsample: 0.005774 ave match: 0.011544 ave solve: 0.000762  ave ICP: 0.014348  map incre: 0.005688 ave total: 0.019730 icp: 0.012337 construct H: 0.000179 
[ mapping ]: time: IMU + Map + Input Downsample: 0.005880 ave match: 0.011548 ave solve: 0.000762  ave ICP: 0.014064  map incre: 0.007977 ave total: [INFO] [1775739097.984524, 49.715000]: 帧 496: 检测到 9 个目标
[INFO] [1775739097.994808, 49.803000]: 转换得到 120514 个点
Inference ━━━━━━━━━━━━━━━━━━━━━━━━━━━━━━━━━━━━━━━━   
[INFO] [1775739098.029778, 49.815000]: 帧 497: 检测到 9 个目标
[INFO] [1775739098.036547, 49.903000]: 转换得到 120131 个点
Inference ━━━━━━━━━━━━━━━━━━━━━━━━━━━━━━━━━━━━━━━━   
[INFO] [1775739098.068969, 49.915000]: 帧 498: 检测到 7 个目标
[INFO] [1775739098.080269, 50.003000]: 转换得到 119970 个点
Inference ━━━━━━━━━━━━━━━━━━━━━━━━━━━━━━━━━━━━━━━━   
[INFO] [1775739098.112475, 50.013000]: 帧 499: 检测到 8 个目标
[INFO] [1775739098.113284, 50.015000]: PointPillars计时汇总(20帧均值): 点云解析=1.6ms, 临时落盘=0.7ms, 模型推理=28.5ms, 结果提取=0.1ms, 清理临时文件=0.2ms, 相机坐标转换=0.7ms, 发布Detection3DArray=0.1ms, 发布MarkerArray=0.2ms, 发布KITTI串=0.1ms, 发布LiDAR串=0.0ms, 纯计算总耗时=33.1ms, 限速休眠=0.8ms, 墙钟总耗时=33.9ms
[INFO] [1775739098.124967, 50.103000]: 转换得到 120089 个点
Inference ━━━━━━━━━━━━━━━━━━━━━━━━━━━━━━━━━━━━━━━━   
[WARN] [1775739098.153045, 50.113000]: 等待与检测时间戳对齐的位姿超时，回退使用最新 FAST-LIO 位姿
[INFO] [1775739098.154377, 50.113000]: 帧 500: 检测到 8 个目标
[INFO] [1775739098.162050, 50.203000]: 转换得到 120369 个点
Inference ━━━━━━━━━━━━━━━━━━━━━━━━━━━━━━━━━━━━━━━━   
[INFO] [1775739098.192942, 50.213000]: 帧 501: 检测到 10 个目标
[INFO] [1775739098.200437, 50.303000]: 转换得到 120886 个点
Inference ━━━━━━━━━━━━━━━━━━━━━━━━━━━━━━━━━━━━━━━━   
[INFO] [1775739098.231238, 50.313000]: 帧 502: 检测到 9 个目标
[INFO] [1775739098.237615, 50.403000]: 转换得到 121415 个点
Inference ━━━━━━━━━━━━━━━━━━━━━━━━━━━━━━━━━━━━━━━━   
[INFO] [1775739098.267039, 50.413000]: 帧 503: 检测到 10 个目标
[INFO] [1775739098.277297, 50.503000]: 转换得到 120842 个点
Inference ━━━━━━━━━━━━━━━━━━━━━━━━━━━━━━━━━━━━━━━━   
[INFO] [1775739098.307578, 50.513000]: 帧 504: 检测到 11 个目标
[INFO] [1775739098.316246, 50.603000]: 转换得到 120511 个点
Inference ━━━━━━━━━━━━━━━━━━━━━━━━━━━━━━━━━━━━━━━━   
[INFO] [1775739098.345661, 50.613000]: 帧 505: 检测到 10 个目标
[INFO] [1775739098.352573, 50.703000]: 转换得到 121344 个点
Inference ━━━━━━━━━━━━━━━━━━━━━━━━━━━━━━━━━━━━━━━━   
[INFO] [1775739098.387715, 50.715000]: 帧 506: 检测到 8 个目标
[INFO] [1775739098.395180, 50.803000]: 转换得到 121319 个点
Inference ━━━━━━━━━━━━━━━━━━━━━━━━━━━━━━━━━━━━━━━━   
[INFO] [1775739098.426133, 50.815000]: 帧 507: 检测到 9 个目标
[INFO] [1775739098.435508, 50.903000]: 转换得到 121759 个点
Inference ━━━━━━━━━━━━━━━━━━━━━━━━━━━━━━━━━━━━━━━━   
[INFO] [1775739098.466755, 50.913000]: 帧 508: 检测到 8 个目标
[INFO] [1775739098.478507, 51.003000]: 转换得到 121097 个点
Inference ━━━━━━━━━━━━━━━━━━━━━━━━━━━━━━━━━━━━━━━━   
[INFO] [1775739098.509079, 51.013000]: 帧 509: 检测到 9 个目标
[INFO] [1775739098.515341, 51.103000]: 转换得到 120064 个点
Inference ━━━━━━━━━━━━━━━━━━━━━━━━━━━━━━━━━━━━━━━━   
[INFO] [1775739098.545772, 51.113000]: 帧 510: 检测到 9 个目标
[INFO] [1775739098.553049, 51.203000]: 转换得到 119163 个点
Inference ━━━━━━━━━━━━━━━━━━━━━━━━━━━━━━━━━━━━━━━━   
[INFO] [1775739098.586994, 51.215000]: 帧 511: 检测到 8 个目标
[INFO] [1775739098.598367, 51.303000]: 转换得到 118327 个点
Inference ━━━━━━━━━━━━━━━━━━━━━━━━━━━━━━━━━━━━━━━━   
[INFO] [1775739098.632313, 51.315000]: 帧 512: 检测到 9 个目标
[INFO] [1775739098.640521, 51.403000]: 转换得到 118238 个点
Inference ━━━━━━━━━━━━━━━━━━━━━━━━━━━━━━━━━━━━━━━━   
[INFO] [1775739098.674962, 51.415000]: 帧 513: 检测到 9 个目标
[INFO] [1775739098.683472, 51.503000]: 转换得到 117891 个点
Inference ━━━━━━━━━━━━━━━━━━━━━━━━━━━━━━━━━━━━━━━━   
[INFO] [1775739098.713325, 51.513000]: 帧 514: 检测到 9 个目标
[INFO] [1775739098.721730, 51.603000]: 转换得到 117539 个点
Inference ━━━━━━━━━━━━━━━━━━━━━━━━━━━━━━━━━━━━━━━━   
[INFO] [1775739098.753281, 51.615000]: 帧 515: 检测到 10 个目标
[INFO] [1775739098.764840, 51.703000]: 转换得到 117374 个点
Inference ━━━━━━━━━━━━━━━━━━━━━━━━━━━━━━━━━━━━━━━━   
[INFO] [1775739098.799009, 51.715000]: 帧 516: 检测到 9 个目标
[INFO] [1775739098.807995, 51.803000]: 转换得到 117065 个点
Inference ━━━━━━━━━━━━━━━━━━━━━━━━━━━━━━━━━━━━━━━━   
0.019747 icp: 0.012341 construct H: 0.000179 
[ mapping ]: time: IMU + Map + Input Downsample: 0.005964 ave match: 0.011553 ave solve: 0.000762  ave ICP: 0.014972  map incre: 0.003411 ave total: 0.019756 icp: 0.012346 construct H: 0.000179 
[ mapping ]: time: IMU + Map + Input Downsample: 0.006017 ave match: 0.011557 ave solve: 0.000763  ave ICP: 0.014666  map incre: 0.003580 ave total: 0.019766 icp: 0.012351 construct H: 0.000179 
[ mapping ]: time: IMU + Map + Input Downsample: 0.005916 ave match: 0.011561 ave solve: 0.000763  ave ICP: 0.014208  map incre: 0.003446 ave total: 0.019773 icp: 0.012354 construct H: 0.000179 
[ mapping ]: time: IMU + Map + Input Downsample: 0.005875 ave match: 0.011564 ave solve: 0.000763  ave ICP: 0.014122  map incre: 0.003611 ave total: 0.019781 icp: 0.012358 construct H: 0.000179 
[ mapping ]: time: IMU + Map + Input Downsample: 0.005689 ave match: 0.011567 ave solve: 0.000763  ave ICP: 0.013648  map incre: 0.003042 ave total: 0.019787 icp: 0.012360 construct H: 0.000179 
[ mapping ]: time: IMU + Map + Input Downsample: 0.004028 ave match: 0.011568 ave solve: 0.000762  ave ICP: 0.012703  map incre: 0.002017 ave total: 0.019784 icp: 0.012361 construct H: 0.000179 
[ mapping ]: time: IMU + Map + Input Downsample: 0.003986 ave match: 0.011567 ave solve: 0.000761  ave ICP: 0.011507  map incre: 0.002310 ave total: 0.019780 icp: 0.012359 construct H: 0.000179 
[ mapping ]: time: IMU + Map + Input Downsample: 0.004021 ave match: 0.011566 ave solve: 0.000761  ave ICP: 0.011883  map incre: 0.002116 ave total: 0.019777 icp: 0.012358 construct H: 0.000179 
[ mapping ]: time: IMU + Map + Input Downsample: 0.005793 ave match: 0.011565 ave solve: 0.000761  ave ICP: 0.012129  map incre: 0.003388 ave total: 0.019780 icp: 0.012357 construct H: 0.000179 
[ mapping ]: time: IMU + Map + Input Downsample: 0.005936 ave match: 0.011565 ave solve: 0.000761  ave ICP: 0.011936  map incre: 0.003270 ave total: 0.019783 icp: 0.012356 construct H: 0.000178 
[ mapping ]: time: IMU + Map + Input Downsample: 0.005821 ave match: 0.011563 ave solve: 0.000761  ave ICP: 0.011528  map incre: 0.003785 ave total: 0.019785 icp: 0.012354 construct H: 0.000178 
[ mapping ]: time: IMU + Map + Input Downsample: 0.004049 ave match: 0.011559 ave solve: 0.000760  ave ICP: 0.010147  map incre: 0.001896 ave total: 0.019778 icp: 0.012350 construct H: 0.000178 
[ mapping ]: time: IMU + Map + Input Downsample: 0.005925 ave match: 0.011556 ave solve: 0.000760  ave ICP: 0.010930  map incre: 0.003177 ave total: 0.019778 icp: 0.012346 construct H: 0.000178 
[ mapping ]: time: IMU + Map + Input Downsample: 0.005937 ave match: 0.011554 ave solve: 0.000760  ave ICP: 0.011375  map incre: 0.002774 ave total: 0.019779 icp: 0.012344 construct H: 0.000178 
[ mapping ]: time: IMU + Map + Input Downsample: 0.004258 ave match: 0.011560 ave solve: 0.000759  ave ICP: 0.015181  map incre: 0.002162 ave total: 0.019783 icp: 0.012350 construct H: 0.000178 
[ mapping ]: time: IMU + Map + Input Downsample: 0.006118 ave match: 0.011562 ave solve: 0.000759  ave ICP: 0.013450  map incre: 0.004126 ave total: 0.019791 icp: 0.012352 construct H: 0.000178 
[ mapping ]: time: IMU + Map + Input Downsample: 0.005903 ave match: 0.011562 ave solve: 0.000760  ave ICP: 0.012700  map incre: 0.003176 ave total: 0.019795 icp: 0.012352 construct H: 0.000178 
[ mapping ]: time: IMU + Map + Input Downsample: 0.005909 ave match: 0.011560 ave solve: 0.000759  ave ICP: 0.011529  map incre: 0.002242 ave total: 0.019794 icp: 0.012350 construct H: 0.000178 
[ mapping ]: time: IMU + Map + Input Downsample: 0.005824 ave match: 0.011559 ave solve: 0.000759  ave ICP: 0.011485  map incre: 0.002516 ave total: 0.019794 icp: 0.012349 construct H: 0.000178 
[ mapping ]: time: IMU + Map + Input Downsample: 0.003981 ave match: 0.011560 ave solve: 0.000759  ave ICP: 0.012736  map incre: 0.002498 ave total: 0.019793 icp: 0.012349 construct H: 0.000178 
[ mapping ]: time: IMU + Map + Input Downsample: 0.005717 ave match: 0.011563 ave solve: 0.000759  ave ICP: 0.014621  map incre: 0.003775 ave total: 0[INFO] [1775739098.839027, 51.815000]: 帧 517: 检测到 9 个目标
[INFO] [1775739098.853148, 51.903000]: 转换得到 117194 个点
Inference ━━━━━━━━━━━━━━━━━━━━━━━━━━━━━━━━━━━━━━━━   
[INFO] [1775739098.884885, 51.915000]: 帧 518: 检测到 10 个目标
[INFO] [1775739098.894717, 52.003000]: 转换得到 117277 个点
Inference ━━━━━━━━━━━━━━━━━━━━━━━━━━━━━━━━━━━━━━━━   
[INFO] [1775739098.929307, 52.015000]: 帧 519: 检测到 10 个目标
[INFO] [1775739098.930178, 52.015000]: PointPillars计时汇总(20帧均值): 点云解析=1.8ms, 临时落盘=0.8ms, 模型推理=28.5ms, 结果提取=0.1ms, 清理临时文件=0.2ms, 相机坐标转换=0.8ms, 发布Detection3DArray=0.1ms, 发布MarkerArray=0.3ms, 发布KITTI串=0.1ms, 发布LiDAR串=0.0ms, 纯计算总耗时=33.5ms, 限速休眠=0.3ms, 墙钟总耗时=33.8ms
[INFO] [1775739098.936862, 52.103000]: 转换得到 117560 个点
Inference ━━━━━━━━━━━━━━━━━━━━━━━━━━━━━━━━━━━━━━━━   
[INFO] [1775739098.971369, 52.115000]: 帧 520: 检测到 9 个目标
[INFO] [1775739098.982692, 52.203000]: 转换得到 117745 个点
Inference ━━━━━━━━━━━━━━━━━━━━━━━━━━━━━━━━━━━━━━━━   
[INFO] [1775739099.014919, 52.215000]: 帧 521: 检测到 12 个目标
[INFO] [1775739099.024278, 52.303000]: 转换得到 117642 个点
Inference ━━━━━━━━━━━━━━━━━━━━━━━━━━━━━━━━━━━━━━━━   
[INFO] [1775739099.058932, 52.315000]: 帧 522: 检测到 11 个目标
[INFO] [1775739099.068220, 52.403000]: 转换得到 117753 个点
Inference ━━━━━━━━━━━━━━━━━━━━━━━━━━━━━━━━━━━━━━━━   
[INFO] [1775739099.099413, 52.413000]: 帧 523: 检测到 10 个目标
[INFO] [1775739099.111682, 52.503000]: 转换得到 117939 个点
Inference ━━━━━━━━━━━━━━━━━━━━━━━━━━━━━━━━━━━━━━━━   
[INFO] [1775739099.150427, 52.517000]: 帧 524: 检测到 9 个目标
[INFO] [1775739099.160123, 52.603000]: 转换得到 118346 个点
Inference ━━━━━━━━━━━━━━━━━━━━━━━━━━━━━━━━━━━━━━━━   
[INFO] [1775739099.193494, 52.615000]: 帧 525: 检测到 9 个目标
[INFO] [1775739099.206013, 52.703000]: 转换得到 118785 个点
Inference ━━━━━━━━━━━━━━━━━━━━━━━━━━━━━━━━━━━━━━━━   
[INFO] [1775739099.238469, 52.713000]: 帧 526: 检测到 9 个目标
[INFO] [1775739099.248873, 52.803000]: 转换得到 118655 个点
Inference ━━━━━━━━━━━━━━━━━━━━━━━━━━━━━━━━━━━━━━━━   
[INFO] [1775739099.279395, 52.813000]: 帧 527: 检测到 10 个目标
[INFO] [1775739099.288482, 52.903000]: 转换得到 118780 个点
Inference ━━━━━━━━━━━━━━━━━━━━━━━━━━━━━━━━━━━━━━━━   
[INFO] [1775739099.317671, 52.913000]: 帧 528: 检测到 10 个目标
[INFO] [1775739099.326905, 53.003000]: 转换得到 118889 个点
Inference ━━━━━━━━━━━━━━━━━━━━━━━━━━━━━━━━━━━━━━━━   
[INFO] [1775739099.356057, 53.013000]: 帧 529: 检测到 8 个目标
[INFO] [1775739099.365163, 53.103000]: 转换得到 119401 个点
Inference ━━━━━━━━━━━━━━━━━━━━━━━━━━━━━━━━━━━━━━━━   
[INFO] [1775739099.398447, 53.115000]: 帧 530: 检测到 9 个目标
[INFO] [1775739099.410762, 53.203000]: 转换得到 119599 个点
Inference ━━━━━━━━━━━━━━━━━━━━━━━━━━━━━━━━━━━━━━━━   
[INFO] [1775739099.441742, 53.215000]: 帧 531: 检测到 9 个目标
[INFO] [1775739099.454484, 53.303000]: 转换得到 119890 个点
Inference ━━━━━━━━━━━━━━━━━━━━━━━━━━━━━━━━━━━━━━━━   
[INFO] [1775739099.488012, 53.315000]: 帧 532: 检测到 11 个目标
[INFO] [1775739099.499282, 53.403000]: 转换得到 120139 个点
Inference ━━━━━━━━━━━━━━━━━━━━━━━━━━━━━━━━━━━━━━━━   
[INFO] [1775739099.528008, 53.413000]: 帧 533: 检测到 9 个目标
[INFO] [1775739099.535954, 53.503000]: 转换得到 120296 个点
Inference ━━━━━━━━━━━━━━━━━━━━━━━━━━━━━━━━━━━━━━━━   
[INFO] [1775739095.922329, 44.701000]: [offline_bag_feeder] frame=448 lidar stamp=44.701000
[INFO] [1775739095.960082, 44.801000]: [offline_bag_feeder] frame=449 lidar stamp=44.801000
[INFO] [1775739096.011487, 44.901000]: [offline_bag_feeder] frame=450 lidar stamp=44.901000
[INFO] [1775739096.049707, 45.001000]: [offline_bag_feeder] frame=451 lidar stamp=45.001000
[INFO] [1775739096.089103, 45.101000]: [offline_bag_feeder] frame=452 lidar stamp=45.101000
[INFO] [1775739096.132589, 45.201000]: [offline_bag_feeder] frame=453 lidar stamp=45.201000
[INFO] [1775739096.169645, 45.301000]: [offline_bag_feeder] frame=454 lidar stamp=45.301000
[INFO] [1775739096.206325, 45.401000]: [offline_bag_feeder] frame=455 lidar stamp=45.401000
[INFO] [1775739096.248348, 45.501000]: [offline_bag_feeder] frame=456 lidar stamp=45.501000
[INFO] [1775739096.285954, 45.601000]: [offline_bag_feeder] frame=457 lidar stamp=45.601000
[INFO] [1775739096.327877, 45.701000]: [offline_bag_feeder] frame=458 lidar stamp=45.701000
[INFO] [1775739096.364872, 45.801000]: [offline_bag_feeder] frame=459 lidar stamp=45.801000
[INFO] [1775739096.407365, 45.901000]: [offline_bag_feeder] frame=460 lidar stamp=45.901000
[INFO] [1775739096.449318, 46.001000]: [offline_bag_feeder] frame=461 lidar stamp=46.001000
[INFO] [1775739096.491271, 46.101000]: [offline_bag_feeder] frame=462 lidar stamp=46.101000
[INFO] [1775739096.528832, 46.201000]: [offline_bag_feeder] frame=463 lidar stamp=46.201000
[INFO] [1775739096.566128, 46.301000]: [offline_bag_feeder] frame=464 lidar stamp=46.301000
[INFO] [1775739096.603223, 46.401000]: [offline_bag_feeder] frame=465 lidar stamp=46.401000
[INFO] [1775739096.641446, 46.501000]: [offline_bag_feeder] frame=466 lidar stamp=46.501000
[INFO] [1775739096.684504, 46.601000]: [offline_bag_feeder] frame=467 lidar stamp=46.601000
[INFO] [1775739096.721925, 46.701000]: [offline_bag_feeder] frame=468 lidar stamp=46.701000
[INFO] [1775739096.759417, 46.801000]: [offline_bag_feeder] frame=469 lidar stamp=46.801000
[INFO] [1775739096.797259, 46.901000]: [offline_bag_feeder] frame=470 lidar stamp=46.901000
[INFO] [1775739096.841275, 47.001000]: [offline_bag_feeder] frame=471 lidar stamp=47.001000
[INFO] [1775739096.883256, 47.101000]: [offline_bag_feeder] frame=472 lidar stamp=47.101000
[INFO] [1775739096.919988, 47.113000]: [offline_bag_feeder] frame=473 lidar stamp=47.201000
[INFO] [1775739096.962598, 47.301000]: [offline_bag_feeder] frame=474 lidar stamp=47.301000
[INFO] [1775739097.011177, 47.401000]: [offline_bag_feeder] frame=475 lidar stamp=47.401000
[INFO] [1775739097.047071, 47.501000]: [offline_bag_feeder] frame=476 lidar stamp=47.501000
[INFO] [1775739097.084670, 47.601000]: [offline_bag_feeder] frame=477 lidar stamp=47.601000
[INFO] [1775739097.127778, 47.701000]: [offline_bag_feeder] frame=478 lidar stamp=47.701000
[INFO] [1775739097.177717, 47.801000]: [offline_bag_feeder] frame=479 lidar stamp=47.801000
[INFO] [1775739097.217593, 47.901000]: [offline_bag_feeder] frame=480 lidar stamp=47.901000
[INFO] [1775739097.254752, 48.001000]: [offline_bag_feeder] frame=481 lidar stamp=48.001000
[INFO] [1775739097.296826, 48.101000]: [offline_bag_feeder] frame=482 lidar stamp=48.101000
[INFO] [1775739097.334466, 48.201000]: [offline_bag_feeder] frame=483 lidar stamp=48.201000
[INFO] [1775739097.371905, 48.301000]: [offline_bag_feeder] frame=484 lidar stamp=48.301000
[INFO] [1775739097.419510, 48.401000]: [offline_bag_feeder] frame=485 lidar stamp=48.401000
[INFO] [1775739097.457034, 48.501000]: [offline_bag_feeder] frame=486 lidar stamp=48.501000
[INFO] [1775739097.500405, 48.601000]: [offline_bag_feeder] frame=487 lidar stamp=48.601000
[INFO] [1775739097.537345, 48.701000]: [offline_bag_feeder] frame=488 lidar stamp=48.701000
[INFO] [1775739097.581285, 48.801000]: [offline_bag_feeder] frame=489 lidar stamp=48.801000
[INFO] [1775739097.630698, 48.901000]: [offline_bag_feeder] frame=490 lidar stamp=48.901000
[INFO] [1775739097.668059, 49.001000]: [offline_bag_feeder] frame=491 lidar stamp=49.001000
[INFO] [1775739097.706518, 49.101000]: [offline_bag_feeder] frame=492 lidar stamp=49.101000
[INFO] [1775739097.744338, 49.201000]: [offline_bag_feeder] frame=493 lidar stamp=49.201000
[INFO] [1775739097.782777, 49.301000]: [offline_bag_feeder] frame=494 lidar stamp=49.301000
[INFO] [1775739097.825948, 49.401000]: [offline_bag_feeder] frame=495 lidar stamp=49.401000
[INFO] [1775739097.870170, 49.501000]: [offline_bag_feeder] frame=496 lidar stamp=49.501000
[INFO] [1775739097.907974, 49.601000]: [offline_bag_feeder] frame=497 lidar stamp=49.601000
[INFO] [1775739097.945410, 49.701000]: [offline_bag_feeder] frame=498 lidar stamp=49.701000
[INFO] [1775739097.991253, 49.801000]: [offline_bag_feeder] frame=499 lidar stamp=49.801000
[INFO] [1775739098.033879, 49.901000]: [offline_bag_feeder] frame=500 lidar stamp=49.901000
[INFO] [1775739098.077909, 50.001000]: [offline_bag_feeder] frame=501 lidar stamp=50.001000
[INFO] [1775739098.120891, 50.101000]: [offline_bag_feeder] frame=502 lidar stamp=50.101000
[INFO] [1775739098.159277, 50.201000]: [offline_bag_feeder] frame=503 lidar stamp=50.201000
[INFO] [1775739098.197917, 50.301000]: [offline_bag_feeder] frame=504 lidar stamp=50.301000
[INFO] [1775739098.235634, 50.401000]: [offline_bag_feeder] frame=505 lidar stamp=50.401000
[INFO] [1775739098.274561, 50.501000]: [offline_bag_feeder] frame=506 lidar stamp=50.501000
[INFO] [1775739098.312633, 50.601000]: [offline_bag_feeder] frame=507 lidar stamp=50.601000
[INFO] [1775739098.350250, 50.701000]: [offline_bag_feeder] frame=508 lidar stamp=50.701000
[INFO] [1775739098.391578, 50.801000]: [offline_bag_feeder] frame=509 lidar stamp=50.801000
[INFO] [1775739098.432903, 50.901000]: [offline_bag_feeder] frame=510 lidar stamp=50.901000
[INFO] [1775739098.476062, 51.001000]: [offline_bag_feeder] frame=511 lidar stamp=51.001000
[INFO] [1775739098.512719, 51.101000]: [offline_bag_feeder] frame=512 lidar stamp=51.101000
[INFO] [1775739098.550685, 51.201000]: [offline_bag_feeder] frame=513 lidar stamp=51.201000
[INFO] [1775739098.595021, 51.301000]: [offline_bag_feeder] frame=514 lidar stamp=51.301000
[INFO] [1775739098.637277, 51.401000]: [offline_bag_feeder] frame=515 lidar stamp=51.401000
[INFO] [1775739098.680861, 51.501000]: [offline_bag_feeder] frame=516 lidar stamp=51.501000
[INFO] [1775739098.717788, 51.601000]: [offline_bag_feeder] frame=517 lidar stamp=51.601000
[INFO] [1775739098.761085, 51.701000]: [offline_bag_feeder] frame=518 lidar stamp=51.701000
[INFO] [1775739098.804094, 51.801000]: [offline_bag_feeder] frame=519 lidar stamp=51.801000
[INFO] [1775739098.848349, 51.901000]: [offline_bag_feeder] frame=520 lidar stamp=51.901000
[INFO] [1775739098.891124, 52.001000]: [offline_bag_feeder] frame=521 lidar stamp=52.001000
[INFO] [1775739098.933314, 52.101000]: [offline_bag_feeder] frame=522 lidar stamp=52.101000
[INFO] [1775739098.978742, 52.201000]: [offline_bag_feeder] frame=523 lidar stamp=52.201000
[INFO] [1775739099.022464, 52.301000]: [offline_bag_feeder] frame=524 lidar stamp=52.301000
[INFO] [1775739099.065820, 52.401000]: [offline_bag_feeder] frame=525 lidar stamp=52.401000
[INFO] [1775739099.109267, 52.501000]: [offline_bag_feeder] frame=526 lidar stamp=52.501000
[INFO] [1775739099.158307, 52.601000]: [offline_bag_feeder] frame=527 lidar stamp=52.601000
[INFO] [1775739099.203715, 52.701000]: [offline_bag_feeder] frame=528 lidar stamp=52.701000
[INFO] [1775739099.247096, 52.801000]: [offline_bag_feeder] frame=529 lidar stamp=52.801000
[INFO] [1775739099.285914, 52.901000]: [offline_bag_feeder] frame=530 lidar stamp=52.901000
[INFO] [1775739099.324597, 53.001000]: [offline_bag_feeder] frame=531 lidar stamp=53.001000
[INFO] [1775739099.361876, 53.101000]: [offline_bag_feeder] frame=532 lidar stamp=53.101000
[INFO] [1775739099.407012, 53.201000]: [offline_bag_feeder] frame=533 lidar stamp=53.201000
[INFO] [1775739099.450898, 53.301000]: [offline_bag_feeder] frame=534 lidar stamp=53.301000
[INFO] [1775739099.495372, 53.401000]: [offline_bag_feeder] frame=535 lidar stamp=53.401000
[INFO] [1775739099.533563, 53.501000]: [offline_bag_feeder] frame=536 lidar stamp=53.501000
[INFO] [1775739099.570056, 53.601000]: [offline_bag_feeder] frame=537 lidar stamp=53.601000
[INFO] [1775739099.566840, 53.513000]: 帧 534: 检测到 10 个目标
[INFO] [1775739099.572196, 53.603000]: 转换得到 120050 个点
Inference ━━━━━━━━━━━━━━━━━━━━━━━━━━━━━━━━━━━━━━━━   
[WARN] [1775739099.608558, 53.615000]: 待处理检测结果积压过多，已丢弃最旧的一帧
[INFO] [1775739099.608155, 53.615000]: 帧 535: 检测到 10 个目标
[INFO] [1775739099.614481, 53.703000]: 转换得到 119967 个点
Inference ━━━━━━━━━━━━━━━━━━━━━━━━━━━━━━━━━━━━━━━━   
[INFO] [1775739099.649145, 53.715000]: 帧 536: 检测到 8 个目标
[INFO] [1775739099.658176, 53.803000]: 转换得到 120028 个点
Inference ━━━━━━━━━━━━━━━━━━━━━━━━━━━━━━━━━━━━━━━━   
[INFO] [1775739099.693309, 53.815000]: 帧 537: 检测到 9 个目标
[INFO] [1775739099.705923, 53.903000]: 转换得到 120168 个点
Inference ━━━━━━━━━━━━━━━━━━━━━━━━━━━━━━━━━━━━━━━━   
.019802 icp: 0.012353 construct H: 0.000178 
[ mapping ]: time: IMU + Map + Input Downsample: 0.004556 ave match: 0.011562 ave solve: 0.000759  ave ICP: 0.011464  map incre: 0.003959 ave total: 0.019802 icp: 0.012352 construct H: 0.000178 
[ mapping ]: time: IMU + Map + Input Downsample: 0.004049 ave match: 0.011555 ave solve: 0.000759  ave ICP: 0.008996  map incre: 0.002658 ave total: 0.019794 icp: 0.012345 construct H: 0.000178 
[ mapping ]: time: IMU + Map + Input Downsample: 0.004237 ave match: 0.011554 ave solve: 0.000759  ave ICP: 0.011533  map incre: 0.002650 ave total: 0.019791 icp: 0.012343 construct H: 0.000178 
[ mapping ]: time: IMU + Map + Input Downsample: 0.003964 ave match: 0.011554 ave solve: 0.000758  ave ICP: 0.012644  map incre: 0.002773 ave total: 0.019791 icp: 0.012343 construct H: 0.000178 
[ mapping ]: time: IMU + Map + Input Downsample: 0.005794 ave match: 0.011558 ave solve: 0.000759  ave ICP: 0.014400  map incre: 0.003670 ave total: 0.019799 icp: 0.012347 construct H: 0.000178 
[ mapping ]: time: IMU + Map + Input Downsample: 0.005698 ave match: 0.011562 ave solve: 0.000759  ave ICP: 0.014518  map incre: 0.004073 ave total: 0.019807 icp: 0.012351 construct H: 0.000178 
[ mapping ]: time: IMU + Map + Input Downsample: 0.005739 ave match: 0.011566 ave solve: 0.000760  ave ICP: 0.014830  map incre: 0.004057 ave total: 0.019817 icp: 0.012356 construct H: 0.000178 
[ mapping ]: time: IMU + Map + Input Downsample: 0.005826 ave match: 0.011570 ave solve: 0.000760  ave ICP: 0.015102  map incre: 0.004821 ave total: 0.019828 icp: 0.012361 construct H: 0.000178 
[ mapping ]: time: IMU + Map + Input Downsample: 0.003959 ave match: 0.011575 ave solve: 0.000760  ave ICP: 0.014828  map incre: 0.002506 ave total: 0.019831 icp: 0.012366 construct H: 0.000178 
[ mapping ]: time: IMU + Map + Input Downsample: 0.004154 ave match: 0.011578 ave solve: 0.000760  ave ICP: 0.013903  map incre: 0.002352 ave total: 0.019832 icp: 0.012369 construct H: 0.000178 
[ mapping ]: time: IMU + Map + Input Downsample: 0.005804 ave match: 0.011583 ave solve: 0.000760  ave ICP: 0.014912  map incre: 0.004089 ave total: 0.019842 icp: 0.012374 construct H: 0.000178 
[ mapping ]: time: IMU + Map + Input Downsample: 0.005910 ave match: 0.011587 ave solve: 0.000761  ave ICP: 0.015004  map incre: 0.003438 ave total: 0.019851 icp: 0.012378 construct H: 0.000178 
[ mapping ]: time: IMU + Map + Input Downsample: 0.004676 ave match: 0.011590 ave solve: 0.000760  ave ICP: 0.013874  map incre: 0.003098 ave total: 0.019854 icp: 0.012381 construct H: 0.000178 
[ mapping ]: time: IMU + Map + Input Downsample: 0.005938 ave match: 0.011592 ave solve: 0.000760  ave ICP: 0.013081  map incre: 0.002076 ave total: 0.019857 icp: 0.012382 construct H: 0.000178 
[ mapping ]: time: IMU + Map + Input Downsample: 0.004018 ave match: 0.011595 ave solve: 0.000760  ave ICP: 0.014061  map incre: 0.002318 ave total: 0.019858 icp: 0.012386 construct H: 0.000178 
[ mapping ]: time: IMU + Map + Input Downsample: 0.005776 ave match: 0.011598 ave solve: 0.000761  ave ICP: 0.014572  map incre: 0.003817 ave total: 0.019866 icp: 0.012390 construct H: 0.000178 
[ mapping ]: time: IMU + Map + Input Downsample: 0.004142 ave match: 0.011596 ave solve: 0.000761  ave ICP: 0.011339  map incre: 0.002067 ave total: 0.019861 icp: 0.012387 construct H: 0.000178 
[ mapping ]: time: IMU + Map + Input Downsample: 0.004001 ave match: 0.011591 ave solve: 0.000760  ave ICP: 0.009642  map incre: 0.008377 ave total: 0.019866 icp: 0.012382 construct H: 0.000178 
[ mapping ]: time: IMU + Map + Input Downsample: 0.004047 ave match: 0.011590 ave solve: 0.000760  ave ICP: 0.011709  map incre: 0.001870 ave total: 0.019861 icp: 0.012381 construct H: 0.000178 
[ mapping ]: time: IMU + Map + Input Downsample: 0.004026 ave match: 0.011590 ave solve: 0.000760  ave ICP: 0.012893  map incre: 0.002127 ave total: 0.019860 icp: 0.012381 construct H: 0.000178 
[ mapping ]: time: IMU + Map + Input Downsample: 0.004075 ave match: 0.011591 ave solve: 0.000760  ave ICP: 0.012510  map incre: 0.001886 ave total: 0.[INFO] [1775739099.735348, 53.913000]: 帧 538: 检测到 9 个目标
[INFO] [1775739099.747221, 54.003000]: 转换得到 120356 个点
Inference ━━━━━━━━━━━━━━━━━━━━━━━━━━━━━━━━━━━━━━━━   
[INFO] [1775739099.776306, 54.013000]: 帧 539: 检测到 9 个目标
[INFO] [1775739099.779611, 54.101000]: PointPillars计时汇总(20帧均值): 点云解析=1.8ms, 临时落盘=0.8ms, 模型推理=28.8ms, 结果提取=0.1ms, 清理临时文件=0.5ms, 相机坐标转换=0.9ms, 发布Detection3DArray=0.1ms, 发布MarkerArray=0.3ms, 发布KITTI串=0.1ms, 发布LiDAR串=0.0ms, 纯计算总耗时=34.2ms, 限速休眠=1.1ms, 墙钟总耗时=35.3ms
[INFO] [1775739099.784361, 54.103000]: 转换得到 120242 个点
Inference ━━━━━━━━━━━━━━━━━━━━━━━━━━━━━━━━━━━━━━━━   
[INFO] [1775739099.816770, 54.115000]: 帧 540: 检测到 9 个目标
[INFO] [1775739099.829273, 54.203000]: 转换得到 120395 个点
Inference ━━━━━━━━━━━━━━━━━━━━━━━━━━━━━━━━━━━━━━━━   
[INFO] [1775739099.861110, 54.215000]: 帧 541: 检测到 10 个目标
[INFO] [1775739099.871341, 54.303000]: 转换得到 120483 个点
Inference ━━━━━━━━━━━━━━━━━━━━━━━━━━━━━━━━━━━━━━━━   
[INFO] [1775739099.901077, 54.313000]: 帧 542: 检测到 10 个目标
[INFO] [1775739099.907871, 54.403000]: 转换得到 120661 个点
Inference ━━━━━━━━━━━━━━━━━━━━━━━━━━━━━━━━━━━━━━━━   
[INFO] [1775739099.938055, 54.413000]: 帧 543: 检测到 10 个目标
[INFO] [1775739099.945120, 54.503000]: 转换得到 120195 个点
Inference ━━━━━━━━━━━━━━━━━━━━━━━━━━━━━━━━━━━━━━━━   
[INFO] [1775739099.973711, 54.513000]: 帧 544: 检测到 10 个目标
[INFO] [1775739099.982760, 54.603000]: 转换得到 120067 个点
Inference ━━━━━━━━━━━━━━━━━━━━━━━━━━━━━━━━━━━━━━━━   
[INFO] [1775739100.012934, 54.613000]: 帧 545: 检测到 10 个目标
[INFO] [1775739100.019134, 54.703000]: 转换得到 120000 个点
Inference ━━━━━━━━━━━━━━━━━━━━━━━━━━━━━━━━━━━━━━━━   
[INFO] [1775739100.050199, 54.713000]: 帧 546: 检测到 9 个目标
[INFO] [1775739100.059406, 54.803000]: 转换得到 119279 个点
Inference ━━━━━━━━━━━━━━━━━━━━━━━━━━━━━━━━━━━━━━━━   
[INFO] [1775739100.090182, 54.813000]: 帧 547: 检测到 10 个目标
[INFO] [1775739100.101387, 54.903000]: 转换得到 118666 个点
Inference ━━━━━━━━━━━━━━━━━━━━━━━━━━━━━━━━━━━━━━━━   
[INFO] [1775739100.131300, 54.913000]: 帧 548: 检测到 9 个目标
[INFO] [1775739100.137887, 55.003000]: 转换得到 117777 个点
Inference ━━━━━━━━━━━━━━━━━━━━━━━━━━━━━━━━━━━━━━━━   
[INFO] [1775739100.186724, 55.021000]: 帧 549: 检测到 9 个目标
[INFO] [1775739100.197929, 55.103000]: 转换得到 117256 个点
Inference ━━━━━━━━━━━━━━━━━━━━━━━━━━━━━━━━━━━━━━━━   
[WARN] [1775739100.273034, 55.213000]: 等待与检测时间戳对齐的位姿超时，回退使用最新 FAST-LIO 位姿
[INFO] [1775739100.233021, 55.115000]: 帧 550: 检测到 10 个目标
[INFO] [1775739100.246355, 55.203000]: 转换得到 116732 个点
Inference ━━━━━━━━━━━━━━━━━━━━━━━━━━━━━━━━━━━━━━━━   
[INFO] [1775739100.281235, 55.215000]: 帧 551: 检测到 11 个目标
[INFO] [1775739100.292396, 55.303000]: 转换得到 116357 个点
Inference ━━━━━━━━━━━━━━━━━━━━━━━━━━━━━━━━━━━━━━━━   
[INFO] [1775739100.325517, 55.315000]: 帧 552: 检测到 11 个目标
[INFO] [1775739100.332999, 55.403000]: 转换得到 115773 个点
Inference ━━━━━━━━━━━━━━━━━━━━━━━━━━━━━━━━━━━━━━━━   
[INFO] [1775739100.362388, 55.413000]: 帧 553: 检测到 9 个目标
[INFO] [1775739100.369490, 55.503000]: 转换得到 114905 个点
Inference ━━━━━━━━━━━━━━━━━━━━━━━━━━━━━━━━━━━━━━━━   
[INFO] [1775739100.402743, 55.513000]: 帧 554: 检测到 9 个目标
[INFO] [1775739100.413867, 55.603000]: 转换得到 114402 个点
Inference ━━━━━━━━━━━━━━━━━━━━━━━━━━━━━━━━━━━━━━━━   
[INFO] [1775739100.441130, 55.613000]: 帧 555: 检测到 10 个目标
[INFO] [1775739100.454066, 55.703000]: 转换得到 114006 个点
Inference ━━━━━━━━━━━━━━━━━━━━━━━━━━━━━━━━━━━━━━━━   
[INFO] [1775739100.483142, 55.713000]: 帧 556: 检测到 10 个目标
[INFO] [1775739100.490827, 55.803000]: 转换得到 113743 个点
Inference ━━━━━━━━━━━━━━━━━━━━━━━━━━━━━━━━━━━━━━━━   
[INFO] [1775739100.518350, 55.813000]: 帧 557: 检测到 11 个目标
[INFO] [1775739100.528721, 55.903000]: 转换得到 114026 个点
Inference ━━━━━━━━━━━━━━━━━━━━━━━━━━━━━━━━━━━━━━━━   
[INFO] [1775739100.559727, 55.913000]: 帧 558: 检测到 10 个目标
[INFO] [1775739100.570389, 56.003000]: 转换得到 114380 个点
Inference ━━━━━━━━━━━━━━━━━━━━━━━━━━━━━━━━━━━━━━━━   
019857 icp: 0.012381 construct H: 0.000178 
[ mapping ]: time: IMU + Map + Input Downsample: 0.004025 ave match: 0.011591 ave solve: 0.000760  ave ICP: 0.012322  map incre: 0.001867 ave total: 0.019854 icp: 0.012381 construct H: 0.000178 
[ mapping ]: time: IMU + Map + Input Downsample: 0.005807 ave match: 0.011590 ave solve: 0.000760  ave ICP: 0.012527  map incre: 0.002695 ave total: 0.019856 icp: 0.012381 construct H: 0.000178 
[ mapping ]: time: IMU + Map + Input Downsample: 0.005909 ave match: 0.011589 ave solve: 0.000761  ave ICP: 0.012207  map incre: 0.002908 ave total: 0.019858 icp: 0.012381 construct H: 0.000179 
[ mapping ]: time: IMU + Map + Input Downsample: 0.005810 ave match: 0.011588 ave solve: 0.000761  ave ICP: 0.011707  map incre: 0.002913 ave total: 0.019860 icp: 0.012379 construct H: 0.000179 
[ mapping ]: time: IMU + Map + Input Downsample: 0.005876 ave match: 0.011585 ave solve: 0.000761  ave ICP: 0.011172  map incre: 0.002730 ave total: 0.019859 icp: 0.012377 construct H: 0.000179 
[ mapping ]: time: IMU + Map + Input Downsample: 0.005825 ave match: 0.011582 ave solve: 0.000761  ave ICP: 0.010848  map incre: 0.002921 ave total: 0.019859 icp: 0.012374 construct H: 0.000179 
[ mapping ]: time: IMU + Map + Input Downsample: 0.005813 ave match: 0.011578 ave solve: 0.000761  ave ICP: 0.010464  map incre: 0.002625 ave total: 0.019857 icp: 0.012370 construct H: 0.000179 
[ mapping ]: time: IMU + Map + Input Downsample: 0.005715 ave match: 0.011575 ave solve: 0.000761  ave ICP: 0.010823  map incre: 0.003065 ave total: 0.019857 icp: 0.012367 construct H: 0.000179 
[ mapping ]: time: IMU + Map + Input Downsample: 0.005829 ave match: 0.011572 ave solve: 0.000762  ave ICP: 0.011212  map incre: 0.002701 ave total: 0.019856 icp: 0.012365 construct H: 0.000179 
[ mapping ]: time: IMU + Map + Input Downsample: 0.005953 ave match: 0.011572 ave solve: 0.000762  ave ICP: 0.012426  map incre: 0.003556 ave total: 0.019860 icp: 0.012365 construct H: 0.000179 
[ mapping ]: time: IMU + Map + Input Downsample: 0.005664 ave match: 0.011573 ave solve: 0.000763  ave ICP: 0.013397  map incre: 0.003161 ave total: 0.019865 icp: 0.012366 construct H: 0.000179 
[ mapping ]: time: IMU + Map + Input Downsample: 0.005443 ave match: 0.011574 ave solve: 0.000763  ave ICP: 0.013403  map incre: 0.004022 ave total: 0.019870 icp: 0.012368 construct H: 0.000179 
[ mapping ]: time: IMU + Map + Input Downsample: 0.005760 ave match: 0.011575 ave solve: 0.000763  ave ICP: 0.013022  map incre: 0.003996 ave total: 0.019876 icp: 0.012369 construct H: 0.000179 
[ mapping ]: time: IMU + Map + Input Downsample: 0.005654 ave match: 0.011574 ave solve: 0.000763  ave ICP: 0.011897  map incre: 0.002067 ave total: 0.019875 icp: 0.012368 construct H: 0.000179 
[ mapping ]: time: IMU + Map + Input Downsample: 0.003835 ave match: 0.011574 ave solve: 0.000763  ave ICP: 0.012630  map incre: 0.002944 ave total: 0.019874 icp: 0.012368 construct H: 0.000179 
[ mapping ]: time: IMU + Map + Input Downsample: 0.003854 ave match: 0.011574 ave solve: 0.000763  ave ICP: 0.012170  map incre: 0.001728 ave total: 0.019870 icp: 0.012368 construct H: 0.000179 
[ mapping ]: time: IMU + Map + Input Downsample: 0.005726 ave match: 0.011576 ave solve: 0.000764  ave ICP: 0.013730  map incre: 0.002938 ave total: 0.019875 icp: 0.012370 construct H: 0.000179 
[ mapping ]: time: IMU + Map + Input Downsample: 0.005646 ave match: 0.011578 ave solve: 0.000764  ave ICP: 0.014115  map incre: 0.003326 ave total: 0.019881 icp: 0.012373 construct H: 0.000179 
[ mapping ]: time: IMU + Map + Input Downsample: 0.003814 ave match: 0.011580 ave solve: 0.000764  ave ICP: 0.013461  map incre: 0.002479 ave total: 0.019881 icp: 0.012375 construct H: 0.000179 
[ mapping ]: time: IMU + Map + Input Downsample: 0.003774 ave match: 0.011583 ave solve: 0.000764  ave ICP: 0.013712  map incre: 0.002864 ave total: 0.019882 icp: 0.012378 construct H: 0.000179 
[ mapping ]: time: IMU + Map + Input Downsample: 0.005600 ave match: 0.011586 ave solve: 0.000765  ave ICP: 0.014443  map incre: 0.005433 ave total: 0.0[INFO] [1775739100.598020, 56.013000]: 帧 559: 检测到 9 个目标
[INFO] [1775739100.605328, 56.101000]: PointPillars计时汇总(20帧均值): 点云解析=1.7ms, 临时落盘=0.8ms, 模型推理=28.4ms, 结果提取=0.1ms, 清理临时文件=0.2ms, 相机坐标转换=0.8ms, 发布Detection3DArray=0.1ms, 发布MarkerArray=0.3ms, 发布KITTI串=0.1ms, 发布LiDAR串=0.0ms, 纯计算总耗时=33.3ms, 限速休眠=1.3ms, 墙钟总耗时=34.6ms
[INFO] [1775739100.610021, 56.103000]: 转换得到 114935 个点
Inference ━━━━━━━━━━━━━━━━━━━━━━━━━━━━━━━━━━━━━━━━   
[INFO] [1775739100.643413, 56.115000]: 帧 560: 检测到 10 个目标
[INFO] [1775739100.652750, 56.203000]: 转换得到 115338 个点
Inference ━━━━━━━━━━━━━━━━━━━━━━━━━━━━━━━━━━━━━━━━   
[INFO] [1775739100.687883, 56.215000]: 帧 561: 检测到 9 个目标
[INFO] [1775739100.697616, 56.303000]: 转换得到 116315 个点
Inference ━━━━━━━━━━━━━━━━━━━━━━━━━━━━━━━━━━━━━━━━   
[INFO] [1775739100.727194, 56.313000]: 帧 562: 检测到 8 个目标
[INFO] [1775739100.734481, 56.403000]: 转换得到 117384 个点
Inference ━━━━━━━━━━━━━━━━━━━━━━━━━━━━━━━━━━━━━━━━   
[INFO] [1775739100.768294, 56.415000]: 帧 563: 检测到 8 个目标
[INFO] [1775739100.775375, 56.503000]: 转换得到 118097 个点
Inference ━━━━━━━━━━━━━━━━━━━━━━━━━━━━━━━━━━━━━━━━   
[INFO] [1775739100.806571, 56.513000]: 帧 564: 检测到 9 个目标
[INFO] [1775739100.821489, 56.603000]: 转换得到 118731 个点
Inference ━━━━━━━━━━━━━━━━━━━━━━━━━━━━━━━━━━━━━━━━   
[INFO] [1775739100.849227, 56.613000]: 帧 565: 检测到 10 个目标
[INFO] [1775739100.859348, 56.703000]: 转换得到 119179 个点
Inference ━━━━━━━━━━━━━━━━━━━━━━━━━━━━━━━━━━━━━━━━   
[INFO] [1775739100.889822, 56.713000]: 帧 566: 检测到 9 个目标
[INFO] [1775739100.896154, 56.803000]: 转换得到 118945 个点
Inference ━━━━━━━━━━━━━━━━━━━━━━━━━━━━━━━━━━━━━━━━   
[INFO] [1775739100.926276, 56.813000]: 帧 567: 检测到 9 个目标
[INFO] [1775739100.934358, 56.903000]: 转换得到 118963 个点
Inference ━━━━━━━━━━━━━━━━━━━━━━━━━━━━━━━━━━━━━━━━   
[INFO] [1775739100.963775, 56.913000]: 帧 568: 检测到 9 个目标
[INFO] [1775739100.981823, 57.003000]: 转换得到 118688 个点
Inference ━━━━━━━━━━━━━━━━━━━━━━━━━━━━━━━━━━━━━━━━   
[INFO] [1775739101.019075, 57.015000]: 帧 569: 检测到 9 个目标
[INFO] [1775739101.031549, 57.103000]: 转换得到 118589 个点
Inference ━━━━━━━━━━━━━━━━━━━━━━━━━━━━━━━━━━━━━━━━   
[INFO] [1775739101.062641, 57.113000]: 帧 570: 检测到 9 个目标
[INFO] [1775739101.074227, 57.203000]: 转换得到 118617 个点
Inference ━━━━━━━━━━━━━━━━━━━━━━━━━━━━━━━━━━━━━━━━   
[INFO] [1775739101.107347, 57.213000]: 帧 571: 检测到 11 个目标
[INFO] [1775739101.119127, 57.303000]: 转换得到 118690 个点
Inference ━━━━━━━━━━━━━━━━━━━━━━━━━━━━━━━━━━━━━━━━   
[INFO] [1775739101.147244, 57.313000]: 帧 572: 检测到 9 个目标
[INFO] [1775739101.156278, 57.403000]: 转换得到 118734 个点
Inference ━━━━━━━━━━━━━━━━━━━━━━━━━━━━━━━━━━━━━━━━   
[INFO] [1775739101.187388, 57.413000]: 帧 573: 检测到 10 个目标
[INFO] [1775739101.194615, 57.503000]: 转换得到 118916 个点
Inference ━━━━━━━━━━━━━━━━━━━━━━━━━━━━━━━━━━━━━━━━   
[INFO] [1775739101.222500, 57.513000]: 帧 574: 检测到 10 个目标
[INFO] [1775739101.230456, 57.603000]: 转换得到 119014 个点
Inference ━━━━━━━━━━━━━━━━━━━━━━━━━━━━━━━━━━━━━━━━   
[INFO] [1775739101.263908, 57.615000]: 帧 575: 检测到 11 个目标
[INFO] [1775739101.273196, 57.703000]: 转换得到 119122 个点
Inference ━━━━━━━━━━━━━━━━━━━━━━━━━━━━━━━━━━━━━━━━   
[INFO] [1775739101.304501, 57.713000]: 帧 576: 检测到 10 个目标
[INFO] [1775739101.315724, 57.803000]: 转换得到 118922 个点
Inference ━━━━━━━━━━━━━━━━━━━━━━━━━━━━━━━━━━━━━━━━   
[INFO] [1775739101.348661, 57.815000]: 帧 577: 检测到 10 个目标
[INFO] [1775739101.358650, 57.903000]: 转换得到 118615 个点
Inference ━━━━━━━━━━━━━━━━━━━━━━━━━━━━━━━━━━━━━━━━   
[INFO] [1775739101.389576, 57.913000]: 帧 578: 检测到 11 个目标
[INFO] [1775739101.399894, 58.003000]: 转换得到 118577 个点
Inference ━━━━━━━━━━━━━━━━━━━━━━━━━━━━━━━━━━━━━━━━   
[INFO] [1775739101.430475, 58.013000]: 帧 579: 检测到 10 个目标
[INFO] [1775739101.431417, 58.015000]: PointPillars计时汇总(20帧均值): 点云解析=1.7ms, 临时落盘=0.7ms, 模型推理=28.3ms, 结果提取=0.1ms, 清理临时文件=0.2ms, 相机坐标转换=0.8ms, 发布Detection3DArray=0.1ms, 发布MarkerArray=0.3ms, 发布KITTI串=0.1ms, 发布LiDAR串=0.0ms, 纯计算总耗时=33.2ms, 限速休眠=0.8ms, 墙钟总耗时=34.0ms
[INFO] [1775739101.441940, 58.103000]: 转换得到 118634 个点
Inference ━━━━━━━━━━━━━━━━━━━━━━━━━━━━━━━━━━━━━━━━   
19892 icp: 0.012381 construct H: 0.000179 
[ mapping ]: time: IMU + Map + Input Downsample: 0.005536 ave match: 0.011588 ave solve: 0.000765  ave ICP: 0.014137  map incre: 0.002871 ave total: 0.019897 icp: 0.012384 construct H: 0.000179 
[ mapping ]: time: IMU + Map + Input Downsample: 0.005709 ave match: 0.011591 ave solve: 0.000766  ave ICP: 0.014596  map incre: 0.002995 ave total: 0.019903 icp: 0.012388 construct H: 0.000180 
[ mapping ]: time: IMU + Map + Input Downsample: 0.004363 ave match: 0.011593 ave solve: 0.000766  ave ICP: 0.013532  map incre: 0.002228 ave total: 0.019903 icp: 0.012390 construct H: 0.000180 
[ mapping ]: time: IMU + Map + Input Downsample: 0.005133 ave match: 0.011598 ave solve: 0.000766  ave ICP: 0.015284  map incre: 0.003234 ave total: 0.019910 icp: 0.012395 construct H: 0.000180 
[ mapping ]: time: IMU + Map + Input Downsample: 0.005607 ave match: 0.011602 ave solve: 0.000767  ave ICP: 0.015033  map incre: 0.003480 ave total: 0.019918 icp: 0.012400 construct H: 0.000180 
[ mapping ]: time: IMU + Map + Input Downsample: 0.004039 ave match: 0.011606 ave solve: 0.000767  ave ICP: 0.014826  map incre: 0.002521 ave total: 0.019920 icp: 0.012404 construct H: 0.000180 
[ mapping ]: time: IMU + Map + Input Downsample: 0.003928 ave match: 0.011610 ave solve: 0.000767  ave ICP: 0.014655  map incre: 0.002519 ave total: 0.019923 icp: 0.012408 construct H: 0.000180 
[ mapping ]: time: IMU + Map + Input Downsample: 0.005849 ave match: 0.011615 ave solve: 0.000768  ave ICP: 0.015665  map incre: 0.003804 ave total: 0.019932 icp: 0.012414 construct H: 0.000180 
[ mapping ]: time: IMU + Map + Input Downsample: 0.005805 ave match: 0.011619 ave solve: 0.000768  ave ICP: 0.015452  map incre: 0.003441 ave total: 0.019941 icp: 0.012419 construct H: 0.000180 
[ mapping ]: time: IMU + Map + Input Downsample: 0.005767 ave match: 0.011624 ave solve: 0.000769  ave ICP: 0.015575  map incre: 0.003751 ave total: 0.019950 icp: 0.012424 construct H: 0.000180 
[ mapping ]: time: IMU + Map + Input Downsample: 0.005889 ave match: 0.011629 ave solve: 0.000770  ave ICP: 0.015491  map incre: 0.003714 ave total: 0.019959 icp: 0.012430 construct H: 0.000181 
[ mapping ]: time: IMU + Map + Input Downsample: 0.005882 ave match: 0.011634 ave solve: 0.000770  ave ICP: 0.015595  map incre: 0.003292 ave total: 0.019968 icp: 0.012435 construct H: 0.000181 
[ mapping ]: time: IMU + Map + Input Downsample: 0.005647 ave match: 0.011638 ave solve: 0.000771  ave ICP: 0.015201  map incre: 0.003081 ave total: 0.019975 icp: 0.012440 construct H: 0.000181 
[ mapping ]: time: IMU + Map + Input Downsample: 0.005708 ave match: 0.011643 ave solve: 0.000771  ave ICP: 0.015321  map incre: 0.003330 ave total: 0.019983 icp: 0.012445 construct H: 0.000181 
[ mapping ]: time: IMU + Map + Input Downsample: 0.005767 ave match: 0.011647 ave solve: 0.000772  ave ICP: 0.015542  map incre: 0.003223 ave total: 0.019991 icp: 0.012450 construct H: 0.000181 
[ mapping ]: time: IMU + Map + Input Downsample: 0.004228 ave match: 0.011653 ave solve: 0.000772  ave ICP: 0.015729  map incre: 0.002476 ave total: 0.019995 icp: 0.012456 construct H: 0.000181 
[ mapping ]: time: IMU + Map + Input Downsample: 0.003964 ave match: 0.011657 ave solve: 0.000772  ave ICP: 0.014778  map incre: 0.002286 ave total: 0.019997 icp: 0.012460 construct H: 0.000181 
[ mapping ]: time: IMU + Map + Input Downsample: 0.005566 ave match: 0.011661 ave solve: 0.000772  ave ICP: 0.014692  map incre: 0.002521 ave total: 0.020002 icp: 0.012464 construct H: 0.000181 
[ mapping ]: time: IMU + Map + Input Downsample: 0.005748 ave match: 0.011666 ave solve: 0.000773  ave ICP: 0.015744  map incre: 0.004860 ave total: 0.020013 icp: 0.012470 construct H: 0.000181 
[ mapping ]: time: IMU + Map + Input Downsample: 0.005899 ave match: 0.011669 ave solve: 0.000773  ave ICP: 0.015106  map incre: 0.002742 ave total: 0.020020 icp: 0.012474 construct H: 0.000182 
[ mapping ]: time: IMU + Map + Input Downsample: 0.005846 ave match: 0.011673 ave solve: 0.000774  ave ICP: 0.014819  map incre: 0.002988 ave total: 0.02[INFO] [1775739101.472736, 58.115000]: 帧 580: 检测到 10 个目标
[INFO] [1775739101.483115, 58.203000]: 转换得到 118578 个点
Inference ━━━━━━━━━━━━━━━━━━━━━━━━━━━━━━━━━━━━━━━━   
[INFO] [1775739101.518496, 58.215000]: 帧 581: 检测到 9 个目标
[INFO] [1775739101.527343, 58.303000]: 转换得到 118517 个点
Inference ━━━━━━━━━━━━━━━━━━━━━━━━━━━━━━━━━━━━━━━━   
[INFO] [1775739101.564345, 58.317000]: 帧 582: 检测到 10 个目标
[INFO] [1775739101.575915, 58.403000]: 转换得到 118394 个点
Inference ━━━━━━━━━━━━━━━━━━━━━━━━━━━━━━━━━━━━━━━━   
[INFO] [1775739101.615243, 58.417000]: 帧 583: 检测到 10 个目标
[INFO] [1775739101.624257, 58.503000]: 转换得到 118219 个点
Inference ━━━━━━━━━━━━━━━━━━━━━━━━━━━━━━━━━━━━━━━━   
[INFO] [1775739101.655441, 58.513000]: 帧 584: 检测到 9 个目标
[INFO] [1775739101.669588, 58.603000]: 转换得到 118223 个点
Inference ━━━━━━━━━━━━━━━━━━━━━━━━━━━━━━━━━━━━━━━━   
[INFO] [1775739101.706092, 58.617000]: 帧 585: 检测到 9 个目标
[INFO] [1775739101.715821, 58.703000]: 转换得到 118163 个点
Inference ━━━━━━━━━━━━━━━━━━━━━━━━━━━━━━━━━━━━━━━━   
[WARN] [1775739101.751894, 58.715000]: 待处理检测结果积压过多，已丢弃最旧的一帧
[INFO] [1775739101.751472, 58.715000]: 帧 586: 检测到 8 个目标
[INFO] [1775739101.757939, 58.803000]: 转换得到 117968 个点
Inference ━━━━━━━━━━━━━━━━━━━━━━━━━━━━━━━━━━━━━━━━   
[INFO] [1775739101.787473, 58.813000]: 帧 587: 检测到 10 个目标
[INFO] [1775739101.796109, 58.903000]: 转换得到 117732 个点
Inference ━━━━━━━━━━━━━━━━━━━━━━━━━━━━━━━━━━━━━━━━   
[INFO] [1775739101.830268, 58.915000]: 帧 588: 检测到 10 个目标
[INFO] [1775739101.839427, 59.003000]: 转换得到 117467 个点
Inference ━━━━━━━━━━━━━━━━━━━━━━━━━━━━━━━━━━━━━━━━   
[INFO] [1775739101.870471, 59.013000]: 帧 589: 检测到 10 个目标
[INFO] [1775739101.882210, 59.103000]: 转换得到 117147 个点
Inference ━━━━━━━━━━━━━━━━━━━━━━━━━━━━━━━━━━━━━━━━   
[INFO] [1775739101.909545, 59.113000]: 帧 590: 检测到 10 个目标
[INFO] [1775739101.919811, 59.203000]: 转换得到 116714 个点
Inference ━━━━━━━━━━━━━━━━━━━━━━━━━━━━━━━━━━━━━━━━   
[INFO] [1775739101.951246, 59.215000]: 帧 591: 检测到 11 个目标
[INFO] [1775739101.962792, 59.303000]: 转换得到 116407 个点
Inference ━━━━━━━━━━━━━━━━━━━━━━━━━━━━━━━━━━━━━━━━   
[INFO] [1775739102.005731, 59.317000]: 帧 592: 检测到 11 个目标
[INFO] [1775739102.017179, 59.403000]: 转换得到 116777 个点
Inference ━━━━━━━━━━━━━━━━━━━━━━━━━━━━━━━━━━━━━━━━   
[INFO] [1775739102.051129, 59.415000]: 帧 593: 检测到 9 个目标
[INFO] [1775739102.059273, 59.503000]: 转换得到 116575 个点
Inference ━━━━━━━━━━━━━━━━━━━━━━━━━━━━━━━━━━━━━━━━   
[INFO] [1775739102.088921, 59.513000]: 帧 594: 检测到 10 个目标
[INFO] [1775739102.096666, 59.603000]: 转换得到 116665 个点
Inference ━━━━━━━━━━━━━━━━━━━━━━━━━━━━━━━━━━━━━━━━   
[INFO] [1775739102.129803, 59.615000]: 帧 595: 检测到 10 个目标
[INFO] [1775739102.140251, 59.703000]: 转换得到 116756 个点
Inference ━━━━━━━━━━━━━━━━━━━━━━━━━━━━━━━━━━━━━━━━   
[INFO] [1775739102.171737, 59.715000]: 帧 596: 检测到 10 个目标
[INFO] [1775739102.182463, 59.803000]: 转换得到 116095 个点
Inference ━━━━━━━━━━━━━━━━━━━━━━━━━━━━━━━━━━━━━━━━   
[INFO] [1775739102.214204, 59.813000]: 帧 597: 检测到 9 个目标
[INFO] [1775739102.220404, 59.903000]: 转换得到 115647 个点
Inference ━━━━━━━━━━━━━━━━━━━━━━━━━━━━━━━━━━━━━━━━   
[INFO] [1775739102.253142, 59.915000]: 帧 598: 检测到 9 个目标
[INFO] [1775739102.264401, 60.003000]: 转换得到 115431 个点
Inference ━━━━━━━━━━━━━━━━━━━━━━━━━━━━━━━━━━━━━━━━   
[INFO] [1775739102.298535, 60.015000]: 帧 599: 检测到 8 个目标
[INFO] [1775739102.299297, 60.015000]: PointPillars计时汇总(20帧均值): 点云解析=1.9ms, 临时落盘=1.0ms, 模型推理=29.8ms, 结果提取=0.1ms, 清理临时文件=0.2ms, 相机坐标转换=1.0ms, 发布Detection3DArray=0.1ms, 发布MarkerArray=0.3ms, 发布KITTI串=0.1ms, 发布LiDAR串=0.0ms, 纯计算总耗时=35.3ms, 限速休眠=1.2ms, 墙钟总耗时=36.5ms
[INFO] [1775739102.307293, 60.103000]: 转换得到 115955 个点
Inference ━━━━━━━━━━━━━━━━━━━━━━━━━━━━━━━━━━━━━━━━   
[INFO] [1775739102.341509, 60.115000]: 帧 600: 检测到 10 个目标
[INFO] [1775739102.351420, 60.203000]: 转换得到 116454 个点
Inference ━━━━━━━━━━━━━━━━━━━━━━━━━━━━━━━━━━━━━━━━   
[WARN] [1775739102.400111, 60.305000]: 等待与检测时间戳对齐的位姿超时，回退使用最新 FAST-LIO 位姿
0026 icp: 0.012478 construct H: 0.000182 
[ mapping ]: time: IMU + Map + Input Downsample: 0.005917 ave match: 0.011677 ave solve: 0.000775  ave ICP: 0.015297  map incre: 0.003179 ave total: 0.020034 icp: 0.012483 construct H: 0.000182 
[ mapping ]: time: IMU + Map + Input Downsample: 0.005051 ave match: 0.011685 ave solve: 0.000775  ave ICP: 0.017337  map incre: 0.003368 ave total: 0.020044 icp: 0.012491 construct H: 0.000182 
[ mapping ]: time: IMU + Map + Input Downsample: 0.005161 ave match: 0.011690 ave solve: 0.000775  ave ICP: 0.015788  map incre: 0.005596 ave total: 0.020056 icp: 0.012497 construct H: 0.000182 
[ mapping ]: time: IMU + Map + Input Downsample: 0.006104 ave match: 0.011698 ave solve: 0.000776  ave ICP: 0.017600  map incre: 0.002788 ave total: 0.020067 icp: 0.012506 construct H: 0.000182 
[ mapping ]: time: IMU + Map + Input Downsample: 0.005640 ave match: 0.011703 ave solve: 0.000777  ave ICP: 0.016114  map incre: 0.002938 ave total: 0.020075 icp: 0.012512 construct H: 0.000182 
[ mapping ]: time: IMU + Map + Input Downsample: 0.005814 ave match: 0.011699 ave solve: 0.000777  ave ICP: 0.010337  map incre: 0.002376 ave total: 0.020072 icp: 0.012508 construct H: 0.000182 
[ mapping ]: time: IMU + Map + Input Downsample: 0.004165 ave match: 0.011703 ave solve: 0.000777  ave ICP: 0.014487  map incre: 0.002230 ave total: 0.020074 icp: 0.012511 construct H: 0.000182 
[ mapping ]: time: IMU + Map + Input Downsample: 0.004287 ave match: 0.011705 ave solve: 0.000777  ave ICP: 0.014068  map incre: 0.002309 ave total: 0.020075 icp: 0.012514 construct H: 0.000183 
[ mapping ]: time: IMU + Map + Input Downsample: 0.005805 ave match: 0.011710 ave solve: 0.000777  ave ICP: 0.015403  map incre: 0.003863 ave total: 0.020083 icp: 0.012518 construct H: 0.000183 
[ mapping ]: time: IMU + Map + Input Downsample: 0.005872 ave match: 0.011714 ave solve: 0.000778  ave ICP: 0.015636  map incre: 0.003683 ave total: 0.020092 icp: 0.012524 construct H: 0.000183 
[ mapping ]: time: IMU + Map + Input Downsample: 0.005728 ave match: 0.011720 ave solve: 0.000779  ave ICP: 0.016178  map incre: 0.003828 ave total: 0.020102 icp: 0.012530 construct H: 0.000183 
[ mapping ]: time: IMU + Map + Input Downsample: 0.005773 ave match: 0.011725 ave solve: 0.000779  ave ICP: 0.015663  map incre: 0.004148 ave total: 0.020111 icp: 0.012535 construct H: 0.000183 
[ mapping ]: time: IMU + Map + Input Downsample: 0.005056 ave match: 0.011728 ave solve: 0.000779  ave ICP: 0.014522  map incre: 0.003458 ave total: 0.020116 icp: 0.012538 construct H: 0.000183 
[ mapping ]: time: IMU + Map + Input Downsample: 0.003957 ave match: 0.011732 ave solve: 0.000779  ave ICP: 0.014759  map incre: 0.002362 ave total: 0.020118 icp: 0.012542 construct H: 0.000183 
[ mapping ]: time: IMU + Map + Input Downsample: 0.005766 ave match: 0.011737 ave solve: 0.000779  ave ICP: 0.015961  map incre: 0.003452 ave total: 0.020127 icp: 0.012548 construct H: 0.000183 
[ mapping ]: time: IMU + Map + Input Downsample: 0.005809 ave match: 0.011742 ave solve: 0.000779  ave ICP: 0.015341  map incre: 0.002649 ave total: 0.020133 icp: 0.012553 construct H: 0.000183 
[ mapping ]: time: IMU + Map + Input Downsample: 0.003925 ave match: 0.011747 ave solve: 0.000779  ave ICP: 0.015554  map incre: 0.002962 ave total: 0.020137 icp: 0.012558 construct H: 0.000183 
[ mapping ]: time: IMU + Map + Input Downsample: 0.005634 ave match: 0.011752 ave solve: 0.000780  ave ICP: 0.016052  map incre: 0.004179 ave total: 0.020147 icp: 0.012563 construct H: 0.000183 
[ mapping ]: time: IMU + Map + Input Downsample: 0.004271 ave match: 0.011756 ave solve: 0.000780  ave ICP: 0.014825  map incre: 0.003163 ave total: 0.020150 icp: 0.012567 construct H: 0.000183 
[ mapping ]: time: IMU + Map + Input Downsample: 0.005657 ave match: 0.011759 ave solve: 0.000780  ave ICP: 0.014411  map incre: 0.002223 ave total: 0.020154 icp: 0.012570 construct H: 0.000183 
[ mapping ]: time: IMU + Map + Input Downsample: 0.003885 ave match: 0.011761 ave solve: 0.000780  ave ICP: 0.014166  map incre: 0.002247 ave total: 0.020[INFO] [1775739102.383089, 60.215000]: 帧 601: 检测到 11 个目标
[INFO] [1775739102.392396, 60.303000]: 转换得到 117250 个点
Inference ━━━━━━━━━━━━━━━━━━━━━━━━━━━━━━━━━━━━━━━━   
[INFO] [1775739102.427695, 60.315000]: 帧 602: 检测到 10 个目标
[INFO] [1775739102.438632, 60.403000]: 转换得到 118145 个点
Inference ━━━━━━━━━━━━━━━━━━━━━━━━━━━━━━━━━━━━━━━━   
[INFO] [1775739102.465721, 60.413000]: 帧 603: 检测到 10 个目标
[INFO] [1775739102.474921, 60.503000]: 转换得到 118392 个点
Inference ━━━━━━━━━━━━━━━━━━━━━━━━━━━━━━━━━━━━━━━━   
[INFO] [1775739102.501550, 60.511000]: 帧 604: 检测到 10 个目标
[INFO] [1775739102.514676, 60.603000]: 转换得到 118416 个点
Inference ━━━━━━━━━━━━━━━━━━━━━━━━━━━━━━━━━━━━━━━━   
[INFO] [1775739102.547211, 60.615000]: 帧 605: 检测到 10 个目标
[INFO] [1775739102.559057, 60.703000]: 转换得到 117962 个点
Inference ━━━━━━━━━━━━━━━━━━━━━━━━━━━━━━━━━━━━━━━━   
[INFO] [1775739102.590566, 60.715000]: 帧 606: 检测到 8 个目标
[INFO] [1775739102.601208, 60.803000]: 转换得到 117509 个点
Inference ━━━━━━━━━━━━━━━━━━━━━━━━━━━━━━━━━━━━━━━━   
[INFO] [1775739102.635032, 60.815000]: 帧 607: 检测到 9 个目标
[INFO] [1775739102.643875, 60.903000]: 转换得到 117178 个点
Inference ━━━━━━━━━━━━━━━━━━━━━━━━━━━━━━━━━━━━━━━━   
[INFO] [1775739102.671839, 60.913000]: 帧 608: 检测到 12 个目标
[INFO] [1775739102.678525, 61.003000]: 转换得到 117036 个点
Inference ━━━━━━━━━━━━━━━━━━━━━━━━━━━━━━━━━━━━━━━━   
[INFO] [1775739102.706369, 61.013000]: 帧 609: 检测到 12 个目标
[INFO] [1775739102.714294, 61.103000]: 转换得到 117224 个点
Inference ━━━━━━━━━━━━━━━━━━━━━━━━━━━━━━━━━━━━━━━━   
[INFO] [1775739102.743029, 61.113000]: 帧 610: 检测到 11 个目标
[INFO] [1775739102.753290, 61.203000]: 转换得到 117239 个点
Inference ━━━━━━━━━━━━━━━━━━━━━━━━━━━━━━━━━━━━━━━━   
[INFO] [1775739102.780913, 61.213000]: 帧 611: 检测到 11 个目标
[INFO] [1775739102.791667, 61.303000]: 转换得到 117002 个点
Inference ━━━━━━━━━━━━━━━━━━━━━━━━━━━━━━━━━━━━━━━━   
[INFO] [1775739102.816853, 61.311000]: 帧 612: 检测到 9 个目标
[INFO] [1775739102.829259, 61.403000]: 转换得到 116843 个点
Inference ━━━━━━━━━━━━━━━━━━━━━━━━━━━━━━━━━━━━━━━━   
[INFO] [1775739102.855702, 61.411000]: 帧 613: 检测到 9 个目标
[INFO] [1775739102.865754, 61.503000]: 转换得到 116760 个点
Inference ━━━━━━━━━━━━━━━━━━━━━━━━━━━━━━━━━━━━━━━━   
[INFO] [1775739102.891757, 61.511000]: 帧 614: 检测到 11 个目标
[INFO] [1775739102.907104, 61.603000]: 转换得到 116728 个点
Inference ━━━━━━━━━━━━━━━━━━━━━━━━━━━━━━━━━━━━━━━━   
[INFO] [1775739102.933231, 61.611000]: 帧 615: 检测到 12 个目标
[INFO] [1775739102.944802, 61.703000]: 转换得到 117059 个点
Inference ━━━━━━━━━━━━━━━━━━━━━━━━━━━━━━━━━━━━━━━━   
[INFO] [1775739102.975363, 61.713000]: 帧 616: 检测到 10 个目标
[INFO] [1775739102.984465, 61.803000]: 转换得到 117604 个点
Inference ━━━━━━━━━━━━━━━━━━━━━━━━━━━━━━━━━━━━━━━━   
[INFO] [1775739103.021736, 61.817000]: 帧 617: 检测到 9 个目标
[INFO] [1775739103.032900, 61.903000]: 转换得到 118122 个点
Inference ━━━━━━━━━━━━━━━━━━━━━━━━━━━━━━━━━━━━━━━━   
[INFO] [1775739103.065363, 61.915000]: 帧 618: 检测到 12 个目标
[INFO] [1775739103.079003, 62.003000]: 转换得到 118854 个点
Inference ━━━━━━━━━━━━━━━━━━━━━━━━━━━━━━━━━━━━━━━━   
[INFO] [1775739103.106289, 62.013000]: 帧 619: 检测到 9 个目标
[INFO] [1775739103.110888, 62.101000]: PointPillars计时汇总(20帧均值): 点云解析=1.7ms, 临时落盘=0.8ms, 模型推理=26.6ms, 结果提取=0.1ms, 清理临时文件=0.2ms, 相机坐标转换=0.9ms, 发布Detection3DArray=0.1ms, 发布MarkerArray=0.3ms, 发布KITTI串=0.1ms, 发布LiDAR串=0.0ms, 纯计算总耗时=31.6ms, 限速休眠=1.3ms, 墙钟总耗时=32.9ms
[INFO] [1775739103.114705, 62.103000]: 转换得到 119457 个点
Inference ━━━━━━━━━━━━━━━━━━━━━━━━━━━━━━━━━━━━━━━━   
[INFO] [1775739103.141693, 62.113000]: 帧 620: 检测到 10 个目标
[INFO] [1775739103.155999, 62.203000]: 转换得到 119728 个点
Inference ━━━━━━━━━━━━━━━━━━━━━━━━━━━━━━━━━━━━━━━━   
[INFO] [1775739103.192221, 62.215000]: 帧 621: 检测到 11 个目标
[INFO] [1775739103.204551, 62.303000]: 转换得到 120367 个点
Inference ━━━━━━━━━━━━━━━━━━━━━━━━━━━━━━━━━━━━━━━━   
154 icp: 0.012573 construct H: 0.000183 
[ mapping ]: time: IMU + Map + Input Downsample: 0.005693 ave match: 0.011764 ave solve: 0.000780  ave ICP: 0.014482  map incre: 0.003324 ave total: 0.020160 icp: 0.012576 construct H: 0.000183 
[ mapping ]: time: IMU + Map + Input Downsample: 0.005624 ave match: 0.011765 ave solve: 0.000781  ave ICP: 0.013481  map incre: 0.003920 ave total: 0.020165 icp: 0.012577 construct H: 0.000183 
[ mapping ]: time: IMU + Map + Input Downsample: 0.005631 ave match: 0.011765 ave solve: 0.000781  ave ICP: 0.013195  map incre: 0.004154 ave total: 0.020170 icp: 0.012578 construct H: 0.000184 
[ mapping ]: time: IMU + Map + Input Downsample: 0.005515 ave match: 0.011764 ave solve: 0.000781  ave ICP: 0.011813  map incre: 0.001676 ave total: 0.020168 icp: 0.012577 construct H: 0.000183 
[ mapping ]: time: IMU + Map + Input Downsample: 0.003844 ave match: 0.011762 ave solve: 0.000781  ave ICP: 0.011122  map incre: 0.001731 ave total: 0.020162 icp: 0.012574 construct H: 0.000183 
[ mapping ]: time: IMU + Map + Input Downsample: 0.003891 ave match: 0.011760 ave solve: 0.000780  ave ICP: 0.011427  map incre: 0.001711 ave total: 0.020157 icp: 0.012572 construct H: 0.000183 
[ mapping ]: time: IMU + Map + Input Downsample: 0.005723 ave match: 0.011756 ave solve: 0.000781  ave ICP: 0.010477  map incre: 0.002305 ave total: 0.020154 icp: 0.012568 construct H: 0.000183 
[ mapping ]: time: IMU + Map + Input Downsample: 0.003815 ave match: 0.011751 ave solve: 0.000780  ave ICP: 0.009541  map incre: 0.001763 ave total: 0.020145 icp: 0.012563 construct H: 0.000183 
[ mapping ]: time: IMU + Map + Input Downsample: 0.005463 ave match: 0.011747 ave solve: 0.000781  ave ICP: 0.010209  map incre: 0.002761 ave total: 0.020142 icp: 0.012559 construct H: 0.000183 
[ mapping ]: time: IMU + Map + Input Downsample: 0.005520 ave match: 0.011742 ave solve: 0.000781  ave ICP: 0.010153  map incre: 0.004207 ave total: 0.020142 icp: 0.012555 construct H: 0.000184 
[ mapping ]: time: IMU + Map + Input Downsample: 0.005647 ave match: 0.011738 ave solve: 0.000781  ave ICP: 0.010188  map incre: 0.003205 ave total: 0.020140 icp: 0.012551 construct H: 0.000184 
[ mapping ]: time: IMU + Map + Input Downsample: 0.005631 ave match: 0.011734 ave solve: 0.000782  ave ICP: 0.010509  map incre: 0.003130 ave total: 0.020139 icp: 0.012547 construct H: 0.000184 
[ mapping ]: time: IMU + Map + Input Downsample: 0.005601 ave match: 0.011731 ave solve: 0.000782  ave ICP: 0.011286  map incre: 0.004084 ave total: 0.020140 icp: 0.012545 construct H: 0.000184 
[ mapping ]: time: IMU + Map + Input Downsample: 0.005651 ave match: 0.011729 ave solve: 0.000783  ave ICP: 0.011992  map incre: 0.003959 ave total: 0.020143 icp: 0.012544 construct H: 0.000184 
[ mapping ]: time: IMU + Map + Input Downsample: 0.005670 ave match: 0.011730 ave solve: 0.000783  ave ICP: 0.013275  map incre: 0.004481 ave total: 0.020148 icp: 0.012545 construct H: 0.000184 
[ mapping ]: time: IMU + Map + Input Downsample: 0.005653 ave match: 0.011730 ave solve: 0.000783  ave ICP: 0.012615  map incre: 0.002937 ave total: 0.020150 icp: 0.012545 construct H: 0.000184 
[ mapping ]: time: IMU + Map + Input Downsample: 0.003928 ave match: 0.011731 ave solve: 0.000784  ave ICP: 0.013681  map incre: 0.002711 ave total: 0.020150 icp: 0.012547 construct H: 0.000184 
[ mapping ]: time: IMU + Map + Input Downsample: 0.005687 ave match: 0.011730 ave solve: 0.000784  ave ICP: 0.011889  map incre: 0.002985 ave total: 0.020151 icp: 0.012545 construct H: 0.000184 
[ mapping ]: time: IMU + Map + Input Downsample: 0.004184 ave match: 0.011734 ave solve: 0.000785  ave ICP: 0.016075  map incre: 0.003703 ave total: 0.020157 icp: 0.012551 construct H: 0.000184 
[ mapping ]: time: IMU + Map + Input Downsample: 0.005934 ave match: 0.011740 ave solve: 0.000786  ave ICP: 0.016863  map incre: 0.004757 ave total: 0.020169 icp: 0.012558 construct H: 0.000185 
[ mapping ]: time: IMU + Map + Input Downsample: 0.004163 ave match: 0.011746 ave solve: 0.000786  ave ICP: 0.016508  map incre: 0.003013 ave total: 0.0201[INFO] [1775739103.238236, 62.315000]: 帧 622: 检测到 10 个目标
[INFO] [1775739103.247692, 62.403000]: 转换得到 120835 个点
Inference ━━━━━━━━━━━━━━━━━━━━━━━━━━━━━━━━━━━━━━━━   
[INFO] [1775739103.277232, 62.413000]: 帧 623: 检测到 10 个目标
[INFO] [1775739103.287504, 62.503000]: 转换得到 121414 个点
Inference ━━━━━━━━━━━━━━━━━━━━━━━━━━━━━━━━━━━━━━━━   
[INFO] [1775739099.612120, 53.701000]: [offline_bag_feeder] frame=538 lidar stamp=53.701000
[INFO] [1775739099.654284, 53.801000]: [offline_bag_feeder] frame=539 lidar stamp=53.801000
[INFO] [1775739099.702071, 53.901000]: [offline_bag_feeder] frame=540 lidar stamp=53.901000
[INFO] [1775739099.743567, 54.001000]: [offline_bag_feeder] frame=541 lidar stamp=54.001000
[INFO] [1775739099.781964, 54.101000]: [offline_bag_feeder] frame=542 lidar stamp=54.101000
[INFO] [1775739099.825507, 54.201000]: [offline_bag_feeder] frame=543 lidar stamp=54.201000
[INFO] [1775739099.867893, 54.301000]: [offline_bag_feeder] frame=544 lidar stamp=54.301000
[INFO] [1775739099.905381, 54.401000]: [offline_bag_feeder] frame=545 lidar stamp=54.401000
[INFO] [1775739099.942746, 54.501000]: [offline_bag_feeder] frame=546 lidar stamp=54.501000
[INFO] [1775739099.980344, 54.601000]: [offline_bag_feeder] frame=547 lidar stamp=54.601000
[INFO] [1775739100.017208, 54.613000]: [offline_bag_feeder] frame=548 lidar stamp=54.701000
[INFO] [1775739100.055830, 54.801000]: [offline_bag_feeder] frame=549 lidar stamp=54.801000
[INFO] [1775739100.099138, 54.901000]: [offline_bag_feeder] frame=550 lidar stamp=54.901000
[INFO] [1775739100.135104, 55.001000]: [offline_bag_feeder] frame=551 lidar stamp=55.001000
[INFO] [1775739100.193766, 55.101000]: [offline_bag_feeder] frame=552 lidar stamp=55.101000
[INFO] [1775739100.241464, 55.201000]: [offline_bag_feeder] frame=553 lidar stamp=55.201000
[INFO] [1775739100.289077, 55.301000]: [offline_bag_feeder] frame=554 lidar stamp=55.301000
[INFO] [1775739100.330620, 55.401000]: [offline_bag_feeder] frame=555 lidar stamp=55.401000
[INFO] [1775739100.367247, 55.501000]: [offline_bag_feeder] frame=556 lidar stamp=55.501000
[INFO] [1775739100.410349, 55.601000]: [offline_bag_feeder] frame=557 lidar stamp=55.601000
[INFO] [1775739100.451791, 55.701000]: [offline_bag_feeder] frame=558 lidar stamp=55.701000
[INFO] [1775739100.487507, 55.801000]: [offline_bag_feeder] frame=559 lidar stamp=55.801000
[INFO] [1775739100.525753, 55.901000]: [offline_bag_feeder] frame=560 lidar stamp=55.901000
[INFO] [1775739100.568068, 56.001000]: [offline_bag_feeder] frame=561 lidar stamp=56.001000
[INFO] [1775739100.607589, 56.101000]: [offline_bag_feeder] frame=562 lidar stamp=56.101000
[INFO] [1775739100.650399, 56.201000]: [offline_bag_feeder] frame=563 lidar stamp=56.201000
[INFO] [1775739100.694004, 56.301000]: [offline_bag_feeder] frame=564 lidar stamp=56.301000
[INFO] [1775739100.731029, 56.401000]: [offline_bag_feeder] frame=565 lidar stamp=56.401000
[INFO] [1775739100.773327, 56.501000]: [offline_bag_feeder] frame=566 lidar stamp=56.501000
[INFO] [1775739100.818813, 56.601000]: [offline_bag_feeder] frame=567 lidar stamp=56.601000
[INFO] [1775739100.855826, 56.701000]: [offline_bag_feeder] frame=568 lidar stamp=56.701000
[INFO] [1775739100.893719, 56.801000]: [offline_bag_feeder] frame=569 lidar stamp=56.801000
[INFO] [1775739100.930722, 56.901000]: [offline_bag_feeder] frame=570 lidar stamp=56.901000
[INFO] [1775739100.979216, 57.001000]: [offline_bag_feeder] frame=571 lidar stamp=57.001000
[INFO] [1775739101.027909, 57.101000]: [offline_bag_feeder] frame=572 lidar stamp=57.101000
[INFO] [1775739101.071915, 57.201000]: [offline_bag_feeder] frame=573 lidar stamp=57.201000
[INFO] [1775739101.115799, 57.301000]: [offline_bag_feeder] frame=574 lidar stamp=57.301000
[INFO] [1775739101.153850, 57.401000]: [offline_bag_feeder] frame=575 lidar stamp=57.401000
[INFO] [1775739101.192156, 57.501000]: [offline_bag_feeder] frame=576 lidar stamp=57.501000
[INFO] [1775739101.228133, 57.601000]: [offline_bag_feeder] frame=577 lidar stamp=57.601000
[INFO] [1775739101.270861, 57.701000]: [offline_bag_feeder] frame=578 lidar stamp=57.701000
[INFO] [1775739101.312326, 57.801000]: [offline_bag_feeder] frame=579 lidar stamp=57.801000
[INFO] [1775739101.355370, 57.901000]: [offline_bag_feeder] frame=580 lidar stamp=57.901000
[INFO] [1775739101.396960, 58.001000]: [offline_bag_feeder] frame=581 lidar stamp=58.001000
[INFO] [1775739101.438204, 58.101000]: [offline_bag_feeder] frame=582 lidar stamp=58.101000
[INFO] [1775739101.480785, 58.201000]: [offline_bag_feeder] frame=583 lidar stamp=58.201000
[INFO] [1775739101.523673, 58.301000]: [offline_bag_feeder] frame=584 lidar stamp=58.301000
[INFO] [1775739101.571955, 58.401000]: [offline_bag_feeder] frame=585 lidar stamp=58.401000
[INFO] [1775739101.621249, 58.501000]: [offline_bag_feeder] frame=586 lidar stamp=58.501000
[INFO] [1775739101.665303, 58.601000]: [offline_bag_feeder] frame=587 lidar stamp=58.601000
[INFO] [1775739101.713214, 58.701000]: [offline_bag_feeder] frame=588 lidar stamp=58.701000
[INFO] [1775739101.755840, 58.801000]: [offline_bag_feeder] frame=589 lidar stamp=58.801000
[INFO] [1775739101.792629, 58.901000]: [offline_bag_feeder] frame=590 lidar stamp=58.901000
[INFO] [1775739101.835557, 59.001000]: [offline_bag_feeder] frame=591 lidar stamp=59.001000
[INFO] [1775739101.878753, 59.101000]: [offline_bag_feeder] frame=592 lidar stamp=59.101000
[INFO] [1775739101.916440, 59.201000]: [offline_bag_feeder] frame=593 lidar stamp=59.201000
[INFO] [1775739101.959151, 59.301000]: [offline_bag_feeder] frame=594 lidar stamp=59.301000
[INFO] [1775739102.013634, 59.401000]: [offline_bag_feeder] frame=595 lidar stamp=59.401000
[INFO] [1775739102.056926, 59.501000]: [offline_bag_feeder] frame=596 lidar stamp=59.501000
[INFO] [1775739102.093009, 59.601000]: [offline_bag_feeder] frame=597 lidar stamp=59.601000
[INFO] [1775739102.136771, 59.701000]: [offline_bag_feeder] frame=598 lidar stamp=59.701000
[INFO] [1775739102.180629, 59.801000]: [offline_bag_feeder] frame=599 lidar stamp=59.801000
[INFO] [1775739102.218067, 59.901000]: [offline_bag_feeder] frame=600 lidar stamp=59.901000
[INFO] [1775739102.260897, 60.001000]: [offline_bag_feeder] frame=601 lidar stamp=60.001000
[INFO] [1775739102.303677, 60.101000]: [offline_bag_feeder] frame=602 lidar stamp=60.101000
[INFO] [1775739102.347978, 60.201000]: [offline_bag_feeder] frame=603 lidar stamp=60.201000
[INFO] [1775739102.390555, 60.301000]: [offline_bag_feeder] frame=604 lidar stamp=60.301000
[INFO] [1775739102.435020, 60.401000]: [offline_bag_feeder] frame=605 lidar stamp=60.401000
[INFO] [1775739102.473075, 60.501000]: [offline_bag_feeder] frame=606 lidar stamp=60.501000
[INFO] [1775739102.512380, 60.601000]: [offline_bag_feeder] frame=607 lidar stamp=60.601000
[INFO] [1775739102.555504, 60.701000]: [offline_bag_feeder] frame=608 lidar stamp=60.701000
[INFO] [1775739102.598623, 60.801000]: [offline_bag_feeder] frame=609 lidar stamp=60.801000
[INFO] [1775739102.640226, 60.901000]: [offline_bag_feeder] frame=610 lidar stamp=60.901000
[INFO] [1775739102.676151, 61.001000]: [offline_bag_feeder] frame=611 lidar stamp=61.001000
[INFO] [1775739102.712003, 61.101000]: [offline_bag_feeder] frame=612 lidar stamp=61.101000
[INFO] [1775739102.749753, 61.201000]: [offline_bag_feeder] frame=613 lidar stamp=61.201000
[INFO] [1775739102.789430, 61.301000]: [offline_bag_feeder] frame=614 lidar stamp=61.301000
[INFO] [1775739102.826979, 61.401000]: [offline_bag_feeder] frame=615 lidar stamp=61.401000
[INFO] [1775739102.863435, 61.501000]: [offline_bag_feeder] frame=616 lidar stamp=61.501000
[INFO] [1775739102.904875, 61.601000]: [offline_bag_feeder] frame=617 lidar stamp=61.601000
[INFO] [1775739102.942580, 61.701000]: [offline_bag_feeder] frame=618 lidar stamp=61.701000
[INFO] [1775739102.980778, 61.801000]: [offline_bag_feeder] frame=619 lidar stamp=61.801000
[INFO] [1775739103.029834, 61.901000]: [offline_bag_feeder] frame=620 lidar stamp=61.901000
[INFO] [1775739103.075001, 62.001000]: [offline_bag_feeder] frame=621 lidar stamp=62.001000
[INFO] [1775739103.112808, 62.101000]: [offline_bag_feeder] frame=622 lidar stamp=62.101000
[INFO] [1775739103.152183, 62.201000]: [offline_bag_feeder] frame=623 lidar stamp=62.201000
[INFO] [1775739103.201434, 62.301000]: [offline_bag_feeder] frame=624 lidar stamp=62.301000
[INFO] [1775739103.245228, 62.401000]: [offline_bag_feeder] frame=625 lidar stamp=62.401000
[INFO] [1775739103.283650, 62.501000]: [offline_bag_feeder] frame=626 lidar stamp=62.501000
[INFO] [1775739103.325679, 62.601000]: [offline_bag_feeder] frame=627 lidar stamp=62.601000
[INFO] [1775739103.321876, 62.515000]: 帧 624: 检测到 10 个目标
[INFO] [1775739103.327707, 62.603000]: 转换得到 121790 个点
Inference ━━━━━━━━━━━━━━━━━━━━━━━━━━━━━━━━━━━━━━━━   
[INFO] [1775739103.358503, 62.613000]: 帧 625: 检测到 9 个目标
[INFO] [1775739103.365584, 62.703000]: 转换得到 122102 个点
Inference ━━━━━━━━━━━━━━━━━━━━━━━━━━━━━━━━━━━━━━━━   
[INFO] [1775739103.400855, 62.715000]: 帧 626: 检测到 9 个目标
[INFO] [1775739103.409823, 62.803000]: 转换得到 122268 个点
Inference ━━━━━━━━━━━━━━━━━━━━━━━━━━━━━━━━━━━━━━━━   
[INFO] [1775739103.438190, 62.813000]: 帧 627: 检测到 8 个目标
[INFO] [1775739103.452065, 62.903000]: 转换得到 122118 个点
Inference ━━━━━━━━━━━━━━━━━━━━━━━━━━━━━━━━━━━━━━━━   
[INFO] [1775739103.481690, 62.913000]: 帧 628: 检测到 8 个目标
[INFO] [1775739103.490963, 63.003000]: 转换得到 122117 个点
Inference ━━━━━━━━━━━━━━━━━━━━━━━━━━━━━━━━━━━━━━━━   
[INFO] [1775739103.517530, 63.011000]: 帧 629: 检测到 10 个目标
[INFO] [1775739103.534410, 63.103000]: 转换得到 122242 个点
Inference ━━━━━━━━━━━━━━━━━━━━━━━━━━━━━━━━━━━━━━━━   
[INFO] [1775739103.567430, 63.115000]: 帧 630: 检测到 8 个目标
[INFO] [1775739103.583269, 63.203000]: 转换得到 122284 个点
Inference ━━━━━━━━━━━━━━━━━━━━━━━━━━━━━━━━━━━━━━━━   
[INFO] [1775739103.612219, 63.213000]: 帧 631: 检测到 9 个目标
[INFO] [1775739103.619612, 63.303000]: 转换得到 122325 个点
Inference ━━━━━━━━━━━━━━━━━━━━━━━━━━━━━━━━━━━━━━━━   
[INFO] [1775739103.648290, 63.313000]: 帧 632: 检测到 10 个目标
[INFO] [1775739103.657245, 63.403000]: 转换得到 122360 个点
Inference ━━━━━━━━━━━━━━━━━━━━━━━━━━━━━━━━━━━━━━━━   
[INFO] [1775739103.691355, 63.415000]: 帧 633: 检测到 10 个目标
[INFO] [1775739103.699199, 63.503000]: 转换得到 122379 个点
Inference ━━━━━━━━━━━━━━━━━━━━━━━━━━━━━━━━━━━━━━━━   
[INFO] [1775739103.731673, 63.515000]: 帧 634: 检测到 8 个目标
[INFO] [1775739103.743186, 63.603000]: 转换得到 121907 个点
Inference ━━━━━━━━━━━━━━━━━━━━━━━━━━━━━━━━━━━━━━━━   
[INFO] [1775739103.772922, 63.613000]: 帧 635: 检测到 8 个目标
[INFO] [1775739103.781093, 63.703000]: 转换得到 121039 个点
Inference ━━━━━━━━━━━━━━━━━━━━━━━━━━━━━━━━━━━━━━━━   
[INFO] [1775739103.809860, 63.713000]: 帧 636: 检测到 9 个目标
[INFO] [1775739103.815539, 63.803000]: 转换得到 120576 个点
Inference ━━━━━━━━━━━━━━━━━━━━━━━━━━━━━━━━━━━━━━━━   
[WARN] [1775739103.843505, 63.813000]: 待处理检测结果积压过多，已丢弃最旧的一帧
[INFO] [1775739103.843328, 63.813000]: 帧 637: 检测到 12 个目标
[INFO] [1775739103.854111, 63.903000]: 转换得到 120574 个点
Inference ━━━━━━━━━━━━━━━━━━━━━━━━━━━━━━━━━━━━━━━━   
[INFO] [1775739103.881191, 63.913000]: 帧 638: 检测到 10 个目标
[INFO] [1775739103.892064, 64.003000]: 转换得到 120599 个点
Inference ━━━━━━━━━━━━━━━━━━━━━━━━━━━━━━━━━━━━━━━━   
[INFO] [1775739103.923151, 64.013000]: 帧 639: 检测到 11 个目标
[INFO] [1775739103.923899, 64.015000]: PointPillars计时汇总(20帧均值): 点云解析=1.8ms, 临时落盘=0.9ms, 模型推理=27.4ms, 结果提取=0.1ms, 清理临时文件=0.2ms, 相机坐标转换=0.8ms, 发布Detection3DArray=0.1ms, 发布MarkerArray=0.3ms, 发布KITTI串=0.1ms, 发布LiDAR串=0.0ms, 纯计算总耗时=32.5ms, 限速休眠=1.1ms, 墙钟总耗时=33.6ms
[INFO] [1775739103.934253, 64.103000]: 转换得到 120882 个点
Inference ━━━━━━━━━━━━━━━━━━━━━━━━━━━━━━━━━━━━━━━━   
[INFO] [1775739103.962828, 64.113000]: 帧 640: 检测到 12 个目标
[INFO] [1775739103.971879, 64.203000]: 转换得到 120967 个点
Inference ━━━━━━━━━━━━━━━━━━━━━━━━━━━━━━━━━━━━━━━━   
[INFO] [1775739104.006227, 64.215000]: 帧 641: 检测到 9 个目标
[INFO] [1775739104.013586, 64.303000]: 转换得到 121228 个点
Inference ━━━━━━━━━━━━━━━━━━━━━━━━━━━━━━━━━━━━━━━━   
[INFO] [1775739104.047470, 64.315000]: 帧 642: 检测到 11 个目标
[INFO] [1775739104.056226, 64.403000]: 转换得到 121567 个点
Inference ━━━━━━━━━━━━━━━━━━━━━━━━━━━━━━━━━━━━━━━━   
75 icp: 0.012564 construct H: 0.000185 
[ mapping ]: time: IMU + Map + Input Downsample: 0.004433 ave match: 0.011752 ave solve: 0.000786  ave ICP: 0.016033  map incre: 0.003345 ave total: 0.020181 icp: 0.012570 construct H: 0.000185 
[ mapping ]: time: IMU + Map + Input Downsample: 0.004088 ave match: 0.011756 ave solve: 0.000786  ave ICP: 0.015567  map incre: 0.007511 ave total: 0.020192 icp: 0.012575 construct H: 0.000185 
[ mapping ]: time: IMU + Map + Input Downsample: 0.004148 ave match: 0.011765 ave solve: 0.000787  ave ICP: 0.017832  map incre: 0.002694 ave total: 0.020200 icp: 0.012583 construct H: 0.000185 
[ mapping ]: time: IMU + Map + Input Downsample: 0.004050 ave match: 0.011774 ave solve: 0.000787  ave ICP: 0.018501  map incre: 0.003002 ave total: 0.020208 icp: 0.012593 construct H: 0.000185 
[ mapping ]: time: IMU + Map + Input Downsample: 0.004028 ave match: 0.011775 ave solve: 0.000787  ave ICP: 0.013618  map incre: 0.004245 ave total: 0.020211 icp: 0.012594 construct H: 0.000185 
[ mapping ]: time: IMU + Map + Input Downsample: 0.004038 ave match: 0.011774 ave solve: 0.000788  ave ICP: 0.011991  map incre: 0.003230 ave total: 0.020210 icp: 0.012593 construct H: 0.000185 
[ mapping ]: time: IMU + Map + Input Downsample: 0.005913 ave match: 0.011781 ave solve: 0.000789  ave ICP: 0.017586  map incre: 0.005099 ave total: 0.020223 icp: 0.012601 construct H: 0.000186 
[ mapping ]: time: IMU + Map + Input Downsample: 0.005963 ave match: 0.011788 ave solve: 0.000789  ave ICP: 0.017796  map incre: 0.003937 ave total: 0.020235 icp: 0.012609 construct H: 0.000186 
[ mapping ]: time: IMU + Map + Input Downsample: 0.004114 ave match: 0.011795 ave solve: 0.000790  ave ICP: 0.016973  map incre: 0.003854 ave total: 0.020243 icp: 0.012616 construct H: 0.000186 
[ mapping ]: time: IMU + Map + Input Downsample: 0.004148 ave match: 0.011802 ave solve: 0.000790  ave ICP: 0.017232  map incre: 0.003671 ave total: 0.020251 icp: 0.012624 construct H: 0.000186 
[ mapping ]: time: IMU + Map + Input Downsample: 0.004129 ave match: 0.011808 ave solve: 0.000790  ave ICP: 0.016682  map incre: 0.003677 ave total: 0.020257 icp: 0.012630 construct H: 0.000186 
[ mapping ]: time: IMU + Map + Input Downsample: 0.004045 ave match: 0.011807 ave solve: 0.000791  ave ICP: 0.012197  map incre: 0.004376 ave total: 0.020258 icp: 0.012629 construct H: 0.000186 
[ mapping ]: time: IMU + Map + Input Downsample: 0.006025 ave match: 0.011813 ave solve: 0.000792  ave ICP: 0.017581  map incre: 0.004694 ave total: 0.020271 icp: 0.012637 construct H: 0.000187 
[ mapping ]: time: IMU + Map + Input Downsample: 0.004613 ave match: 0.011812 ave solve: 0.000792  ave ICP: 0.012013  map incre: 0.003925 ave total: 0.020271 icp: 0.012636 construct H: 0.000187 
[ mapping ]: time: IMU + Map + Input Downsample: 0.005938 ave match: 0.011818 ave solve: 0.000793  ave ICP: 0.017214  map incre: 0.005843 ave total: 0.020285 icp: 0.012643 construct H: 0.000187 
[ mapping ]: time: IMU + Map + Input Downsample: 0.004159 ave match: 0.011824 ave solve: 0.000793  ave ICP: 0.016214  map incre: 0.003443 ave total: 0.020291 icp: 0.012649 construct H: 0.000187 
[ mapping ]: time: IMU + Map + Input Downsample: 0.004032 ave match: 0.011827 ave solve: 0.000793  ave ICP: 0.014946  map incre: 0.002404 ave total: 0.020293 icp: 0.012652 construct H: 0.000187 
[ mapping ]: time: IMU + Map + Input Downsample: 0.006011 ave match: 0.011831 ave solve: 0.000794  ave ICP: 0.016040  map incre: 0.003699 ave total: 0.020302 icp: 0.012658 construct H: 0.000187 
[ mapping ]: time: IMU + Map + Input Downsample: 0.004109 ave match: 0.011834 ave solve: 0.000794  ave ICP: 0.014627  map incre: 0.002738 ave total: 0.020303 icp: 0.012661 construct H: 0.000187 
[ mapping ]: time: IMU + Map + Input Downsample: 0.004015 ave match: 0.011838 ave solve: 0.000794  ave ICP: 0.015323  map incre: 0.002798 ave total: 0.020306 icp: 0.012665 construct H: 0.000188 
[ mapping ]: time: IMU + Map + Input Downsample: 0.006051 ave match: 0.011842 ave solve: 0.000795  ave ICP: 0.015457  map incre: 0.005698 ave total: 0.02031[INFO] [1775739104.089732, 64.415000]: 帧 643: 检测到 9 个目标
[INFO] [1775739104.102037, 64.503000]: 转换得到 121621 个点
Inference ━━━━━━━━━━━━━━━━━━━━━━━━━━━━━━━━━━━━━━━━   
[INFO] [1775739104.135507, 64.515000]: 帧 644: 检测到 17 个目标
[INFO] [1775739104.145271, 64.601000]: 转换得到 121878 个点
Inference ━━━━━━━━━━━━━━━━━━━━━━━━━━━━━━━━━━━━━━━━   
[INFO] [1775739104.186370, 64.615000]: 帧 645: 检测到 17 个目标
[INFO] [1775739104.193489, 64.703000]: 转换得到 122224 个点
Inference ━━━━━━━━━━━━━━━━━━━━━━━━━━━━━━━━━━━━━━━━   
[INFO] [1775739104.226053, 64.715000]: 帧 646: 检测到 16 个目标
[INFO] [1775739104.237303, 64.803000]: 转换得到 122577 个点
Inference ━━━━━━━━━━━━━━━━━━━━━━━━━━━━━━━━━━━━━━━━   
[INFO] [1775739104.267709, 64.813000]: 帧 647: 检测到 20 个目标
[INFO] [1775739104.280562, 64.903000]: 转换得到 122718 个点
Inference ━━━━━━━━━━━━━━━━━━━━━━━━━━━━━━━━━━━━━━━━   
[INFO] [1775739104.310474, 64.913000]: 帧 648: 检测到 16 个目标
[INFO] [1775739104.320187, 65.003000]: 转换得到 122933 个点
Inference ━━━━━━━━━━━━━━━━━━━━━━━━━━━━━━━━━━━━━━━━   
[INFO] [1775739104.348664, 65.013000]: 帧 649: 检测到 14 个目标
[INFO] [1775739104.357890, 65.103000]: 转换得到 123216 个点
Inference ━━━━━━━━━━━━━━━━━━━━━━━━━━━━━━━━━━━━━━━━   
[INFO] [1775739104.391534, 65.115000]: 帧 650: 检测到 12 个目标
[INFO] [1775739104.404153, 65.203000]: 转换得到 123530 个点
Inference ━━━━━━━━━━━━━━━━━━━━━━━━━━━━━━━━━━━━━━━━   
[INFO] [1775739104.443616, 65.217000]: 帧 651: 检测到 14 个目标
[INFO] [1775739104.458375, 65.303000]: 转换得到 123901 个点
Inference ━━━━━━━━━━━━━━━━━━━━━━━━━━━━━━━━━━━━━━━━   
[WARN] [1775739104.526051, 65.407000]: 等待与检测时间戳对齐的位姿超时，回退使用最新 FAST-LIO 位姿
[INFO] [1775739104.498610, 65.317000]: 帧 652: 检测到 14 个目标
[INFO] [1775739104.516324, 65.403000]: 转换得到 124131 个点
Inference ━━━━━━━━━━━━━━━━━━━━━━━━━━━━━━━━━━━━━━━━   
[INFO] [1775739104.554935, 65.417000]: 帧 653: 检测到 16 个目标
[INFO] [1775739104.570306, 65.503000]: 转换得到 124294 个点
Inference ━━━━━━━━━━━━━━━━━━━━━━━━━━━━━━━━━━━━━━━━   
[INFO] [1775739104.607219, 65.517000]: 帧 654: 检测到 19 个目标
[INFO] [1775739104.620368, 65.603000]: 转换得到 124502 个点
Inference ━━━━━━━━━━━━━━━━━━━━━━━━━━━━━━━━━━━━━━━━   
[INFO] [1775739104.650555, 65.615000]: 帧 655: 检测到 14 个目标
[INFO] [1775739104.666656, 65.703000]: 转换得到 124519 个点
Inference ━━━━━━━━━━━━━━━━━━━━━━━━━━━━━━━━━━━━━━━━   
[INFO] [1775739104.708332, 65.719000]: 帧 656: 检测到 16 个目标
[INFO] [1775739104.722212, 65.803000]: 转换得到 124640 个点
Inference ━━━━━━━━━━━━━━━━━━━━━━━━━━━━━━━━━━━━━━━━   
[INFO] [1775739104.754822, 65.815000]: 帧 657: 检测到 16 个目标
[INFO] [1775739104.769852, 65.903000]: 转换得到 124732 个点
Inference ━━━━━━━━━━━━━━━━━━━━━━━━━━━━━━━━━━━━━━━━   
[INFO] [1775739104.808913, 65.917000]: 帧 658: 检测到 13 个目标
[INFO] [1775739104.821570, 66.003000]: 转换得到 124849 个点
Inference ━━━━━━━━━━━━━━━━━━━━━━━━━━━━━━━━━━━━━━━━   
[INFO] [1775739104.862445, 66.017000]: 帧 659: 检测到 14 个目标
[INFO] [1775739104.863247, 66.017000]: PointPillars计时汇总(20帧均值): 点云解析=2.0ms, 临时落盘=0.8ms, 模型推理=31.5ms, 结果提取=0.1ms, 清理临时文件=0.2ms, 相机坐标转换=0.8ms, 发布Detection3DArray=0.1ms, 发布MarkerArray=0.4ms, 发布KITTI串=0.1ms, 发布LiDAR串=0.0ms, 纯计算总耗时=36.8ms, 限速休眠=1.3ms, 墙钟总耗时=38.0ms
[INFO] [1775739104.872870, 66.103000]: 转换得到 124945 个点
Inference ━━━━━━━━━━━━━━━━━━━━━━━━━━━━━━━━━━━━━━━━   
[INFO] [1775739104.910546, 66.117000]: 帧 660: 检测到 14 个目标
[INFO] [1775739104.924573, 66.203000]: 转换得到 125180 个点
Inference ━━━━━━━━━━━━━━━━━━━━━━━━━━━━━━━━━━━━━━━━   
[INFO] [1775739104.968604, 66.219000]: 帧 661: 检测到 15 个目标
[INFO] [1775739104.981235, 66.303000]: 转换得到 125280 个点
Inference ━━━━━━━━━━━━━━━━━━━━━━━━━━━━━━━━━━━━━━━━   
[INFO] [1775739105.014879, 66.315000]: 帧 662: 检测到 13 个目标
[INFO] [1775739105.027199, 66.403000]: 转换得到 125346 个点
Inference ━━━━━━━━━━━━━━━━━━━━━━━━━━━━━━━━━━━━━━━━   
[INFO] [1775739105.055893, 66.413000]: 帧 663: 检测到 11 个目标
[INFO] [1775739105.071010, 66.503000]: 转换得到 125499 个点
Inference ━━━━━━━━━━━━━━━━━━━━━━━━━━━━━━━━━━━━━━━━   
7 icp: 0.012669 construct H: 0.000188 
[ mapping ]: time: IMU + Map + Input Downsample: 0.005661 ave match: 0.011837 ave solve: 0.000795  ave ICP: 0.012246  map incre: 0.002148 ave total: 0.020317 icp: 0.012665 construct H: 0.000188 
[ mapping ]: time: IMU + Map + Input Downsample: 0.004072 ave match: 0.011839 ave solve: 0.000795  ave ICP: 0.013619  map incre: 0.002102 ave total: 0.020316 icp: 0.012666 construct H: 0.000188 
[ mapping ]: time: IMU + Map + Input Downsample: 0.004106 ave match: 0.011840 ave solve: 0.000795  ave ICP: 0.013746  map incre: 0.002371 ave total: 0.020316 icp: 0.012668 construct H: 0.000188 
[ mapping ]: time: IMU + Map + Input Downsample: 0.004040 ave match: 0.011841 ave solve: 0.000795  ave ICP: 0.013263  map incre: 0.002596 ave total: 0.020315 icp: 0.012668 construct H: 0.000188 
[ mapping ]: time: IMU + Map + Input Downsample: 0.005379 ave match: 0.011841 ave solve: 0.000795  ave ICP: 0.012704  map incre: 0.002908 ave total: 0.020316 icp: 0.012668 construct H: 0.000188 
[ mapping ]: time: IMU + Map + Input Downsample: 0.006222 ave match: 0.011842 ave solve: 0.000796  ave ICP: 0.013863  map incre: 0.003111 ave total: 0.020321 icp: 0.012670 construct H: 0.000188 
[ mapping ]: time: IMU + Map + Input Downsample: 0.005933 ave match: 0.011839 ave solve: 0.000796  ave ICP: 0.010859  map incre: 0.002108 ave total: 0.020319 icp: 0.012667 construct H: 0.000188 
[ mapping ]: time: IMU + Map + Input Downsample: 0.005437 ave match: 0.011839 ave solve: 0.000796  ave ICP: 0.012757  map incre: 0.001918 ave total: 0.020318 icp: 0.012667 construct H: 0.000188 
[ mapping ]: time: IMU + Map + Input Downsample: 0.005968 ave match: 0.011838 ave solve: 0.000796  ave ICP: 0.012131  map incre: 0.002073 ave total: 0.020318 icp: 0.012666 construct H: 0.000188 
[ mapping ]: time: IMU + Map + Input Downsample: 0.004172 ave match: 0.011836 ave solve: 0.000796  ave ICP: 0.011943  map incre: 0.002069 ave total: 0.020315 icp: 0.012665 construct H: 0.000188 
[ mapping ]: time: IMU + Map + Input Downsample: 0.004091 ave match: 0.011832 ave solve: 0.000796  ave ICP: 0.010018  map incre: 0.001920 ave total: 0.020308 icp: 0.012661 construct H: 0.000188 
[ mapping ]: time: IMU + Map + Input Downsample: 0.004544 ave match: 0.011834 ave solve: 0.000796  ave ICP: 0.013607  map incre: 0.002586 ave total: 0.020309 icp: 0.012662 construct H: 0.000188 
[ mapping ]: time: IMU + Map + Input Downsample: 0.006249 ave match: 0.011835 ave solve: 0.000797  ave ICP: 0.014322  map incre: 0.002952 ave total: 0.020314 icp: 0.012664 construct H: 0.000188 
[ mapping ]: time: IMU + Map + Input Downsample: 0.006306 ave match: 0.011836 ave solve: 0.000797  ave ICP: 0.013738  map incre: 0.002699 ave total: 0.020317 icp: 0.012666 construct H: 0.000189 
[ mapping ]: time: IMU + Map + Input Downsample: 0.005937 ave match: 0.011835 ave solve: 0.000797  ave ICP: 0.011942  map incre: 0.001778 ave total: 0.020316 icp: 0.012665 construct H: 0.000189 
[ mapping ]: time: IMU + Map + Input Downsample: 0.004139 ave match: 0.011834 ave solve: 0.000797  ave ICP: 0.011744  map incre: 0.002053 ave total: 0.020313 icp: 0.012663 construct H: 0.000189 
[ mapping ]: time: IMU + Map + Input Downsample: 0.006141 ave match: 0.011828 ave solve: 0.000797  ave ICP: 0.009228  map incre: 0.001981 ave total: 0.020308 icp: 0.012658 construct H: 0.000189 
[ mapping ]: time: IMU + Map + Input Downsample: 0.006053 ave match: 0.011828 ave solve: 0.000798  ave ICP: 0.012961  map incre: 0.003274 ave total: 0.020311 icp: 0.012658 construct H: 0.000189 
[ mapping ]: time: IMU + Map + Input Downsample: 0.005926 ave match: 0.011827 ave solve: 0.000798  ave ICP: 0.012319  map incre: 0.001776 ave total: 0.020311 icp: 0.012657 construct H: 0.000189 
[ mapping ]: time: IMU + Map + Input Downsample: 0.004191 ave match: 0.011826 ave solve: 0.000798  ave ICP: 0.012262  map incre: 0.001902 ave total: 0.020308 icp: 0.012657 construct H: 0.000189 
[ mapping ]: time: IMU + Map + Input Downsample: 0.006205 ave match: 0.011826 ave solve: 0.000798  ave ICP: 0.012892  map incre: 0.002720 ave total: 0.020310[INFO] [1775739105.100236, 66.513000]: 帧 664: 检测到 14 个目标
[INFO] [1775739105.111493, 66.603000]: 转换得到 125474 个点
Inference ━━━━━━━━━━━━━━━━━━━━━━━━━━━━━━━━━━━━━━━━   
[INFO] [1775739105.143042, 66.615000]: 帧 665: 检测到 12 个目标
[INFO] [1775739105.153456, 66.703000]: 转换得到 125489 个点
Inference ━━━━━━━━━━━━━━━━━━━━━━━━━━━━━━━━━━━━━━━━   
[INFO] [1775739105.182498, 66.713000]: 帧 666: 检测到 11 个目标
[INFO] [1775739105.195151, 66.803000]: 转换得到 125555 个点
Inference ━━━━━━━━━━━━━━━━━━━━━━━━━━━━━━━━━━━━━━━━   
[INFO] [1775739105.226003, 66.815000]: 帧 667: 检测到 13 个目标
[INFO] [1775739105.235344, 66.903000]: 转换得到 125584 个点
Inference ━━━━━━━━━━━━━━━━━━━━━━━━━━━━━━━━━━━━━━━━   
[INFO] [1775739105.274631, 66.917000]: 帧 668: 检测到 14 个目标
[INFO] [1775739105.288662, 67.003000]: 转换得到 125713 个点
Inference ━━━━━━━━━━━━━━━━━━━━━━━━━━━━━━━━━━━━━━━━   
[INFO] [1775739105.329501, 67.017000]: 帧 669: 检测到 14 个目标
[INFO] [1775739105.341935, 67.103000]: 转换得到 125820 个点
Inference ━━━━━━━━━━━━━━━━━━━━━━━━━━━━━━━━━━━━━━━━   
[INFO] [1775739105.380185, 67.117000]: 帧 670: 检测到 12 个目标
[INFO] [1775739105.394705, 67.203000]: 转换得到 125959 个点
Inference ━━━━━━━━━━━━━━━━━━━━━━━━━━━━━━━━━━━━━━━━   
[INFO] [1775739105.425072, 67.215000]: 帧 671: 检测到 17 个目标
[INFO] [1775739105.437993, 67.303000]: 转换得到 126090 个点
Inference ━━━━━━━━━━━━━━━━━━━━━━━━━━━━━━━━━━━━━━━━   
[INFO] [1775739105.469126, 67.315000]: 帧 672: 检测到 11 个目标
[INFO] [1775739105.484564, 67.403000]: 转换得到 126106 个点
Inference ━━━━━━━━━━━━━━━━━━━━━━━━━━━━━━━━━━━━━━━━   
[INFO] [1775739105.513448, 67.413000]: 帧 673: 检测到 13 个目标
[INFO] [1775739105.525551, 67.503000]: 转换得到 126224 个点
Inference ━━━━━━━━━━━━━━━━━━━━━━━━━━━━━━━━━━━━━━━━   
[INFO] [1775739105.555721, 67.513000]: 帧 674: 检测到 16 个目标
[INFO] [1775739105.574020, 67.603000]: 转换得到 126355 个点
Inference ━━━━━━━━━━━━━━━━━━━━━━━━━━━━━━━━━━━━━━━━   
[INFO] [1775739105.606765, 67.615000]: 帧 675: 检测到 15 个目标
[INFO] [1775739105.619321, 67.703000]: 转换得到 126359 个点
Inference ━━━━━━━━━━━━━━━━━━━━━━━━━━━━━━━━━━━━━━━━   
[INFO] [1775739105.649402, 67.713000]: 帧 676: 检测到 12 个目标
[INFO] [1775739105.657015, 67.803000]: 转换得到 126403 个点
Inference ━━━━━━━━━━━━━━━━━━━━━━━━━━━━━━━━━━━━━━━━   
[INFO] [1775739105.686573, 67.813000]: 帧 677: 检测到 16 个目标
[INFO] [1775739105.697759, 67.903000]: 转换得到 126408 个点
Inference ━━━━━━━━━━━━━━━━━━━━━━━━━━━━━━━━━━━━━━━━   
[INFO] [1775739105.736050, 67.917000]: 帧 678: 检测到 19 个目标
[INFO] [1775739105.746540, 68.003000]: 转换得到 126401 个点
Inference ━━━━━━━━━━━━━━━━━━━━━━━━━━━━━━━━━━━━━━━━   
[INFO] [1775739105.779821, 68.015000]: 帧 679: 检测到 14 个目标
[INFO] [1775739105.785072, 68.101000]: PointPillars计时汇总(20帧均值): 点云解析=1.7ms, 临时落盘=0.8ms, 模型推理=30.1ms, 结果提取=0.1ms, 清理临时文件=0.2ms, 相机坐标转换=0.8ms, 发布Detection3DArray=0.1ms, 发布MarkerArray=0.3ms, 发布KITTI串=0.1ms, 发布LiDAR串=0.0ms, 纯计算总耗时=35.2ms, 限速休眠=1.6ms, 墙钟总耗时=36.8ms
[INFO] [1775739105.791387, 68.103000]: 转换得到 126557 个点
Inference ━━━━━━━━━━━━━━━━━━━━━━━━━━━━━━━━━━━━━━━━   
[INFO] [1775739105.828101, 68.115000]: 帧 680: 检测到 15 个目标
[INFO] [1775739105.846445, 68.203000]: 转换得到 126610 个点
Inference ━━━━━━━━━━━━━━━━━━━━━━━━━━━━━━━━━━━━━━━━   
[INFO] [1775739105.890528, 68.219000]: 帧 681: 检测到 16 个目标
[INFO] [1775739105.902313, 68.303000]: 转换得到 126643 个点
Inference ━━━━━━━━━━━━━━━━━━━━━━━━━━━━━━━━━━━━━━━━   
[INFO] [1775739105.946196, 68.319000]: 帧 682: 检测到 13 个目标
[INFO] [1775739105.957098, 68.403000]: 转换得到 126739 个点
Inference ━━━━━━━━━━━━━━━━━━━━━━━━━━━━━━━━━━━━━━━━   
[INFO] [1775739106.000397, 68.419000]: 帧 683: 检测到 15 个目标
[INFO] [1775739106.011415, 68.503000]: 转换得到 126699 个点
Inference ━━━━━━━━━━━━━━━━━━━━━━━━━━━━━━━━━━━━━━━━   
[INFO] [1775739106.050870, 68.517000]: 帧 684: 检测到 13 个目标
[INFO] [1775739106.062629, 68.603000]: 转换得到 126760 个点
Inference ━━━━━━━━━━━━━━━━━━━━━━━━━━━━━━━━━━━━━━━━   
 icp: 0.012657 construct H: 0.000189 
[ mapping ]: time: IMU + Map + Input Downsample: 0.006204 ave match: 0.011826 ave solve: 0.000799  ave ICP: 0.013069  map incre: 0.002796 ave total: 0.020313 icp: 0.012657 construct H: 0.000189 
[ mapping ]: time: IMU + Map + Input Downsample: 0.006004 ave match: 0.011827 ave solve: 0.000799  ave ICP: 0.013452  map incre: 0.003997 ave total: 0.020318 icp: 0.012658 construct H: 0.000189 
[ mapping ]: time: IMU + Map + Input Downsample: 0.006171 ave match: 0.011826 ave solve: 0.000800  ave ICP: 0.012543  map incre: 0.002405 ave total: 0.020319 icp: 0.012658 construct H: 0.000189 
[ mapping ]: time: IMU + Map + Input Downsample: 0.005995 ave match: 0.011825 ave solve: 0.000800  ave ICP: 0.012145  map incre: 0.001818 ave total: 0.020318 icp: 0.012657 construct H: 0.000189 
[ mapping ]: time: IMU + Map + Input Downsample: 0.006185 ave match: 0.011825 ave solve: 0.000800  ave ICP: 0.013210  map incre: 0.002890 ave total: 0.020321 icp: 0.012658 construct H: 0.000189 
[ mapping ]: time: IMU + Map + Input Downsample: 0.006142 ave match: 0.011826 ave solve: 0.000801  ave ICP: 0.013351  map incre: 0.002741 ave total: 0.020324 icp: 0.012659 construct H: 0.000189 
[ mapping ]: time: IMU + Map + Input Downsample: 0.005974 ave match: 0.011825 ave solve: 0.000801  ave ICP: 0.012537  map incre: 0.002656 ave total: 0.020325 icp: 0.012658 construct H: 0.000189 
[ mapping ]: time: IMU + Map + Input Downsample: 0.006176 ave match: 0.011827 ave solve: 0.000802  ave ICP: 0.014496  map incre: 0.002892 ave total: 0.020330 icp: 0.012661 construct H: 0.000190 
[ mapping ]: time: IMU + Map + Input Downsample: 0.006144 ave match: 0.011827 ave solve: 0.000802  ave ICP: 0.013072  map incre: 0.002882 ave total: 0.020333 icp: 0.012662 construct H: 0.000190 
[ mapping ]: time: IMU + Map + Input Downsample: 0.006212 ave match: 0.011828 ave solve: 0.000803  ave ICP: 0.013552  map incre: 0.005917 ave total: 0.020341 icp: 0.012663 construct H: 0.000190 
[ mapping ]: time: IMU + Map + Input Downsample: 0.004689 ave match: 0.011828 ave solve: 0.000803  ave ICP: 0.013204  map incre: 0.001812 ave total: 0.020340 icp: 0.012663 construct H: 0.000190 
[ mapping ]: time: IMU + Map + Input Downsample: 0.006181 ave match: 0.011828 ave solve: 0.000803  ave ICP: 0.012703  map incre: 0.002291 ave total: 0.020341 icp: 0.012663 construct H: 0.000190 
[ mapping ]: time: IMU + Map + Input Downsample: 0.006153 ave match: 0.011828 ave solve: 0.000804  ave ICP: 0.013536  map incre: 0.002949 ave total: 0.020345 icp: 0.012665 construct H: 0.000190 
[ mapping ]: time: IMU + Map + Input Downsample: 0.006229 ave match: 0.011829 ave solve: 0.000804  ave ICP: 0.013482  map incre: 0.003119 ave total: 0.020349 icp: 0.012666 construct H: 0.000190 
[ mapping ]: time: IMU + Map + Input Downsample: 0.006187 ave match: 0.011830 ave solve: 0.000805  ave ICP: 0.013581  map incre: 0.003684 ave total: 0.020353 icp: 0.012667 construct H: 0.000190 
[ mapping ]: time: IMU + Map + Input Downsample: 0.004252 ave match: 0.011830 ave solve: 0.000805  ave ICP: 0.013046  map incre: 0.002025 ave total: 0.020352 icp: 0.012667 construct H: 0.000190 
[ mapping ]: time: IMU + Map + Input Downsample: 0.006393 ave match: 0.011831 ave solve: 0.000805  ave ICP: 0.014048  map incre: 0.002921 ave total: 0.020356 icp: 0.012669 construct H: 0.000190 
[ mapping ]: time: IMU + Map + Input Downsample: 0.006248 ave match: 0.011833 ave solve: 0.000806  ave ICP: 0.014310  map incre: 0.003449 ave total: 0.020362 icp: 0.012672 construct H: 0.000191 
[ mapping ]: time: IMU + Map + Input Downsample: 0.006291 ave match: 0.011834 ave solve: 0.000807  ave ICP: 0.014130  map incre: 0.002734 ave total: 0.020366 icp: 0.012674 construct H: 0.000191 
[ mapping ]: time: IMU + Map + Input Downsample: 0.006068 ave match: 0.011835 ave solve: 0.000807  ave ICP: 0.013012  map incre: 0.001985 ave total: 0.020367 icp: 0.012674 construct H: 0.000191 
[ mapping ]: time: IMU + Map + Input Downsample: 0.006110 ave match: 0.011836 ave solve: 0.000807  ave ICP: 0.013608  map incre: 0.003005 ave total: 0.020370 [INFO] [1775739106.091253, 68.613000]: 帧 685: 检测到 18 个目标
[INFO] [1775739106.100500, 68.703000]: 转换得到 126682 个点
Inference ━━━━━━━━━━━━━━━━━━━━━━━━━━━━━━━━━━━━━━━━   
[INFO] [1775739106.135887, 68.715000]: 帧 686: 检测到 13 个目标
[INFO] [1775739106.146335, 68.803000]: 转换得到 126727 个点
Inference ━━━━━━━━━━━━━━━━━━━━━━━━━━━━━━━━━━━━━━━━   
[WARN] [1775739106.182107, 68.815000]: 待处理检测结果积压过多，已丢弃最旧的一帧
[INFO] [1775739106.181422, 68.815000]: 帧 687: 检测到 24 个目标
[INFO] [1775739106.189301, 68.903000]: 转换得到 126780 个点
Inference ━━━━━━━━━━━━━━━━━━━━━━━━━━━━━━━━━━━━━━━━   
[INFO] [1775739106.225254, 68.915000]: 帧 688: 检测到 15 个目标
[INFO] [1775739106.237913, 69.003000]: 转换得到 126667 个点
Inference ━━━━━━━━━━━━━━━━━━━━━━━━━━━━━━━━━━━━━━━━   
[INFO] [1775739106.276231, 69.017000]: 帧 689: 检测到 14 个目标
[INFO] [1775739106.287318, 69.103000]: 转换得到 126708 个点
Inference ━━━━━━━━━━━━━━━━━━━━━━━━━━━━━━━━━━━━━━━━   
[INFO] [1775739106.326500, 69.117000]: 帧 690: 检测到 18 个目标
[INFO] [1775739106.336106, 69.203000]: 转换得到 126672 个点
Inference ━━━━━━━━━━━━━━━━━━━━━━━━━━━━━━━━━━━━━━━━   
[INFO] [1775739106.378409, 69.217000]: 帧 691: 检测到 15 个目标
[INFO] [1775739106.388178, 69.303000]: 转换得到 126679 个点
Inference ━━━━━━━━━━━━━━━━━━━━━━━━━━━━━━━━━━━━━━━━   
[INFO] [1775739106.427076, 69.317000]: 帧 692: 检测到 16 个目标
[INFO] [1775739106.434779, 69.403000]: 转换得到 126677 个点
Inference ━━━━━━━━━━━━━━━━━━━━━━━━━━━━━━━━━━━━━━━━   
[INFO] [1775739106.467623, 69.415000]: 帧 693: 检测到 16 个目标
[INFO] [1775739106.478850, 69.503000]: 转换得到 126659 个点
Inference ━━━━━━━━━━━━━━━━━━━━━━━━━━━━━━━━━━━━━━━━   
[INFO] [1775739106.512326, 69.515000]: 帧 694: 检测到 16 个目标
[INFO] [1775739106.522657, 69.603000]: 转换得到 126656 个点
Inference ━━━━━━━━━━━━━━━━━━━━━━━━━━━━━━━━━━━━━━━━   
[INFO] [1775739106.559284, 69.613000]: 帧 695: 检测到 25 个目标
[INFO] [1775739106.568853, 69.703000]: 转换得到 126512 个点
Inference ━━━━━━━━━━━━━━━━━━━━━━━━━━━━━━━━━━━━━━━━   
[INFO] [1775739106.602223, 69.715000]: 帧 696: 检测到 20 个目标
[INFO] [1775739106.614018, 69.803000]: 转换得到 126547 个点
Inference ━━━━━━━━━━━━━━━━━━━━━━━━━━━━━━━━━━━━━━━━   
[INFO] [1775739106.647475, 69.815000]: 帧 697: 检测到 19 个目标
[INFO] [1775739106.662678, 69.903000]: 转换得到 126554 个点
Inference ━━━━━━━━━━━━━━━━━━━━━━━━━━━━━━━━━━━━━━━━   
[INFO] [1775739106.703335, 69.917000]: 帧 698: 检测到 18 个目标
[INFO] [1775739106.712017, 70.003000]: 转换得到 126600 个点
Inference ━━━━━━━━━━━━━━━━━━━━━━━━━━━━━━━━━━━━━━━━   
[INFO] [1775739106.746595, 70.015000]: 帧 699: 检测到 20 个目标
[INFO] [1775739106.749912, 70.101000]: PointPillars计时汇总(20帧均值): 点云解析=1.8ms, 临时落盘=0.8ms, 模型推理=33.4ms, 结果提取=0.1ms, 清理临时文件=0.2ms, 相机坐标转换=1.1ms, 发布Detection3DArray=0.1ms, 发布MarkerArray=0.5ms, 发布KITTI串=0.1ms, 发布LiDAR串=0.1ms, 纯计算总耗时=39.2ms, 限速休眠=1.0ms, 墙钟总耗时=40.2ms
[INFO] [1775739106.754615, 70.103000]: 转换得到 126623 个点
Inference ━━━━━━━━━━━━━━━━━━━━━━━━━━━━━━━━━━━━━━━━   
[INFO] [1775739106.785634, 70.113000]: 帧 700: 检测到 18 个目标
[INFO] [1775739106.800697, 70.203000]: 转换得到 126659 个点
Inference ━━━━━━━━━━━━━━━━━━━━━━━━━━━━━━━━━━━━━━━━   
[INFO] [1775739106.832952, 70.215000]: 帧 701: 检测到 18 个目标
[INFO] [1775739106.842327, 70.303000]: 转换得到 126642 个点
Inference ━━━━━━━━━━━━━━━━━━━━━━━━━━━━━━━━━━━━━━━━   
[WARN] [1775739106.900843, 70.409000]: 等待与检测时间戳对齐的位姿超时，回退使用最新 FAST-LIO 位姿
[INFO] [1775739106.877089, 70.315000]: 帧 702: 检测到 13 个目标
[INFO] [1775739106.884915, 70.403000]: 转换得到 126629 个点
Inference ━━━━━━━━━━━━━━━━━━━━━━━━━━━━━━━━━━━━━━━━   
[INFO] [1775739106.918108, 70.415000]: 帧 703: 检测到 11 个目标
[INFO] [1775739106.929361, 70.503000]: 转换得到 126689 个点
Inference ━━━━━━━━━━━━━━━━━━━━━━━━━━━━━━━━━━━━━━━━   
[INFO] [1775739106.961542, 70.515000]: 帧 704: 检测到 19 个目标
[INFO] [1775739106.972383, 70.603000]: 转换得到 126695 个点
Inference ━━━━━━━━━━━━━━━━━━━━━━━━━━━━━━━━━━━━━━━━   
[INFO] [1775739107.013390, 70.617000]: 帧 705: 检测到 14 个目标
[INFO] [1775739107.022590, 70.703000]: 转换得到 126656 个点
Inference ━━━━━━━━━━━━━━━━━━━━━━━━━━━━━━━━━━━━━━━━   
icp: 0.012675 construct H: 0.000191 
[ mapping ]: time: IMU + Map + Input Downsample: 0.006327 ave match: 0.011835 ave solve: 0.000808  ave ICP: 0.012728  map incre: 0.002910 ave total: 0.020373 icp: 0.012675 construct H: 0.000191 
[ mapping ]: time: IMU + Map + Input Downsample: 0.006131 ave match: 0.011836 ave solve: 0.000808  ave ICP: 0.013998  map incre: 0.003035 ave total: 0.020377 icp: 0.012677 construct H: 0.000191 
[ mapping ]: time: IMU + Map + Input Downsample: 0.004280 ave match: 0.011837 ave solve: 0.000808  ave ICP: 0.013606  map incre: 0.002153 ave total: 0.020376 icp: 0.012678 construct H: 0.000191 
[ mapping ]: time: IMU + Map + Input Downsample: 0.006248 ave match: 0.011839 ave solve: 0.000809  ave ICP: 0.014242  map incre: 0.003236 ave total: 0.020381 icp: 0.012680 construct H: 0.000191 
[ mapping ]: time: IMU + Map + Input Downsample: 0.005345 ave match: 0.011840 ave solve: 0.000809  ave ICP: 0.013234  map incre: 0.002148 ave total: 0.020382 icp: 0.012681 construct H: 0.000191 
[ mapping ]: time: IMU + Map + Input Downsample: 0.006293 ave match: 0.011841 ave solve: 0.000809  ave ICP: 0.013573  map incre: 0.003879 ave total: 0.020387 icp: 0.012682 construct H: 0.000191 
[ mapping ]: time: IMU + Map + Input Downsample: 0.006419 ave match: 0.011842 ave solve: 0.000809  ave ICP: 0.013919  map incre: 0.003102 ave total: 0.020391 icp: 0.012684 construct H: 0.000192 
[ mapping ]: time: IMU + Map + Input Downsample: 0.006135 ave match: 0.011843 ave solve: 0.000809  ave ICP: 0.013443  map incre: 0.002162 ave total: 0.020393 icp: 0.012685 construct H: 0.000192 
[ mapping ]: time: IMU + Map + Input Downsample: 0.004333 ave match: 0.011840 ave solve: 0.000810  ave ICP: 0.010816  map incre: 0.002585 ave total: 0.020389 icp: 0.012682 construct H: 0.000192 
[ mapping ]: time: IMU + Map + Input Downsample: 0.006161 ave match: 0.011840 ave solve: 0.000810  ave ICP: 0.013305  map incre: 0.002290 ave total: 0.020391 icp: 0.012683 construct H: 0.000192 
[ mapping ]: time: IMU + Map + Input Downsample: 0.004325 ave match: 0.011842 ave solve: 0.000810  ave ICP: 0.013894  map incre: 0.002782 ave total: 0.020392 icp: 0.012685 construct H: 0.000192 
[ mapping ]: time: IMU + Map + Input Downsample: 0.004325 ave match: 0.011844 ave solve: 0.000810  ave ICP: 0.014224  map incre: 0.002938 ave total: 0.020394 icp: 0.012687 construct H: 0.000192 
[ mapping ]: time: IMU + Map + Input Downsample: 0.006279 ave match: 0.011848 ave solve: 0.000811  ave ICP: 0.015768  map incre: 0.003918 ave total: 0.020402 icp: 0.012691 construct H: 0.000192 
[ mapping ]: time: IMU + Map + Input Downsample: 0.006367 ave match: 0.011852 ave solve: 0.000811  ave ICP: 0.016553  map incre: 0.004236 ave total: 0.020412 icp: 0.012697 construct H: 0.000192 
[ mapping ]: time: IMU + Map + Input Downsample: 0.005023 ave match: 0.011855 ave solve: 0.000812  ave ICP: 0.015522  map incre: 0.003645 ave total: 0.020417 icp: 0.012701 construct H: 0.000192 
[ mapping ]: time: IMU + Map + Input Downsample: 0.006512 ave match: 0.011858 ave solve: 0.000813  ave ICP: 0.014739  map incre: 0.003118 ave total: 0.020423 icp: 0.012703 construct H: 0.000192 
[ mapping ]: time: IMU + Map + Input Downsample: 0.006154 ave match: 0.011858 ave solve: 0.000813  ave ICP: 0.012826  map incre: 0.001915 ave total: 0.020424 icp: 0.012703 construct H: 0.000192 
[ mapping ]: time: IMU + Map + Input Downsample: 0.006169 ave match: 0.011859 ave solve: 0.000813  ave ICP: 0.013563  map incre: 0.002188 ave total: 0.020426 icp: 0.012705 construct H: 0.000192 
[ mapping ]: time: IMU + Map + Input Downsample: 0.004218 ave match: 0.011859 ave solve: 0.000813  ave ICP: 0.013327  map incre: 0.002868 ave total: 0.020426 icp: 0.012705 construct H: 0.000193 
[ mapping ]: time: IMU + Map + Input Downsample: 0.004259 ave match: 0.011860 ave solve: 0.000813  ave ICP: 0.013509  map incre: 0.002333 ave total: 0.020425 icp: 0.012706 construct H: 0.000193 
[ mapping ]: time: IMU + Map + Input Downsample: 0.006213 ave match: 0.011860 ave solve: 0.000814  ave ICP: 0.013414  map incre: 0.003617 ave total: 0.020430 i[INFO] [1775739107.063009, 70.717000]: 帧 706: 检测到 15 个目标
[INFO] [1775739107.071820, 70.803000]: 转换得到 126766 个点
Inference ━━━━━━━━━━━━━━━━━━━━━━━━━━━━━━━━━━━━━━━━   
[INFO] [1775739107.105642, 70.815000]: 帧 707: 检测到 14 个目标
[INFO] [1775739107.116070, 70.903000]: 转换得到 126818 个点
Inference ━━━━━━━━━━━━━━━━━━━━━━━━━━━━━━━━━━━━━━━━   
[INFO] [1775739107.151071, 70.915000]: 帧 708: 检测到 18 个目标
[INFO] [1775739107.160815, 71.003000]: 转换得到 126722 个点
Inference ━━━━━━━━━━━━━━━━━━━━━━━━━━━━━━━━━━━━━━━━   
[INFO] [1775739107.197168, 71.015000]: 帧 709: 检测到 15 个目标
[INFO] [1775739107.210184, 71.103000]: 转换得到 126743 个点
Inference ━━━━━━━━━━━━━━━━━━━━━━━━━━━━━━━━━━━━━━━━   
[INFO] [1775739107.241939, 71.115000]: 帧 710: 检测到 20 个目标
[INFO] [1775739107.253460, 71.203000]: 转换得到 126680 个点
Inference ━━━━━━━━━━━━━━━━━━━━━━━━━━━━━━━━━━━━━━━━   
[INFO] [1775739107.286636, 71.215000]: 帧 711: 检测到 19 个目标
[INFO] [1775739107.294615, 71.303000]: 转换得到 126563 个点
Inference ━━━━━━━━━━━━━━━━━━━━━━━━━━━━━━━━━━━━━━━━   
[INFO] [1775739107.326272, 71.313000]: 帧 712: 检测到 13 个目标
[INFO] [1775739107.340211, 71.403000]: 转换得到 126597 个点
Inference ━━━━━━━━━━━━━━━━━━━━━━━━━━━━━━━━━━━━━━━━   
[INFO] [1775739107.370251, 71.413000]: 帧 713: 检测到 16 个目标
[INFO] [1775739107.382565, 71.503000]: 转换得到 126617 个点
Inference ━━━━━━━━━━━━━━━━━━━━━━━━━━━━━━━━━━━━━━━━   
[INFO] [1775739103.363065, 62.701000]: [offline_bag_feeder] frame=628 lidar stamp=62.701000
[INFO] [1775739103.406294, 62.801000]: [offline_bag_feeder] frame=629 lidar stamp=62.801000
[INFO] [1775739103.450080, 62.901000]: [offline_bag_feeder] frame=630 lidar stamp=62.901000
[INFO] [1775739103.488565, 63.001000]: [offline_bag_feeder] frame=631 lidar stamp=63.001000
[INFO] [1775739103.532039, 63.101000]: [offline_bag_feeder] frame=632 lidar stamp=63.101000
[INFO] [1775739103.579370, 63.201000]: [offline_bag_feeder] frame=633 lidar stamp=63.201000
[INFO] [1775739103.616161, 63.301000]: [offline_bag_feeder] frame=634 lidar stamp=63.301000
[INFO] [1775739103.653773, 63.401000]: [offline_bag_feeder] frame=635 lidar stamp=63.401000
[INFO] [1775739103.696641, 63.501000]: [offline_bag_feeder] frame=636 lidar stamp=63.501000
[INFO] [1775739103.739892, 63.601000]: [offline_bag_feeder] frame=637 lidar stamp=63.601000
[INFO] [1775739103.777059, 63.701000]: [offline_bag_feeder] frame=638 lidar stamp=63.701000
[INFO] [1775739103.813008, 63.801000]: [offline_bag_feeder] frame=639 lidar stamp=63.801000
[INFO] [1775739103.850961, 63.901000]: [offline_bag_feeder] frame=640 lidar stamp=63.901000
[INFO] [1775739103.888955, 64.001000]: [offline_bag_feeder] frame=641 lidar stamp=64.001000
[INFO] [1775739103.931855, 64.101000]: [offline_bag_feeder] frame=642 lidar stamp=64.101000
[INFO] [1775739103.969211, 64.201000]: [offline_bag_feeder] frame=643 lidar stamp=64.201000
[INFO] [1775739104.011209, 64.301000]: [offline_bag_feeder] frame=644 lidar stamp=64.301000
[INFO] [1775739104.053857, 64.401000]: [offline_bag_feeder] frame=645 lidar stamp=64.401000
[INFO] [1775739104.099666, 64.501000]: [offline_bag_feeder] frame=646 lidar stamp=64.501000
[INFO] [1775739104.142970, 64.601000]: [offline_bag_feeder] frame=647 lidar stamp=64.601000
[INFO] [1775739104.191036, 64.701000]: [offline_bag_feeder] frame=648 lidar stamp=64.701000
[INFO] [1775739104.233719, 64.801000]: [offline_bag_feeder] frame=649 lidar stamp=64.801000
[INFO] [1775739104.277271, 64.901000]: [offline_bag_feeder] frame=650 lidar stamp=64.901000
[INFO] [1775739104.317765, 65.001000]: [offline_bag_feeder] frame=651 lidar stamp=65.001000
[INFO] [1775739104.355916, 65.101000]: [offline_bag_feeder] frame=652 lidar stamp=65.101000
[INFO] [1775739104.400905, 65.201000]: [offline_bag_feeder] frame=653 lidar stamp=65.201000
[INFO] [1775739104.453156, 65.301000]: [offline_bag_feeder] frame=654 lidar stamp=65.301000
[INFO] [1775739104.512264, 65.401000]: [offline_bag_feeder] frame=655 lidar stamp=65.401000
[INFO] [1775739104.564489, 65.501000]: [offline_bag_feeder] frame=656 lidar stamp=65.501000
[INFO] [1775739104.614811, 65.601000]: [offline_bag_feeder] frame=657 lidar stamp=65.601000
[INFO] [1775739104.660774, 65.701000]: [offline_bag_feeder] frame=658 lidar stamp=65.701000
[INFO] [1775739104.715801, 65.801000]: [offline_bag_feeder] frame=659 lidar stamp=65.801000
[INFO] [1775739104.764884, 65.901000]: [offline_bag_feeder] frame=660 lidar stamp=65.901000
[INFO] [1775739104.818289, 66.001000]: [offline_bag_feeder] frame=661 lidar stamp=66.001000
[INFO] [1775739104.869326, 66.101000]: [offline_bag_feeder] frame=662 lidar stamp=66.101000
[INFO] [1775739104.919634, 66.201000]: [offline_bag_feeder] frame=663 lidar stamp=66.201000
[INFO] [1775739104.978136, 66.301000]: [offline_bag_feeder] frame=664 lidar stamp=66.301000
[INFO] [1775739105.023750, 66.401000]: [offline_bag_feeder] frame=665 lidar stamp=66.401000
[INFO] [1775739105.066963, 66.501000]: [offline_bag_feeder] frame=666 lidar stamp=66.501000
[INFO] [1775739105.108133, 66.601000]: [offline_bag_feeder] frame=667 lidar stamp=66.601000
[INFO] [1775739105.150738, 66.701000]: [offline_bag_feeder] frame=668 lidar stamp=66.701000
[INFO] [1775739105.189326, 66.801000]: [offline_bag_feeder] frame=669 lidar stamp=66.801000
[INFO] [1775739105.231851, 66.901000]: [offline_bag_feeder] frame=670 lidar stamp=66.901000
[INFO] [1775739105.284978, 67.001000]: [offline_bag_feeder] frame=671 lidar stamp=67.001000
[INFO] [1775739105.336004, 67.101000]: [offline_bag_feeder] frame=672 lidar stamp=67.101000
[INFO] [1775739105.388717, 67.201000]: [offline_bag_feeder] frame=673 lidar stamp=67.201000
[INFO] [1775739105.433777, 67.301000]: [offline_bag_feeder] frame=674 lidar stamp=67.301000
[INFO] [1775739105.480936, 67.401000]: [offline_bag_feeder] frame=675 lidar stamp=67.401000
[INFO] [1775739105.521307, 67.501000]: [offline_bag_feeder] frame=676 lidar stamp=67.501000
[INFO] [1775739105.569159, 67.601000]: [offline_bag_feeder] frame=677 lidar stamp=67.601000
[INFO] [1775739105.616043, 67.701000]: [offline_bag_feeder] frame=678 lidar stamp=67.701000
[INFO] [1775739105.653954, 67.801000]: [offline_bag_feeder] frame=679 lidar stamp=67.801000
[INFO] [1775739105.693672, 67.901000]: [offline_bag_feeder] frame=680 lidar stamp=67.901000
[INFO] [1775739105.742697, 68.001000]: [offline_bag_feeder] frame=681 lidar stamp=68.001000
[INFO] [1775739105.787932, 68.101000]: [offline_bag_feeder] frame=682 lidar stamp=68.101000
[INFO] [1775739105.841975, 68.201000]: [offline_bag_feeder] frame=683 lidar stamp=68.201000
[INFO] [1775739105.898633, 68.301000]: [offline_bag_feeder] frame=684 lidar stamp=68.301000
[INFO] [1775739105.953268, 68.401000]: [offline_bag_feeder] frame=685 lidar stamp=68.401000
[INFO] [1775739106.008641, 68.501000]: [offline_bag_feeder] frame=686 lidar stamp=68.501000
[INFO] [1775739106.058625, 68.601000]: [offline_bag_feeder] frame=687 lidar stamp=68.601000
[INFO] [1775739106.097901, 68.701000]: [offline_bag_feeder] frame=688 lidar stamp=68.701000
[INFO] [1775739106.142553, 68.801000]: [offline_bag_feeder] frame=689 lidar stamp=68.801000
[INFO] [1775739106.185380, 68.901000]: [offline_bag_feeder] frame=690 lidar stamp=68.901000
[INFO] [1775739106.234271, 69.001000]: [offline_bag_feeder] frame=691 lidar stamp=69.001000
[INFO] [1775739106.284784, 69.101000]: [offline_bag_feeder] frame=692 lidar stamp=69.101000
[INFO] [1775739106.333909, 69.201000]: [offline_bag_feeder] frame=693 lidar stamp=69.201000
[INFO] [1775739106.384359, 69.301000]: [offline_bag_feeder] frame=694 lidar stamp=69.301000
[INFO] [1775739106.432505, 69.401000]: [offline_bag_feeder] frame=695 lidar stamp=69.401000
[INFO] [1775739106.476297, 69.501000]: [offline_bag_feeder] frame=696 lidar stamp=69.501000
[INFO] [1775739106.519227, 69.601000]: [offline_bag_feeder] frame=697 lidar stamp=69.601000
[INFO] [1775739106.566164, 69.701000]: [offline_bag_feeder] frame=698 lidar stamp=69.701000
[INFO] [1775739106.607995, 69.801000]: [offline_bag_feeder] frame=699 lidar stamp=69.801000
[INFO] [1775739106.657971, 69.901000]: [offline_bag_feeder] frame=700 lidar stamp=69.901000
[INFO] [1775739106.707672, 70.001000]: [offline_bag_feeder] frame=701 lidar stamp=70.001000
[INFO] [1775739106.751750, 70.101000]: [offline_bag_feeder] frame=702 lidar stamp=70.101000
[INFO] [1775739106.796685, 70.201000]: [offline_bag_feeder] frame=703 lidar stamp=70.201000
[INFO] [1775739106.839877, 70.301000]: [offline_bag_feeder] frame=704 lidar stamp=70.301000
[INFO] [1775739106.882322, 70.401000]: [offline_bag_feeder] frame=705 lidar stamp=70.401000
[INFO] [1775739106.926750, 70.501000]: [offline_bag_feeder] frame=706 lidar stamp=70.501000
[INFO] [1775739106.970421, 70.601000]: [offline_bag_feeder] frame=707 lidar stamp=70.601000
[INFO] [1775739107.019991, 70.701000]: [offline_bag_feeder] frame=708 lidar stamp=70.701000
[INFO] [1775739107.068108, 70.801000]: [offline_bag_feeder] frame=709 lidar stamp=70.801000
[INFO] [1775739107.113369, 70.901000]: [offline_bag_feeder] frame=710 lidar stamp=70.901000
[INFO] [1775739107.157114, 71.001000]: [offline_bag_feeder] frame=711 lidar stamp=71.001000
[INFO] [1775739107.206743, 71.101000]: [offline_bag_feeder] frame=712 lidar stamp=71.101000
[INFO] [1775739107.249488, 71.201000]: [offline_bag_feeder] frame=713 lidar stamp=71.201000
[INFO] [1775739107.291949, 71.301000]: [offline_bag_feeder] frame=714 lidar stamp=71.301000
[INFO] [1775739107.336064, 71.401000]: [offline_bag_feeder] frame=715 lidar stamp=71.401000
[INFO] [1775739107.378973, 71.501000]: [offline_bag_feeder] frame=716 lidar stamp=71.501000
[INFO] [1775739107.424639, 71.601000]: [offline_bag_feeder] frame=717 lidar stamp=71.601000
[INFO] [1775739107.412845, 71.513000]: 帧 714: 检测到 15 个目标
[INFO] [1775739107.427220, 71.603000]: 转换得到 126547 个点
Inference ━━━━━━━━━━━━━━━━━━━━━━━━━━━━━━━━━━━━━━━━   
[INFO] [1775739107.466010, 71.617000]: 帧 715: 检测到 18 个目标
[INFO] [1775739107.478558, 71.703000]: 转换得到 126575 个点
Inference ━━━━━━━━━━━━━━━━━━━━━━━━━━━━━━━━━━━━━━━━   
[INFO] [1775739107.510353, 71.715000]: 帧 716: 检测到 17 个目标
[INFO] [1775739107.521446, 71.803000]: 转换得到 126601 个点
Inference ━━━━━━━━━━━━━━━━━━━━━━━━━━━━━━━━━━━━━━━━   
[INFO] [1775739107.553159, 71.815000]: 帧 717: 检测到 16 个目标
[INFO] [1775739107.565600, 71.903000]: 转换得到 126577 个点
Inference ━━━━━━━━━━━━━━━━━━━━━━━━━━━━━━━━━━━━━━━━   
[INFO] [1775739107.595716, 71.913000]: 帧 718: 检测到 15 个目标
[INFO] [1775739107.604666, 72.003000]: 转换得到 126586 个点
Inference ━━━━━━━━━━━━━━━━━━━━━━━━━━━━━━━━━━━━━━━━   
[INFO] [1775739107.640525, 72.015000]: 帧 719: 检测到 15 个目标
[INFO] [1775739107.641395, 72.015000]: PointPillars计时汇总(20帧均值): 点云解析=1.8ms, 临时落盘=0.9ms, 模型推理=30.2ms, 结果提取=0.1ms, 清理临时文件=0.2ms, 相机坐标转换=0.9ms, 发布Detection3DArray=0.1ms, 发布MarkerArray=0.4ms, 发布KITTI串=0.1ms, 发布LiDAR串=0.0ms, 纯计算总耗时=35.6ms, 限速休眠=0.9ms, 墙钟总耗时=36.5ms
[INFO] [1775739107.647641, 72.103000]: 转换得到 126675 个点
Inference ━━━━━━━━━━━━━━━━━━━━━━━━━━━━━━━━━━━━━━━━   
[INFO] [1775739107.681202, 72.115000]: 帧 720: 检测到 13 个目标
[INFO] [1775739107.689822, 72.203000]: 转换得到 126694 个点
Inference ━━━━━━━━━━━━━━━━━━━━━━━━━━━━━━━━━━━━━━━━   
[INFO] [1775739107.721548, 72.213000]: 帧 721: 检测到 17 个目标
[INFO] [1775739107.732865, 72.303000]: 转换得到 126730 个点
Inference ━━━━━━━━━━━━━━━━━━━━━━━━━━━━━━━━━━━━━━━━   
[INFO] [1775739107.767833, 72.315000]: 帧 722: 检测到 19 个目标
[INFO] [1775739107.776559, 72.403000]: 转换得到 126677 个点
Inference ━━━━━━━━━━━━━━━━━━━━━━━━━━━━━━━━━━━━━━━━   
[INFO] [1775739107.808365, 72.413000]: 帧 723: 检测到 18 个目标
[INFO] [1775739107.818557, 72.503000]: 转换得到 126701 个点
Inference ━━━━━━━━━━━━━━━━━━━━━━━━━━━━━━━━━━━━━━━━   
[INFO] [1775739107.852851, 72.515000]: 帧 724: 检测到 21 个目标
[INFO] [1775739107.861973, 72.603000]: 转换得到 126797 个点
Inference ━━━━━━━━━━━━━━━━━━━━━━━━━━━━━━━━━━━━━━━━   
[INFO] [1775739107.897643, 72.615000]: 帧 725: 检测到 15 个目标
[INFO] [1775739107.904574, 72.703000]: 转换得到 126825 个点
Inference ━━━━━━━━━━━━━━━━━━━━━━━━━━━━━━━━━━━━━━━━   
[INFO] [1775739107.946285, 72.717000]: 帧 726: 检测到 22 个目标
[INFO] [1775739107.956040, 72.803000]: 转换得到 126927 个点
Inference ━━━━━━━━━━━━━━━━━━━━━━━━━━━━━━━━━━━━━━━━   
cp: 0.012707 construct H: 0.000193 
[ mapping ]: time: IMU + Map + Input Downsample: 0.006338 ave match: 0.011862 ave solve: 0.000815  ave ICP: 0.014646  map incre: 0.006914 ave total: 0.020440 icp: 0.012710 construct H: 0.000193 
[ mapping ]: time: IMU + Map + Input Downsample: 0.004275 ave match: 0.011864 ave solve: 0.000815  ave ICP: 0.013987  map incre: 0.002127 ave total: 0.020440 icp: 0.012712 construct H: 0.000193 
[ mapping ]: time: IMU + Map + Input Downsample: 0.004299 ave match: 0.011865 ave solve: 0.000815  ave ICP: 0.013924  map incre: 0.002482 ave total: 0.020441 icp: 0.012713 construct H: 0.000193 
[ mapping ]: time: IMU + Map + Input Downsample: 0.004247 ave match: 0.011867 ave solve: 0.000815  ave ICP: 0.014001  map incre: 0.002589 ave total: 0.020441 icp: 0.012715 construct H: 0.000193 
[ mapping ]: time: IMU + Map + Input Downsample: 0.004287 ave match: 0.011868 ave solve: 0.000815  ave ICP: 0.013913  map incre: 0.002781 ave total: 0.020442 icp: 0.012717 construct H: 0.000193 
[ mapping ]: time: IMU + Map + Input Downsample: 0.004284 ave match: 0.011870 ave solve: 0.000816  ave ICP: 0.014468  map incre: 0.002514 ave total: 0.020443 icp: 0.012719 construct H: 0.000193 
[ mapping ]: time: IMU + Map + Input Downsample: 0.006395 ave match: 0.011873 ave solve: 0.000816  ave ICP: 0.015452  map incre: 0.003910 ave total: 0.020451 icp: 0.012723 construct H: 0.000194 
[ mapping ]: time: IMU + Map + Input Downsample: 0.004284 ave match: 0.011877 ave solve: 0.000817  ave ICP: 0.015399  map incre: 0.002779 ave total: 0.020454 icp: 0.012727 construct H: 0.000194 
[ mapping ]: time: IMU + Map + Input Downsample: 0.004527 ave match: 0.011879 ave solve: 0.000817  ave ICP: 0.014592  map incre: 0.002825 ave total: 0.020456 icp: 0.012729 construct H: 0.000194 
[ mapping ]: time: IMU + Map + Input Downsample: 0.001401 ave match: 0.011882 ave solve: 0.000817  ave ICP: 0.014640  map incre: 0.001724 ave total: 0.020452 icp: 0.012732 construct H: 0.000194 
[ mapping ]: time: IMU + Map + Input Downsample: 0.004281 ave match: 0.011884 ave solve: 0.000817  ave ICP: 0.014475  map incre: 0.003138 ave total: 0.020454 icp: 0.012734 construct H: 0.000194 
[ mapping ]: time: IMU + Map + Input Downsample: 0.006286 ave match: 0.011888 ave solve: 0.000818  ave ICP: 0.016391  map incre: 0.004521 ave total: 0.020464 icp: 0.012739 construct H: 0.000194 
[ mapping ]: time: IMU + Map + Input Downsample: 0.006229 ave match: 0.011891 ave solve: 0.000819  ave ICP: 0.016009  map incre: 0.004402 ave total: 0.020472 icp: 0.012744 construct H: 0.000194 
[ mapping ]: time: IMU + Map + Input Downsample: 0.004723 ave match: 0.011894 ave solve: 0.000820  ave ICP: 0.015239  map incre: 0.003145 ave total: 0.020476 icp: 0.012747 construct H: 0.000195 
[ mapping ]: time: IMU + Map + Input Downsample: 0.005437 ave match: 0.011897 ave solve: 0.000820  ave ICP: 0.014929  map incre: 0.003403 ave total: 0.020481 icp: 0.012750 construct H: 0.000195 
[ mapping ]: time: IMU + Map + Input Downsample: 0.004352 ave match: 0.011900 ave solve: 0.000820  ave ICP: 0.014874  map incre: 0.002259 ave total: 0.020482 icp: 0.012753 construct H: 0.000195 
[ mapping ]: time: IMU + Map + Input Downsample: 0.006386 ave match: 0.011904 ave solve: 0.000821  ave ICP: 0.016478  map incre: 0.003363 ave total: 0.020490 icp: 0.012758 construct H: 0.000195 
[ mapping ]: time: IMU + Map + Input Downsample: 0.006302 ave match: 0.011907 ave solve: 0.000822  ave ICP: 0.015605  map incre: 0.005439 ave total: 0.020500 icp: 0.012762 construct H: 0.000195 
[ mapping ]: time: IMU + Map + Input Downsample: 0.006252 ave match: 0.011908 ave solve: 0.000822  ave ICP: 0.014000  map incre: 0.002084 ave total: 0.020502 icp: 0.012764 construct H: 0.000195 
[ mapping ]: time: IMU + Map + Input Downsample: 0.006292 ave match: 0.011910 ave solve: 0.000823  ave ICP: 0.015079  map incre: 0.003081 ave total: 0.020508 icp: 0.012767 construct H: 0.000196 
[ mapping ]: time: IMU + Map + Input Downsample: 0.006390 ave match: 0.011912 ave solve: 0.000824  ave ICP: 0.014440  map incre: 0.002518 ave total: 0.020512 ic[INFO] [1775739107.995047, 72.817000]: 帧 727: 检测到 18 个目标
[INFO] [1775739108.007909, 72.903000]: 转换得到 126914 个点
Inference ━━━━━━━━━━━━━━━━━━━━━━━━━━━━━━━━━━━━━━━━   
[INFO] [1775739108.038960, 72.915000]: 帧 728: 检测到 13 个目标
[INFO] [1775739108.055218, 73.003000]: 转换得到 127063 个点
Inference ━━━━━━━━━━━━━━━━━━━━━━━━━━━━━━━━━━━━━━━━   
[INFO] [1775739108.085134, 73.015000]: 帧 729: 检测到 15 个目标
[INFO] [1775739108.097346, 73.103000]: 转换得到 127032 个点
Inference ━━━━━━━━━━━━━━━━━━━━━━━━━━━━━━━━━━━━━━━━   
[INFO] [1775739108.126956, 73.113000]: 帧 730: 检测到 20 个目标
[INFO] [1775739108.136029, 73.203000]: 转换得到 127046 个点
Inference ━━━━━━━━━━━━━━━━━━━━━━━━━━━━━━━━━━━━━━━━   
[INFO] [1775739108.167218, 73.215000]: 帧 731: 检测到 18 个目标
[INFO] [1775739108.179505, 73.303000]: 转换得到 127052 个点
Inference ━━━━━━━━━━━━━━━━━━━━━━━━━━━━━━━━━━━━━━━━   
[INFO] [1775739108.210791, 73.315000]: 帧 732: 检测到 11 个目标
[INFO] [1775739108.223148, 73.403000]: 转换得到 127117 个点
Inference ━━━━━━━━━━━━━━━━━━━━━━━━━━━━━━━━━━━━━━━━   
[INFO] [1775739108.266290, 73.419000]: 帧 733: 检测到 18 个目标
[INFO] [1775739108.281813, 73.503000]: 转换得到 127031 个点
Inference ━━━━━━━━━━━━━━━━━━━━━━━━━━━━━━━━━━━━━━━━   
[INFO] [1775739108.318968, 73.517000]: 帧 734: 检测到 16 个目标
[INFO] [1775739108.333060, 73.603000]: 转换得到 127097 个点
Inference ━━━━━━━━━━━━━━━━━━━━━━━━━━━━━━━━━━━━━━━━   
[INFO] [1775739108.371315, 73.617000]: 帧 735: 检测到 16 个目标
[INFO] [1775739108.378244, 73.703000]: 转换得到 127054 个点
Inference ━━━━━━━━━━━━━━━━━━━━━━━━━━━━━━━━━━━━━━━━   
[INFO] [1775739108.410520, 73.715000]: 帧 736: 检测到 16 个目标
[INFO] [1775739108.422148, 73.803000]: 转换得到 127147 个点
Inference ━━━━━━━━━━━━━━━━━━━━━━━━━━━━━━━━━━━━━━━━   
[INFO] [1775739108.452645, 73.813000]: 帧 737: 检测到 15 个目标
[INFO] [1775739108.461512, 73.903000]: 转换得到 126889 个点
Inference ━━━━━━━━━━━━━━━━━━━━━━━━━━━━━━━━━━━━━━━━   
[WARN] [1775739108.497909, 73.917000]: 待处理检测结果积压过多，已丢弃最旧的一帧
[INFO] [1775739108.497234, 73.915000]: 帧 738: 检测到 13 个目标
[INFO] [1775739108.512469, 74.003000]: 转换得到 126942 个点
Inference ━━━━━━━━━━━━━━━━━━━━━━━━━━━━━━━━━━━━━━━━   
[INFO] [1775739108.547960, 74.015000]: 帧 739: 检测到 12 个目标
[INFO] [1775739108.548832, 74.017000]: PointPillars计时汇总(20帧均值): 点云解析=1.7ms, 临时落盘=0.7ms, 模型推理=30.8ms, 结果提取=0.1ms, 清理临时文件=0.2ms, 相机坐标转换=1.0ms, 发布Detection3DArray=0.1ms, 发布MarkerArray=0.5ms, 发布KITTI串=0.1ms, 发布LiDAR串=0.0ms, 纯计算总耗时=36.2ms, 限速休眠=1.1ms, 墙钟总耗时=37.3ms
[INFO] [1775739108.560388, 74.103000]: 转换得到 126870 个点
Inference ━━━━━━━━━━━━━━━━━━━━━━━━━━━━━━━━━━━━━━━━   
[INFO] [1775739108.593179, 74.115000]: 帧 740: 检测到 10 个目标
[INFO] [1775739108.604154, 74.203000]: 转换得到 126902 个点
Inference ━━━━━━━━━━━━━━━━━━━━━━━━━━━━━━━━━━━━━━━━   
[INFO] [1775739108.635849, 74.215000]: 帧 741: 检测到 16 个目标
[INFO] [1775739108.645381, 74.303000]: 转换得到 126817 个点
Inference ━━━━━━━━━━━━━━━━━━━━━━━━━━━━━━━━━━━━━━━━   
[INFO] [1775739108.681553, 74.315000]: 帧 742: 检测到 14 个目标
[INFO] [1775739108.691622, 74.403000]: 转换得到 126831 个点
Inference ━━━━━━━━━━━━━━━━━━━━━━━━━━━━━━━━━━━━━━━━   
[INFO] [1775739108.722410, 74.415000]: 帧 743: 检测到 9 个目标
[INFO] [1775739108.732566, 74.503000]: 转换得到 126856 个点
Inference ━━━━━━━━━━━━━━━━━━━━━━━━━━━━━━━━━━━━━━━━   
[INFO] [1775739108.763317, 74.513000]: 帧 744: 检测到 11 个目标
[INFO] [1775739108.769702, 74.603000]: 转换得到 126901 个点
Inference ━━━━━━━━━━━━━━━━━━━━━━━━━━━━━━━━━━━━━━━━   
[INFO] [1775739108.802069, 74.613000]: 帧 745: 检测到 12 个目标
[INFO] [1775739108.814780, 74.703000]: 转换得到 126893 个点
Inference ━━━━━━━━━━━━━━━━━━━━━━━━━━━━━━━━━━━━━━━━   
[INFO] [1775739108.844486, 74.713000]: 帧 746: 检测到 10 个目标
[INFO] [1775739108.854633, 74.803000]: 转换得到 126774 个点
Inference ━━━━━━━━━━━━━━━━━━━━━━━━━━━━━━━━━━━━━━━━   
[INFO] [1775739108.893252, 74.817000]: 帧 747: 检测到 9 个目标
[INFO] [1775739108.902488, 74.903000]: 转换得到 126749 个点
Inference ━━━━━━━━━━━━━━━━━━━━━━━━━━━━━━━━━━━━━━━━   
p: 0.012769 construct H: 0.000196 
[ mapping ]: time: IMU + Map + Input Downsample: 0.004325 ave match: 0.011915 ave solve: 0.000824  ave ICP: 0.015752  map incre: 0.002432 ave total: 0.020515 icp: 0.012773 construct H: 0.000196 
[ mapping ]: time: IMU + Map + Input Downsample: 0.006220 ave match: 0.011919 ave solve: 0.000825  ave ICP: 0.016320  map incre: 0.003369 ave total: 0.020522 icp: 0.012778 construct H: 0.000196 
[ mapping ]: time: IMU + Map + Input Downsample: 0.006134 ave match: 0.011924 ave solve: 0.000826  ave ICP: 0.016752  map incre: 0.011102 ave total: 0.020541 icp: 0.012783 construct H: 0.000196 
[ mapping ]: time: IMU + Map + Input Downsample: 0.005582 ave match: 0.011932 ave solve: 0.000827  ave ICP: 0.019585  map incre: 0.001949 ave total: 0.020550 icp: 0.012792 construct H: 0.000197 
[ mapping ]: time: IMU + Map + Input Downsample: 0.006382 ave match: 0.011942 ave solve: 0.000828  ave ICP: 0.020518  map incre: 0.004690 ave total: 0.020566 icp: 0.012803 construct H: 0.000197 
[ mapping ]: time: IMU + Map + Input Downsample: 0.006092 ave match: 0.011949 ave solve: 0.000829  ave ICP: 0.018775  map incre: 0.003436 ave total: 0.020576 icp: 0.012811 construct H: 0.000197 
[ mapping ]: time: IMU + Map + Input Downsample: 0.006298 ave match: 0.011954 ave solve: 0.000829  ave ICP: 0.016813  map incre: 0.002819 ave total: 0.020584 icp: 0.012817 construct H: 0.000197 
[ mapping ]: time: IMU + Map + Input Downsample: 0.004257 ave match: 0.011951 ave solve: 0.000830  ave ICP: 0.011473  map incre: 0.002492 ave total: 0.020580 icp: 0.012815 construct H: 0.000197 
[ mapping ]: time: IMU + Map + Input Downsample: 0.004383 ave match: 0.011954 ave solve: 0.000830  ave ICP: 0.015337  map incre: 0.002858 ave total: 0.020583 icp: 0.012818 construct H: 0.000197 
[ mapping ]: time: IMU + Map + Input Downsample: 0.004224 ave match: 0.011955 ave solve: 0.000830  ave ICP: 0.013524  map incre: 0.002696 ave total: 0.020583 icp: 0.012819 construct H: 0.000198 
[ mapping ]: time: IMU + Map + Input Downsample: 0.004411 ave match: 0.011960 ave solve: 0.000831  ave ICP: 0.016848  map incre: 0.003185 ave total: 0.020588 icp: 0.012824 construct H: 0.000198 
[ mapping ]: time: IMU + Map + Input Downsample: 0.004266 ave match: 0.011964 ave solve: 0.000831  ave ICP: 0.016222  map incre: 0.002446 ave total: 0.020592 icp: 0.012829 construct H: 0.000198 
[ mapping ]: time: IMU + Map + Input Downsample: 0.006240 ave match: 0.011967 ave solve: 0.000831  ave ICP: 0.015053  map incre: 0.002639 ave total: 0.020596 icp: 0.012832 construct H: 0.000198 
[ mapping ]: time: IMU + Map + Input Downsample: 0.006336 ave match: 0.011972 ave solve: 0.000832  ave ICP: 0.017357  map incre: 0.003830 ave total: 0.020606 icp: 0.012838 construct H: 0.000198 
[ mapping ]: time: IMU + Map + Input Downsample: 0.004363 ave match: 0.011971 ave solve: 0.000833  ave ICP: 0.012143  map incre: 0.003735 ave total: 0.020605 icp: 0.012837 construct H: 0.000198 
[ mapping ]: time: IMU + Map + Input Downsample: 0.004404 ave match: 0.011969 ave solve: 0.000833  ave ICP: 0.012292  map incre: 0.002607 ave total: 0.020603 icp: 0.012836 construct H: 0.000198 
[ mapping ]: time: IMU + Map + Input Downsample: 0.004599 ave match: 0.011975 ave solve: 0.000833  ave ICP: 0.017113  map incre: 0.003191 ave total: 0.020609 icp: 0.012842 construct H: 0.000198 
[ mapping ]: time: IMU + Map + Input Downsample: 0.006407 ave match: 0.011981 ave solve: 0.000834  ave ICP: 0.017776  map incre: 0.003356 ave total: 0.020619 icp: 0.012848 construct H: 0.000199 
[ mapping ]: time: IMU + Map + Input Downsample: 0.006253 ave match: 0.011988 ave solve: 0.000835  ave ICP: 0.018803  map incre: 0.004419 ave total: 0.020631 icp: 0.012856 construct H: 0.000199 
[ mapping ]: time: IMU + Map + Input Downsample: 0.006277 ave match: 0.011986 ave solve: 0.000835  ave ICP: 0.012103  map incre: 0.001981 ave total: 0.020630 icp: 0.012855 construct H: 0.000199 
[ mapping ]: time: IMU + Map + Input Downsample: 0.006396 ave match: 0.011986 ave solve: 0.000836  ave ICP: 0.012715  map incre: 0.002342 ave total: 0.020632 icp[INFO] [1775739108.936001, 74.915000]: 帧 748: 检测到 14 个目标
[INFO] [1775739108.945815, 75.003000]: 转换得到 126707 个点
Inference ━━━━━━━━━━━━━━━━━━━━━━━━━━━━━━━━━━━━━━━━   
[INFO] [1775739108.978039, 75.015000]: 帧 749: 检测到 12 个目标
[INFO] [1775739108.990850, 75.103000]: 转换得到 126646 个点
Inference ━━━━━━━━━━━━━━━━━━━━━━━━━━━━━━━━━━━━━━━━   
[INFO] [1775739109.024754, 75.115000]: 帧 750: 检测到 11 个目标
[INFO] [1775739109.036197, 75.203000]: 转换得到 126579 个点
Inference ━━━━━━━━━━━━━━━━━━━━━━━━━━━━━━━━━━━━━━━━   
[INFO] [1775739109.070409, 75.215000]: 帧 751: 检测到 10 个目标
[INFO] [1775739109.078206, 75.303000]: 转换得到 126554 个点
Inference ━━━━━━━━━━━━━━━━━━━━━━━━━━━━━━━━━━━━━━━━   
[INFO] [1775739109.109046, 75.313000]: 帧 752: 检测到 13 个目标
[INFO] [1775739109.115748, 75.403000]: 转换得到 126413 个点
Inference ━━━━━━━━━━━━━━━━━━━━━━━━━━━━━━━━━━━━━━━━   
[WARN] [1775739109.164990, 75.505000]: 等待与检测时间戳对齐的位姿超时，回退使用最新 FAST-LIO 位姿
[INFO] [1775739109.149977, 75.415000]: 帧 753: 检测到 10 个目标
[INFO] [1775739109.158854, 75.503000]: 转换得到 126430 个点
Inference ━━━━━━━━━━━━━━━━━━━━━━━━━━━━━━━━━━━━━━━━   
[INFO] [1775739109.195800, 75.515000]: 帧 754: 检测到 14 个目标
[INFO] [1775739109.208118, 75.603000]: 转换得到 126498 个点
Inference ━━━━━━━━━━━━━━━━━━━━━━━━━━━━━━━━━━━━━━━━   
[INFO] [1775739109.241189, 75.615000]: 帧 755: 检测到 9 个目标
[INFO] [1775739109.253405, 75.703000]: 转换得到 126430 个点
Inference ━━━━━━━━━━━━━━━━━━━━━━━━━━━━━━━━━━━━━━━━   
[INFO] [1775739109.289782, 75.715000]: 帧 756: 检测到 11 个目标
[INFO] [1775739109.300666, 75.803000]: 转换得到 126439 个点
Inference ━━━━━━━━━━━━━━━━━━━━━━━━━━━━━━━━━━━━━━━━   
[INFO] [1775739109.340422, 75.817000]: 帧 757: 检测到 13 个目标
[INFO] [1775739109.349177, 75.903000]: 转换得到 126401 个点
Inference ━━━━━━━━━━━━━━━━━━━━━━━━━━━━━━━━━━━━━━━━   
[INFO] [1775739109.385424, 75.915000]: 帧 758: 检测到 13 个目标
[INFO] [1775739109.392202, 76.003000]: 转换得到 126355 个点
Inference ━━━━━━━━━━━━━━━━━━━━━━━━━━━━━━━━━━━━━━━━   
[INFO] [1775739109.423252, 76.013000]: 帧 759: 检测到 12 个目标
[INFO] [1775739109.423987, 76.015000]: PointPillars计时汇总(20帧均值): 点云解析=1.9ms, 临时落盘=0.8ms, 模型推理=30.4ms, 结果提取=0.1ms, 清理临时文件=0.2ms, 相机坐标转换=0.8ms, 发布Detection3DArray=0.1ms, 发布MarkerArray=0.3ms, 发布KITTI串=0.1ms, 发布LiDAR串=0.0ms, 纯计算总耗时=35.6ms, 限速休眠=1.1ms, 墙钟总耗时=36.6ms
[INFO] [1775739109.435047, 76.103000]: 转换得到 126202 个点
Inference ━━━━━━━━━━━━━━━━━━━━━━━━━━━━━━━━━━━━━━━━   
[INFO] [1775739109.468142, 76.115000]: 帧 760: 检测到 19 个目标
[INFO] [1775739109.477960, 76.203000]: 转换得到 126236 个点
Inference ━━━━━━━━━━━━━━━━━━━━━━━━━━━━━━━━━━━━━━━━   
[INFO] [1775739109.511911, 76.215000]: 帧 761: 检测到 10 个目标
[INFO] [1775739109.519610, 76.303000]: 转换得到 126191 个点
Inference ━━━━━━━━━━━━━━━━━━━━━━━━━━━━━━━━━━━━━━━━   
[INFO] [1775739109.551083, 76.313000]: 帧 762: 检测到 9 个目标
[INFO] [1775739109.564066, 76.403000]: 转换得到 126136 个点
Inference ━━━━━━━━━━━━━━━━━━━━━━━━━━━━━━━━━━━━━━━━   
[INFO] [1775739109.600061, 76.415000]: 帧 763: 检测到 14 个目标
[INFO] [1775739109.612060, 76.503000]: 转换得到 126093 个点
Inference ━━━━━━━━━━━━━━━━━━━━━━━━━━━━━━━━━━━━━━━━   
[INFO] [1775739109.641665, 76.513000]: 帧 764: 检测到 11 个目标
[INFO] [1775739109.647721, 76.603000]: 转换得到 126022 个点
Inference ━━━━━━━━━━━━━━━━━━━━━━━━━━━━━━━━━━━━━━━━   
[INFO] [1775739109.679172, 76.613000]: 帧 765: 检测到 10 个目标
[INFO] [1775739109.690385, 76.703000]: 转换得到 125905 个点
Inference ━━━━━━━━━━━━━━━━━━━━━━━━━━━━━━━━━━━━━━━━   
[INFO] [1775739109.723178, 76.715000]: 帧 766: 检测到 14 个目标
[INFO] [1775739109.733656, 76.803000]: 转换得到 125905 个点
Inference ━━━━━━━━━━━━━━━━━━━━━━━━━━━━━━━━━━━━━━━━   
[INFO] [1775739109.767488, 76.815000]: 帧 767: 检测到 11 个目标
[INFO] [1775739109.778267, 76.903000]: 转换得到 125865 个点
Inference ━━━━━━━━━━━━━━━━━━━━━━━━━━━━━━━━━━━━━━━━   
[INFO] [1775739109.812175, 76.915000]: 帧 768: 检测到 10 个目标
[INFO] [1775739109.822210, 77.003000]: 转换得到 125763 个点
Inference ━━━━━━━━━━━━━━━━━━━━━━━━━━━━━━━━━━━━━━━━   
: 0.012855 construct H: 0.000199 
[ mapping ]: time: IMU + Map + Input Downsample: 0.004306 ave match: 0.011992 ave solve: 0.000836  ave ICP: 0.018065  map incre: 0.002834 ave total: 0.020638 icp: 0.012862 construct H: 0.000199 
[ mapping ]: time: IMU + Map + Input Downsample: 0.006428 ave match: 0.011998 ave solve: 0.000837  ave ICP: 0.018391  map incre: 0.004326 ave total: 0.020649 icp: 0.012869 construct H: 0.000199 
[ mapping ]: time: IMU + Map + Input Downsample: 0.006321 ave match: 0.012003 ave solve: 0.000838  ave ICP: 0.016802  map incre: 0.002808 ave total: 0.020656 icp: 0.012875 construct H: 0.000200 
[ mapping ]: time: IMU + Map + Input Downsample: 0.006297 ave match: 0.012008 ave solve: 0.000839  ave ICP: 0.017303  map incre: 0.003004 ave total: 0.020664 icp: 0.012880 construct H: 0.000200 
[ mapping ]: time: IMU + Map + Input Downsample: 0.007997 ave match: 0.012012 ave solve: 0.000840  ave ICP: 0.017290  map incre: 0.003087 ave total: 0.020675 icp: 0.012886 construct H: 0.000200 
[ mapping ]: time: IMU + Map + Input Downsample: 0.006202 ave match: 0.012017 ave solve: 0.000841  ave ICP: 0.017254  map incre: 0.003065 ave total: 0.020683 icp: 0.012892 construct H: 0.000200 
[ mapping ]: time: IMU + Map + Input Downsample: 0.006187 ave match: 0.012022 ave solve: 0.000842  ave ICP: 0.017436  map incre: 0.002984 ave total: 0.020691 icp: 0.012898 construct H: 0.000201 
[ mapping ]: time: IMU + Map + Input Downsample: 0.006243 ave match: 0.012029 ave solve: 0.000843  ave ICP: 0.018572  map incre: 0.003023 ave total: 0.020700 icp: 0.012906 construct H: 0.000201 
[ mapping ]: time: IMU + Map + Input Downsample: 0.006078 ave match: 0.012034 ave solve: 0.000843  ave ICP: 0.017367  map incre: 0.003106 ave total: 0.020708 icp: 0.012911 construct H: 0.000201 
[ mapping ]: time: IMU + Map + Input Downsample: 0.004266 ave match: 0.012033 ave solve: 0.000844  ave ICP: 0.012585  map incre: 0.002120 ave total: 0.020706 icp: 0.012911 construct H: 0.000201 
[ mapping ]: time: IMU + Map + Input Downsample: 0.006095 ave match: 0.012034 ave solve: 0.000844  ave ICP: 0.013716  map incre: 0.002216 ave total: 0.020708 icp: 0.012912 construct H: 0.000201 
[ mapping ]: time: IMU + Map + Input Downsample: 0.004550 ave match: 0.012033 ave solve: 0.000844  ave ICP: 0.012840  map incre: 0.002603 ave total: 0.020707 icp: 0.012912 construct H: 0.000201 
[ mapping ]: time: IMU + Map + Input Downsample: 0.004406 ave match: 0.012040 ave solve: 0.000844  ave ICP: 0.017992  map incre: 0.002272 ave total: 0.020712 icp: 0.012918 construct H: 0.000202 
[ mapping ]: time: IMU + Map + Input Downsample: 0.006231 ave match: 0.012047 ave solve: 0.000845  ave ICP: 0.019163  map incre: 0.002929 ave total: 0.020722 icp: 0.012927 construct H: 0.000202 
[ mapping ]: time: IMU + Map + Input Downsample: 0.006361 ave match: 0.012054 ave solve: 0.000846  ave ICP: 0.018696  map incre: 0.003261 ave total: 0.020732 icp: 0.012934 construct H: 0.000202 
[ mapping ]: time: IMU + Map + Input Downsample: 0.006173 ave match: 0.012059 ave solve: 0.000847  ave ICP: 0.017990  map incre: 0.005810 ave total: 0.020745 icp: 0.012941 construct H: 0.000202 
[ mapping ]: time: IMU + Map + Input Downsample: 0.006294 ave match: 0.012066 ave solve: 0.000848  ave ICP: 0.018836  map incre: 0.002528 ave total: 0.020754 icp: 0.012949 construct H: 0.000202 
[ mapping ]: time: IMU + Map + Input Downsample: 0.001850 ave match: 0.012073 ave solve: 0.000849  ave ICP: 0.018952  map incre: 0.002064 ave total: 0.020757 icp: 0.012956 construct H: 0.000203 
[ mapping ]: time: IMU + Map + Input Downsample: 0.006943 ave match: 0.012079 ave solve: 0.000849  ave ICP: 0.017967  map incre: 0.002037 ave total: 0.020765 icp: 0.012963 construct H: 0.000203 
[ mapping ]: time: IMU + Map + Input Downsample: 0.006586 ave match: 0.012088 ave solve: 0.000850  ave ICP: 0.020774  map incre: 0.003294 ave total: 0.020778 icp: 0.012973 construct H: 0.000203 
[ mapping ]: time: IMU + Map + Input Downsample: 0.006505 ave match: 0.012095 ave solve: 0.000851  ave ICP: 0.018367  map incre: 0.002068 ave total: 0.020786 icp:[INFO] [1775739109.861938, 77.017000]: 帧 769: 检测到 13 个目标
[INFO] [1775739109.870466, 77.103000]: 转换得到 125684 个点
Inference ━━━━━━━━━━━━━━━━━━━━━━━━━━━━━━━━━━━━━━━━   
[INFO] [1775739109.904257, 77.115000]: 帧 770: 检测到 12 个目标
[INFO] [1775739109.914700, 77.203000]: 转换得到 125586 个点
Inference ━━━━━━━━━━━━━━━━━━━━━━━━━━━━━━━━━━━━━━━━   
[INFO] [1775739109.949743, 77.217000]: 帧 771: 检测到 13 个目标
[INFO] [1775739109.958817, 77.303000]: 转换得到 125580 个点
Inference ━━━━━━━━━━━━━━━━━━━━━━━━━━━━━━━━━━━━━━━━   
[INFO] [1775739109.991094, 77.315000]: 帧 772: 检测到 11 个目标
[INFO] [1775739110.003070, 77.403000]: 转换得到 125542 个点
Inference ━━━━━━━━━━━━━━━━━━━━━━━━━━━━━━━━━━━━━━━━   
[INFO] [1775739110.042387, 77.417000]: 帧 773: 检测到 12 个目标
[INFO] [1775739110.049753, 77.503000]: 转换得到 125407 个点
Inference ━━━━━━━━━━━━━━━━━━━━━━━━━━━━━━━━━━━━━━━━   
[INFO] [1775739110.087664, 77.517000]: 帧 774: 检测到 14 个目标
[INFO] [1775739110.097910, 77.603000]: 转换得到 125392 个点
Inference ━━━━━━━━━━━━━━━━━━━━━━━━━━━━━━━━━━━━━━━━   
[INFO] [1775739110.131500, 77.615000]: 帧 775: 检测到 11 个目标
[INFO] [1775739110.139823, 77.703000]: 转换得到 125235 个点
Inference ━━━━━━━━━━━━━━━━━━━━━━━━━━━━━━━━━━━━━━━━   
[INFO] [1775739110.170728, 77.713000]: 帧 776: 检测到 9 个目标
[INFO] [1775739110.182746, 77.803000]: 转换得到 125179 个点
Inference ━━━━━━━━━━━━━━━━━━━━━━━━━━━━━━━━━━━━━━━━   
[INFO] [1775739110.216480, 77.815000]: 帧 777: 检测到 11 个目标
[INFO] [1775739110.227977, 77.903000]: 转换得到 125217 个点
Inference ━━━━━━━━━━━━━━━━━━━━━━━━━━━━━━━━━━━━━━━━   
[INFO] [1775739110.258864, 77.915000]: 帧 778: 检测到 9 个目标
[INFO] [1775739110.269745, 78.003000]: 转换得到 125144 个点
Inference ━━━━━━━━━━━━━━━━━━━━━━━━━━━━━━━━━━━━━━━━   
[INFO] [1775739110.302089, 78.015000]: 帧 779: 检测到 11 个目标
[INFO] [1775739110.302827, 78.015000]: PointPillars计时汇总(20帧均值): 点云解析=1.8ms, 临时落盘=0.8ms, 模型推理=30.6ms, 结果提取=0.1ms, 清理临时文件=0.2ms, 相机坐标转换=0.8ms, 发布Detection3DArray=0.1ms, 发布MarkerArray=0.3ms, 发布KITTI串=0.1ms, 发布LiDAR串=0.0ms, 纯计算总耗时=35.6ms, 限速休眠=0.8ms, 墙钟总耗时=36.4ms
[INFO] [1775739110.314270, 78.103000]: 转换得到 125101 个点
Inference ━━━━━━━━━━━━━━━━━━━━━━━━━━━━━━━━━━━━━━━━   
[INFO] [1775739110.347258, 78.115000]: 帧 780: 检测到 16 个目标
[INFO] [1775739110.355309, 78.203000]: 转换得到 125105 个点
Inference ━━━━━━━━━━━━━━━━━━━━━━━━━━━━━━━━━━━━━━━━   
[INFO] [1775739110.388721, 78.215000]: 帧 781: 检测到 14 个目标
[INFO] [1775739110.397895, 78.303000]: 转换得到 125041 个点
Inference ━━━━━━━━━━━━━━━━━━━━━━━━━━━━━━━━━━━━━━━━   
[INFO] [1775739110.428995, 78.315000]: 帧 782: 检测到 10 个目标
[INFO] [1775739110.440116, 78.403000]: 转换得到 124973 个点
Inference ━━━━━━━━━━━━━━━━━━━━━━━━━━━━━━━━━━━━━━━━   
[INFO] [1775739110.473825, 78.415000]: 帧 783: 检测到 13 个目标
[INFO] [1775739110.482677, 78.503000]: 转换得到 124863 个点
Inference ━━━━━━━━━━━━━━━━━━━━━━━━━━━━━━━━━━━━━━━━   
[INFO] [1775739110.519115, 78.515000]: 帧 784: 检测到 13 个目标
[INFO] [1775739110.531927, 78.603000]: 转换得到 124867 个点
Inference ━━━━━━━━━━━━━━━━━━━━━━━━━━━━━━━━━━━━━━━━   
[INFO] [1775739110.562273, 78.613000]: 帧 785: 检测到 12 个目标
[INFO] [1775739110.573964, 78.703000]: 转换得到 124868 个点
Inference ━━━━━━━━━━━━━━━━━━━━━━━━━━━━━━━━━━━━━━━━   
[INFO] [1775739110.603945, 78.713000]: 帧 786: 检测到 12 个目标
[INFO] [1775739110.613798, 78.803000]: 转换得到 124788 个点
Inference ━━━━━━━━━━━━━━━━━━━━━━━━━━━━━━━━━━━━━━━━   
[INFO] [1775739110.646741, 78.815000]: 帧 787: 检测到 11 个目标
[INFO] [1775739110.656326, 78.903000]: 转换得到 124728 个点
Inference ━━━━━━━━━━━━━━━━━━━━━━━━━━━━━━━━━━━━━━━━   
[INFO] [1775739110.695346, 78.917000]: 帧 788: 检测到 10 个目标
[INFO] [1775739110.704247, 79.003000]: 转换得到 124745 个点
Inference ━━━━━━━━━━━━━━━━━━━━━━━━━━━━━━━━━━━━━━━━   
[WARN] [1775739110.735921, 79.015000]: 待处理检测结果积压过多，已丢弃最旧的一帧
[INFO] [1775739110.736153, 79.015000]: 帧 789: 检测到 15 个目标
[INFO] [1775739110.746369, 79.103000]: 转换得到 124731 个点
Inference ━━━━━━━━━━━━━━━━━━━━━━━━━━━━━━━━━━━━━━━━   
 0.012980 construct H: 0.000203 
[ mapping ]: time: IMU + Map + Input Downsample: 0.004291 ave match: 0.012097 ave solve: 0.000851  ave ICP: 0.015042  map incre: 0.001862 ave total: 0.020787 icp: 0.012983 construct H: 0.000203 
[ mapping ]: time: IMU + Map + Input Downsample: 0.006378 ave match: 0.012105 ave solve: 0.000852  ave ICP: 0.020095  map incre: 0.002982 ave total: 0.020798 icp: 0.012992 construct H: 0.000203 
[ mapping ]: time: IMU + Map + Input Downsample: 0.006260 ave match: 0.012113 ave solve: 0.000853  ave ICP: 0.019399  map incre: 0.002697 ave total: 0.020808 icp: 0.013000 construct H: 0.000204 
[ mapping ]: time: IMU + Map + Input Downsample: 0.006224 ave match: 0.012120 ave solve: 0.000854  ave ICP: 0.019000  map incre: 0.003030 ave total: 0.020818 icp: 0.013008 construct H: 0.000204 
[ mapping ]: time: IMU + Map + Input Downsample: 0.006257 ave match: 0.012127 ave solve: 0.000855  ave ICP: 0.019146  map incre: 0.003099 ave total: 0.020828 icp: 0.013016 construct H: 0.000204 
[ mapping ]: time: IMU + Map + Input Downsample: 0.006350 ave match: 0.012132 ave solve: 0.000856  ave ICP: 0.017964  map incre: 0.002730 ave total: 0.020836 icp: 0.013022 construct H: 0.000205 
[ mapping ]: time: IMU + Map + Input Downsample: 0.004215 ave match: 0.012137 ave solve: 0.000856  ave ICP: 0.017323  map incre: 0.001993 ave total: 0.020840 icp: 0.013028 construct H: 0.000205 
[ mapping ]: time: IMU + Map + Input Downsample: 0.004334 ave match: 0.012144 ave solve: 0.000856  ave ICP: 0.018448  map incre: 0.001916 ave total: 0.020845 icp: 0.013035 construct H: 0.000205 
[ mapping ]: time: IMU + Map + Input Downsample: 0.004247 ave match: 0.012148 ave solve: 0.000857  ave ICP: 0.016820  map incre: 0.001778 ave total: 0.020847 icp: 0.013040 construct H: 0.000205 
[ mapping ]: time: IMU + Map + Input Downsample: 0.006260 ave match: 0.012154 ave solve: 0.000857  ave ICP: 0.017674  map incre: 0.001808 ave total: 0.020854 icp: 0.013046 construct H: 0.000205 
[ mapping ]: time: IMU + Map + Input Downsample: 0.006256 ave match: 0.012158 ave solve: 0.000858  ave ICP: 0.017024  map incre: 0.001686 ave total: 0.020859 icp: 0.013051 construct H: 0.000205 
[ mapping ]: time: IMU + Map + Input Downsample: 0.004376 ave match: 0.012163 ave solve: 0.000858  ave ICP: 0.017204  map incre: 0.002265 ave total: 0.020863 icp: 0.013056 construct H: 0.000205 
[ mapping ]: time: IMU + Map + Input Downsample: 0.006178 ave match: 0.012170 ave solve: 0.000859  ave ICP: 0.018944  map incre: 0.002647 ave total: 0.020872 icp: 0.013064 construct H: 0.000206 
[ mapping ]: time: IMU + Map + Input Downsample: 0.006263 ave match: 0.012175 ave solve: 0.000860  ave ICP: 0.017802  map incre: 0.002787 ave total: 0.020880 icp: 0.013070 construct H: 0.000206 
[ mapping ]: time: IMU + Map + Input Downsample: 0.006186 ave match: 0.012181 ave solve: 0.000860  ave ICP: 0.017932  map incre: 0.002591 ave total: 0.020887 icp: 0.013076 construct H: 0.000206 
[ mapping ]: time: IMU + Map + Input Downsample: 0.006074 ave match: 0.012180 ave solve: 0.000861  ave ICP: 0.013138  map incre: 0.001753 ave total: 0.020887 icp: 0.013076 construct H: 0.000206 
[ mapping ]: time: IMU + Map + Input Downsample: 0.006109 ave match: 0.012180 ave solve: 0.000861  ave ICP: 0.013367  map incre: 0.001620 ave total: 0.020888 icp: 0.013076 construct H: 0.000206 
[ mapping ]: time: IMU + Map + Input Downsample: 0.004399 ave match: 0.012185 ave solve: 0.000861  ave ICP: 0.017306  map incre: 0.001755 ave total: 0.020891 icp: 0.013081 construct H: 0.000206 
[ mapping ]: time: IMU + Map + Input Downsample: 0.004483 ave match: 0.012190 ave solve: 0.000861  ave ICP: 0.017140  map incre: 0.001697 ave total: 0.020894 icp: 0.013087 construct H: 0.000206 
[ mapping ]: time: IMU + Map + Input Downsample: 0.006193 ave match: 0.012194 ave solve: 0.000862  ave ICP: 0.016445  map incre: 0.001704 ave total: 0.020898 icp: 0.013091 construct H: 0.000207 
[ mapping ]: time: IMU + Map + Input Downsample: 0.004335 ave match: 0.012194 ave solve: 0.000862  ave ICP: 0.012886  map incre: 0.001503 ave total: 0.020896 icp: [INFO] [1775739110.777819, 79.113000]: 帧 790: 检测到 15 个目标
[INFO] [1775739110.789400, 79.203000]: 转换得到 124771 个点
Inference ━━━━━━━━━━━━━━━━━━━━━━━━━━━━━━━━━━━━━━━━   
[INFO] [1775739110.821724, 79.213000]: 帧 791: 检测到 13 个目标
[INFO] [1775739110.832816, 79.303000]: 转换得到 124690 个点
Inference ━━━━━━━━━━━━━━━━━━━━━━━━━━━━━━━━━━━━━━━━   
[INFO] [1775739110.872534, 79.317000]: 帧 792: 检测到 16 个目标
[INFO] [1775739110.882924, 79.403000]: 转换得到 124573 个点
Inference ━━━━━━━━━━━━━━━━━━━━━━━━━━━━━━━━━━━━━━━━   
[INFO] [1775739110.912488, 79.413000]: 帧 793: 检测到 13 个目标
[INFO] [1775739110.919758, 79.503000]: 转换得到 124565 个点
Inference ━━━━━━━━━━━━━━━━━━━━━━━━━━━━━━━━━━━━━━━━   
[INFO] [1775739110.957515, 79.517000]: 帧 794: 检测到 14 个目标
[INFO] [1775739110.968980, 79.603000]: 转换得到 124578 个点
Inference ━━━━━━━━━━━━━━━━━━━━━━━━━━━━━━━━━━━━━━━━   
[INFO] [1775739111.003531, 79.615000]: 帧 795: 检测到 13 个目标
[INFO] [1775739111.011279, 79.703000]: 转换得到 124539 个点
Inference ━━━━━━━━━━━━━━━━━━━━━━━━━━━━━━━━━━━━━━━━   
[INFO] [1775739111.045683, 79.715000]: 帧 796: 检测到 15 个目标
[INFO] [1775739111.054474, 79.803000]: 转换得到 124456 个点
Inference ━━━━━━━━━━━━━━━━━━━━━━━━━━━━━━━━━━━━━━━━   
[INFO] [1775739111.090040, 79.815000]: 帧 797: 检测到 15 个目标
[INFO] [1775739111.101228, 79.903000]: 转换得到 124457 个点
Inference ━━━━━━━━━━━━━━━━━━━━━━━━━━━━━━━━━━━━━━━━   
[INFO] [1775739111.133855, 79.915000]: 帧 798: 检测到 14 个目标
[INFO] [1775739111.145736, 80.003000]: 转换得到 124467 个点
Inference ━━━━━━━━━━━━━━━━━━━━━━━━━━━━━━━━━━━━━━━━   
[INFO] [1775739111.177258, 80.013000]: 帧 799: 检测到 11 个目标
[INFO] [1775739111.178020, 80.015000]: PointPillars计时汇总(20帧均值): 点云解析=1.8ms, 临时落盘=0.8ms, 模型推理=30.3ms, 结果提取=0.1ms, 清理临时文件=0.2ms, 相机坐标转换=0.8ms, 发布Detection3DArray=0.1ms, 发布MarkerArray=0.3ms, 发布KITTI串=0.1ms, 发布LiDAR串=0.0ms, 纯计算总耗时=35.4ms, 限速休眠=1.3ms, 墙钟总耗时=36.6ms
[INFO] [1775739111.188684, 80.103000]: 转换得到 124443 个点
Inference ━━━━━━━━━━━━━━━━━━━━━━━━━━━━━━━━━━━━━━━━   
[INFO] [1775739111.220682, 80.113000]: 帧 800: 检测到 14 个目标
[INFO] [1775739111.232550, 80.203000]: 转换得到 124414 个点
Inference ━━━━━━━━━━━━━━━━━━━━━━━━━━━━━━━━━━━━━━━━   
[INFO] [1775739111.269957, 80.215000]: 帧 801: 检测到 13 个目标
[INFO] [1775739111.280068, 80.303000]: 转换得到 124304 个点
Inference ━━━━━━━━━━━━━━━━━━━━━━━━━━━━━━━━━━━━━━━━   
[INFO] [1775739111.321186, 80.317000]: 帧 802: 检测到 12 个目标
[INFO] [1775739111.332335, 80.403000]: 转换得到 124340 个点
Inference ━━━━━━━━━━━━━━━━━━━━━━━━━━━━━━━━━━━━━━━━   
[INFO] [1775739111.367629, 80.415000]: 帧 803: 检测到 16 个目标
[INFO] [1775739111.381456, 80.503000]: 转换得到 124283 个点
Inference ━━━━━━━━━━━━━━━━━━━━━━━━━━━━━━━━━━━━━━━━   
[INFO] [1775739107.474619, 71.701000]: [offline_bag_feeder] frame=718 lidar stamp=71.701000
[INFO] [1775739107.517739, 71.801000]: [offline_bag_feeder] frame=719 lidar stamp=71.801000
[INFO] [1775739107.563066, 71.901000]: [offline_bag_feeder] frame=720 lidar stamp=71.901000
[INFO] [1775739107.600888, 72.001000]: [offline_bag_feeder] frame=721 lidar stamp=72.001000
[INFO] [1775739107.645104, 72.101000]: [offline_bag_feeder] frame=722 lidar stamp=72.101000
[INFO] [1775739107.687365, 72.201000]: [offline_bag_feeder] frame=723 lidar stamp=72.201000
[INFO] [1775739107.730624, 72.301000]: [offline_bag_feeder] frame=724 lidar stamp=72.301000
[INFO] [1775739107.773942, 72.401000]: [offline_bag_feeder] frame=725 lidar stamp=72.401000
[INFO] [1775739107.816396, 72.501000]: [offline_bag_feeder] frame=726 lidar stamp=72.501000
[INFO] [1775739107.859481, 72.601000]: [offline_bag_feeder] frame=727 lidar stamp=72.601000
[INFO] [1775739107.901921, 72.701000]: [offline_bag_feeder] frame=728 lidar stamp=72.701000
[INFO] [1775739107.951428, 72.801000]: [offline_bag_feeder] frame=729 lidar stamp=72.801000
[INFO] [1775739108.003181, 72.901000]: [offline_bag_feeder] frame=730 lidar stamp=72.901000
[INFO] [1775739108.049061, 73.001000]: [offline_bag_feeder] frame=731 lidar stamp=73.001000
[INFO] [1775739108.093780, 73.101000]: [offline_bag_feeder] frame=732 lidar stamp=73.101000
[INFO] [1775739108.131864, 73.201000]: [offline_bag_feeder] frame=733 lidar stamp=73.201000
[INFO] [1775739108.175312, 73.301000]: [offline_bag_feeder] frame=734 lidar stamp=73.301000
[INFO] [1775739108.219586, 73.401000]: [offline_bag_feeder] frame=735 lidar stamp=73.401000
[INFO] [1775739108.276936, 73.501000]: [offline_bag_feeder] frame=736 lidar stamp=73.501000
[INFO] [1775739108.326633, 73.601000]: [offline_bag_feeder] frame=737 lidar stamp=73.601000
[INFO] [1775739108.375663, 73.701000]: [offline_bag_feeder] frame=738 lidar stamp=73.701000
[INFO] [1775739108.419403, 73.801000]: [offline_bag_feeder] frame=739 lidar stamp=73.801000
[INFO] [1775739108.457596, 73.901000]: [offline_bag_feeder] frame=740 lidar stamp=73.901000
[INFO] [1775739108.507749, 74.001000]: [offline_bag_feeder] frame=741 lidar stamp=74.001000
[INFO] [1775739108.556362, 74.101000]: [offline_bag_feeder] frame=742 lidar stamp=74.101000
[INFO] [1775739108.600194, 74.201000]: [offline_bag_feeder] frame=743 lidar stamp=74.201000
[INFO] [1775739108.642768, 74.301000]: [offline_bag_feeder] frame=744 lidar stamp=74.301000
[INFO] [1775739108.687548, 74.401000]: [offline_bag_feeder] frame=745 lidar stamp=74.401000
[INFO] [1775739108.730075, 74.501000]: [offline_bag_feeder] frame=746 lidar stamp=74.501000
[INFO] [1775739108.767806, 74.601000]: [offline_bag_feeder] frame=747 lidar stamp=74.601000
[INFO] [1775739108.812278, 74.701000]: [offline_bag_feeder] frame=748 lidar stamp=74.701000
[INFO] [1775739108.849727, 74.801000]: [offline_bag_feeder] frame=749 lidar stamp=74.801000
[INFO] [1775739108.900053, 74.901000]: [offline_bag_feeder] frame=750 lidar stamp=74.901000
[INFO] [1775739108.943202, 75.001000]: [offline_bag_feeder] frame=751 lidar stamp=75.001000
[INFO] [1775739108.987932, 75.101000]: [offline_bag_feeder] frame=752 lidar stamp=75.101000
[INFO] [1775739109.032742, 75.201000]: [offline_bag_feeder] frame=753 lidar stamp=75.201000
[INFO] [1775739109.075653, 75.301000]: [offline_bag_feeder] frame=754 lidar stamp=75.301000
[INFO] [1775739109.112126, 75.401000]: [offline_bag_feeder] frame=755 lidar stamp=75.401000
[INFO] [1775739109.156325, 75.501000]: [offline_bag_feeder] frame=756 lidar stamp=75.501000
[INFO] [1775739109.205119, 75.601000]: [offline_bag_feeder] frame=757 lidar stamp=75.601000
[INFO] [1775739109.249502, 75.701000]: [offline_bag_feeder] frame=758 lidar stamp=75.701000
[INFO] [1775739109.298184, 75.801000]: [offline_bag_feeder] frame=759 lidar stamp=75.801000
[INFO] [1775739109.346509, 75.901000]: [offline_bag_feeder] frame=760 lidar stamp=75.901000
[INFO] [1775739109.389681, 76.001000]: [offline_bag_feeder] frame=761 lidar stamp=76.001000
[INFO] [1775739109.432614, 76.101000]: [offline_bag_feeder] frame=762 lidar stamp=76.101000
[INFO] [1775739109.475193, 76.201000]: [offline_bag_feeder] frame=763 lidar stamp=76.201000
[INFO] [1775739109.517188, 76.301000]: [offline_bag_feeder] frame=764 lidar stamp=76.301000
[INFO] [1775739109.560479, 76.401000]: [offline_bag_feeder] frame=765 lidar stamp=76.401000
[INFO] [1775739109.608090, 76.501000]: [offline_bag_feeder] frame=766 lidar stamp=76.501000
[INFO] [1775739109.645243, 76.601000]: [offline_bag_feeder] frame=767 lidar stamp=76.601000
[INFO] [1775739109.688001, 76.701000]: [offline_bag_feeder] frame=768 lidar stamp=76.701000
[INFO] [1775739109.731011, 76.801000]: [offline_bag_feeder] frame=769 lidar stamp=76.801000
[INFO] [1775739109.773913, 76.901000]: [offline_bag_feeder] frame=770 lidar stamp=76.901000
[INFO] [1775739109.817701, 77.001000]: [offline_bag_feeder] frame=771 lidar stamp=77.001000
[INFO] [1775739109.867202, 77.101000]: [offline_bag_feeder] frame=772 lidar stamp=77.101000
[INFO] [1775739109.909405, 77.201000]: [offline_bag_feeder] frame=773 lidar stamp=77.201000
[INFO] [1775739109.956244, 77.301000]: [offline_bag_feeder] frame=774 lidar stamp=77.301000
[INFO] [1775739110.000437, 77.401000]: [offline_bag_feeder] frame=775 lidar stamp=77.401000
[INFO] [1775739110.047176, 77.501000]: [offline_bag_feeder] frame=776 lidar stamp=77.501000
[INFO] [1775739110.095390, 77.601000]: [offline_bag_feeder] frame=777 lidar stamp=77.601000
[INFO] [1775739110.137260, 77.701000]: [offline_bag_feeder] frame=778 lidar stamp=77.701000
[INFO] [1775739110.180222, 77.801000]: [offline_bag_feeder] frame=779 lidar stamp=77.801000
[INFO] [1775739110.224193, 77.901000]: [offline_bag_feeder] frame=780 lidar stamp=77.901000
[INFO] [1775739110.267190, 78.001000]: [offline_bag_feeder] frame=781 lidar stamp=78.001000
[INFO] [1775739110.310596, 78.101000]: [offline_bag_feeder] frame=782 lidar stamp=78.101000
[INFO] [1775739110.352512, 78.201000]: [offline_bag_feeder] frame=783 lidar stamp=78.201000
[INFO] [1775739110.394102, 78.301000]: [offline_bag_feeder] frame=784 lidar stamp=78.301000
[INFO] [1775739110.437220, 78.401000]: [offline_bag_feeder] frame=785 lidar stamp=78.401000
[INFO] [1775739110.479850, 78.501000]: [offline_bag_feeder] frame=786 lidar stamp=78.501000
[INFO] [1775739110.528255, 78.601000]: [offline_bag_feeder] frame=787 lidar stamp=78.601000
[INFO] [1775739110.571458, 78.701000]: [offline_bag_feeder] frame=788 lidar stamp=78.701000
[INFO] [1775739110.611390, 78.801000]: [offline_bag_feeder] frame=789 lidar stamp=78.801000
[INFO] [1775739110.653775, 78.901000]: [offline_bag_feeder] frame=790 lidar stamp=78.901000
[INFO] [1775739110.700839, 79.001000]: [offline_bag_feeder] frame=791 lidar stamp=79.001000
[INFO] [1775739110.743892, 79.101000]: [offline_bag_feeder] frame=792 lidar stamp=79.101000
[INFO] [1775739110.786916, 79.201000]: [offline_bag_feeder] frame=793 lidar stamp=79.201000
[INFO] [1775739110.830303, 79.301000]: [offline_bag_feeder] frame=794 lidar stamp=79.301000
[INFO] [1775739110.879204, 79.401000]: [offline_bag_feeder] frame=795 lidar stamp=79.401000
[INFO] [1775739110.916827, 79.501000]: [offline_bag_feeder] frame=796 lidar stamp=79.501000
[INFO] [1775739110.965214, 79.601000]: [offline_bag_feeder] frame=797 lidar stamp=79.601000
[INFO] [1775739111.007550, 79.701000]: [offline_bag_feeder] frame=798 lidar stamp=79.701000
[INFO] [1775739111.050167, 79.801000]: [offline_bag_feeder] frame=799 lidar stamp=79.801000
[INFO] [1775739111.098702, 79.901000]: [offline_bag_feeder] frame=800 lidar stamp=79.901000
[INFO] [1775739111.142952, 80.001000]: [offline_bag_feeder] frame=801 lidar stamp=80.001000
[INFO] [1775739111.186219, 80.101000]: [offline_bag_feeder] frame=802 lidar stamp=80.101000
[INFO] [1775739111.229583, 80.201000]: [offline_bag_feeder] frame=803 lidar stamp=80.201000
[INFO] [1775739111.277815, 80.301000]: [offline_bag_feeder] frame=804 lidar stamp=80.301000
[INFO] [1775739111.328255, 80.401000]: [offline_bag_feeder] frame=805 lidar stamp=80.401000
[INFO] [1775739111.376878, 80.501000]: [offline_bag_feeder] frame=806 lidar stamp=80.501000
[INFO] [1775739111.420236, 80.601000]: [offline_bag_feeder] frame=807 lidar stamp=80.601000
[INFO] [1775739111.411918, 80.515000]: 帧 804: 检测到 12 个目标
[INFO] [1775739111.422716, 80.603000]: 转换得到 124304 个点
Inference ━━━━━━━━━━━━━━━━━━━━━━━━━━━━━━━━━━━━━━━━   
[INFO] [1775739111.456317, 80.615000]: 帧 805: 检测到 10 个目标
[INFO] [1775739111.466552, 80.703000]: 转换得到 124346 个点
Inference ━━━━━━━━━━━━━━━━━━━━━━━━━━━━━━━━━━━━━━━━   
[WARN] [1775739111.515865, 80.805000]: 等待与检测时间戳对齐的位姿超时，回退使用最新 FAST-LIO 位姿
[INFO] [1775739111.500158, 80.715000]: 帧 806: 检测到 14 个目标
[INFO] [1775739111.509495, 80.803000]: 转换得到 124252 个点
Inference ━━━━━━━━━━━━━━━━━━━━━━━━━━━━━━━━━━━━━━━━   
[INFO] [1775739111.545242, 80.815000]: 帧 807: 检测到 9 个目标
[INFO] [1775739111.550967, 80.903000]: 转换得到 124211 个点
Inference ━━━━━━━━━━━━━━━━━━━━━━━━━━━━━━━━━━━━━━━━   
[INFO] [1775739111.585683, 80.915000]: 帧 808: 检测到 14 个目标
[INFO] [1775739111.596262, 81.003000]: 转换得到 124233 个点
Inference ━━━━━━━━━━━━━━━━━━━━━━━━━━━━━━━━━━━━━━━━   
[INFO] [1775739111.627065, 81.013000]: 帧 809: 检测到 9 个目标
[INFO] [1775739111.633743, 81.103000]: 转换得到 124228 个点
Inference ━━━━━━━━━━━━━━━━━━━━━━━━━━━━━━━━━━━━━━━━   
[INFO] [1775739111.665968, 81.115000]: 帧 810: 检测到 12 个目标
[INFO] [1775739111.675134, 81.203000]: 转换得到 124235 个点
Inference ━━━━━━━━━━━━━━━━━━━━━━━━━━━━━━━━━━━━━━━━   
0.013090 construct H: 0.000207 
[ mapping ]: time: IMU + Map + Input Downsample: 0.004183 ave match: 0.012194 ave solve: 0.000862  ave ICP: 0.013091  map incre: 0.001691 ave total: 0.020893 icp: 0.013090 construct H: 0.000207 
[ mapping ]: time: IMU + Map + Input Downsample: 0.006290 ave match: 0.012200 ave solve: 0.000863  ave ICP: 0.021437  map incre: 0.002608 ave total: 0.020905 icp: 0.013098 construct H: 0.000207 
[ mapping ]: time: IMU + Map + Input Downsample: 0.006279 ave match: 0.012207 ave solve: 0.000863  ave ICP: 0.019141  map incre: 0.002055 ave total: 0.020914 icp: 0.013106 construct H: 0.000207 
[ mapping ]: time: IMU + Map + Input Downsample: 0.004289 ave match: 0.012214 ave solve: 0.000864  ave ICP: 0.018771  map incre: 0.001438 ave total: 0.020918 icp: 0.013113 construct H: 0.000207 
[ mapping ]: time: IMU + Map + Input Downsample: 0.004227 ave match: 0.012220 ave solve: 0.000864  ave ICP: 0.018214  map incre: 0.001488 ave total: 0.020922 icp: 0.013119 construct H: 0.000207 
[ mapping ]: time: IMU + Map + Input Downsample: 0.004238 ave match: 0.012227 ave solve: 0.000864  ave ICP: 0.018503  map incre: 0.001354 ave total: 0.020926 icp: 0.013126 construct H: 0.000207 
[ mapping ]: time: IMU + Map + Input Downsample: 0.006247 ave match: 0.012234 ave solve: 0.000865  ave ICP: 0.019473  map incre: 0.001948 ave total: 0.020935 icp: 0.013134 construct H: 0.000208 
[ mapping ]: time: IMU + Map + Input Downsample: 0.006051 ave match: 0.012235 ave solve: 0.000865  ave ICP: 0.014046  map incre: 0.001207 ave total: 0.020935 icp: 0.013135 construct H: 0.000208 
[ mapping ]: time: IMU + Map + Input Downsample: 0.004260 ave match: 0.012235 ave solve: 0.000865  ave ICP: 0.013278  map incre: 0.001108 ave total: 0.020932 icp: 0.013135 construct H: 0.000208 
[ mapping ]: time: IMU + Map + Input Downsample: 0.006492 ave match: 0.012261 ave solve: 0.000866  ave ICP: 0.034573  map incre: 0.001828 ave total: 0.020960 icp: 0.013162 construct H: 0.000208 
[ mapping ]: time: IMU + Map + Input Downsample: 0.006285 ave match: 0.012264 ave solve: 0.000867  ave ICP: 0.016313  map incre: 0.001296 ave total: 0.020964 icp: 0.013166 construct H: 0.000208 
[ mapping ]: time: IMU + Map + Input Downsample: 0.004291 ave match: 0.012270 ave solve: 0.000867  ave ICP: 0.018070  map incre: 0.001280 ave total: 0.020967 icp: 0.013172 construct H: 0.000208 
[ mapping ]: time: IMU + Map + Input Downsample: 0.004340 ave match: 0.012274 ave solve: 0.000867  ave ICP: 0.016510  map incre: 0.001810 ave total: 0.020970 icp: 0.013176 construct H: 0.000208 
[ mapping ]: time: IMU + Map + Input Downsample: 0.004183 ave match: 0.012274 ave solve: 0.000867  ave ICP: 0.013003  map incre: 0.001151 ave total: 0.020966 icp: 0.013176 construct H: 0.000208 
[ mapping ]: time: IMU + Map + Input Downsample: 0.006120 ave match: 0.012276 ave solve: 0.000868  ave ICP: 0.015678  map incre: 0.001165 ave total: 0.020969 icp: 0.013179 construct H: 0.000208 
[ mapping ]: time: IMU + Map + Input Downsample: 0.006128 ave match: 0.012281 ave solve: 0.000869  ave ICP: 0.017886  map incre: 0.001903 ave total: 0.020975 icp: 0.013185 construct H: 0.000209 
[ mapping ]: time: IMU + Map + Input Downsample: 0.006236 ave match: 0.012286 ave solve: 0.000869  ave ICP: 0.017818  map incre: 0.001541 ave total: 0.020981 icp: 0.013191 construct H: 0.000209 
[ mapping ]: time: IMU + Map + Input Downsample: 0.006208 ave match: 0.012286 ave solve: 0.000869  ave ICP: 0.013689  map incre: 0.001044 ave total: 0.020981 icp: 0.013191 construct H: 0.000209 
[ mapping ]: time: IMU + Map + Input Downsample: 0.004193 ave match: 0.012286 ave solve: 0.000870  ave ICP: 0.013105  map incre: 0.000946 ave total: 0.020977 icp: 0.013191 construct H: 0.000209 
[ mapping ]: time: IMU + Map + Input Downsample: 0.006170 ave match: 0.012291 ave solve: 0.000870  ave ICP: 0.017581  map incre: 0.001526 ave total: 0.020983 icp: 0.013196 construct H: 0.000209 
[ mapping ]: time: IMU + Map + Input Downsample: 0.006213 ave match: 0.012296 ave solve: 0.000871  ave ICP: 0.018022  map incre: 0.001672 ave total: 0.020989 icp: 0[INFO] [1775739111.707371, 81.215000]: 帧 811: 检测到 10 个目标
[INFO] [1775739111.719969, 81.303000]: 转换得到 124152 个点
Inference ━━━━━━━━━━━━━━━━━━━━━━━━━━━━━━━━━━━━━━━━   
[INFO] [1775739111.750968, 81.315000]: 帧 812: 检测到 11 个目标
[INFO] [1775739111.761708, 81.403000]: 转换得到 124141 个点
Inference ━━━━━━━━━━━━━━━━━━━━━━━━━━━━━━━━━━━━━━━━   
[INFO] [1775739111.794351, 81.415000]: 帧 813: 检测到 14 个目标
[INFO] [1775739111.805516, 81.503000]: 转换得到 124212 个点
Inference ━━━━━━━━━━━━━━━━━━━━━━━━━━━━━━━━━━━━━━━━   
[INFO] [1775739111.843652, 81.517000]: 帧 814: 检测到 15 个目标
[INFO] [1775739111.850995, 81.603000]: 转换得到 124107 个点
Inference ━━━━━━━━━━━━━━━━━━━━━━━━━━━━━━━━━━━━━━━━   
[INFO] [1775739111.884352, 81.615000]: 帧 815: 检测到 10 个目标
[INFO] [1775739111.893435, 81.703000]: 转换得到 124189 个点
Inference ━━━━━━━━━━━━━━━━━━━━━━━━━━━━━━━━━━━━━━━━   
[INFO] [1775739111.924672, 81.713000]: 帧 816: 检测到 11 个目标
[INFO] [1775739111.931190, 81.803000]: 转换得到 124095 个点
Inference ━━━━━━━━━━━━━━━━━━━━━━━━━━━━━━━━━━━━━━━━   
[INFO] [1775739111.964482, 81.815000]: 帧 817: 检测到 14 个目标
[INFO] [1775739111.973789, 81.903000]: 转换得到 124046 个点
Inference ━━━━━━━━━━━━━━━━━━━━━━━━━━━━━━━━━━━━━━━━   
[INFO] [1775739112.007157, 81.915000]: 帧 818: 检测到 13 个目标
[INFO] [1775739112.017365, 82.003000]: 转换得到 124022 个点
Inference ━━━━━━━━━━━━━━━━━━━━━━━━━━━━━━━━━━━━━━━━   
[INFO] [1775739112.047984, 82.013000]: 帧 819: 检测到 11 个目标
[INFO] [1775739112.050387, 82.101000]: PointPillars计时汇总(20帧均值): 点云解析=1.7ms, 临时落盘=0.8ms, 模型推理=30.5ms, 结果提取=0.1ms, 清理临时文件=0.2ms, 相机坐标转换=0.8ms, 发布Detection3DArray=0.1ms, 发布MarkerArray=0.3ms, 发布KITTI串=0.1ms, 发布LiDAR串=0.0ms, 纯计算总耗时=35.4ms, 限速休眠=0.8ms, 墙钟总耗时=36.2ms
[INFO] [1775739112.054442, 82.103000]: 转换得到 123926 个点
Inference ━━━━━━━━━━━━━━━━━━━━━━━━━━━━━━━━━━━━━━━━   
[INFO] [1775739112.087345, 82.115000]: 帧 820: 检测到 10 个目标
[INFO] [1775739112.095851, 82.203000]: 转换得到 123917 个点
Inference ━━━━━━━━━━━━━━━━━━━━━━━━━━━━━━━━━━━━━━━━   
[INFO] [1775739112.132276, 82.215000]: 帧 821: 检测到 11 个目标
[INFO] [1775739112.138598, 82.303000]: 转换得到 123917 个点
Inference ━━━━━━━━━━━━━━━━━━━━━━━━━━━━━━━━━━━━━━━━   
[INFO] [1775739112.173162, 82.315000]: 帧 822: 检测到 10 个目标
[INFO] [1775739112.185975, 82.403000]: 转换得到 123821 个点
Inference ━━━━━━━━━━━━━━━━━━━━━━━━━━━━━━━━━━━━━━━━   
[INFO] [1775739112.216755, 82.415000]: 帧 823: 检测到 11 个目标
[INFO] [1775739112.229342, 82.503000]: 转换得到 123920 个点
Inference ━━━━━━━━━━━━━━━━━━━━━━━━━━━━━━━━━━━━━━━━   
[INFO] [1775739112.259640, 82.513000]: 帧 824: 检测到 12 个目标
[INFO] [1775739112.265891, 82.603000]: 转换得到 123874 个点
Inference ━━━━━━━━━━━━━━━━━━━━━━━━━━━━━━━━━━━━━━━━   
[INFO] [1775739112.295968, 82.613000]: 帧 825: 检测到 11 个目标
[INFO] [1775739112.303387, 82.703000]: 转换得到 123836 个点
Inference ━━━━━━━━━━━━━━━━━━━━━━━━━━━━━━━━━━━━━━━━   
[INFO] [1775739112.334987, 82.713000]: 帧 826: 检测到 11 个目标
[INFO] [1775739112.346220, 82.803000]: 转换得到 123782 个点
Inference ━━━━━━━━━━━━━━━━━━━━━━━━━━━━━━━━━━━━━━━━   
[INFO] [1775739112.374962, 82.813000]: 帧 827: 检测到 13 个目标
[INFO] [1775739112.383766, 82.903000]: 转换得到 123756 个点
Inference ━━━━━━━━━━━━━━━━━━━━━━━━━━━━━━━━━━━━━━━━   
[INFO] [1775739112.414089, 82.913000]: 帧 828: 检测到 13 个目标
[INFO] [1775739112.422466, 83.003000]: 转换得到 123807 个点
Inference ━━━━━━━━━━━━━━━━━━━━━━━━━━━━━━━━━━━━━━━━   
[INFO] [1775739112.450995, 83.013000]: 帧 829: 检测到 13 个目标
[INFO] [1775739112.465166, 83.103000]: 转换得到 123698 个点
Inference ━━━━━━━━━━━━━━━━━━━━━━━━━━━━━━━━━━━━━━━━   
[INFO] [1775739112.499511, 83.115000]: 帧 830: 检测到 12 个目标
[INFO] [1775739112.508384, 83.203000]: 转换得到 123710 个点
Inference ━━━━━━━━━━━━━━━━━━━━━━━━━━━━━━━━━━━━━━━━   
[INFO] [1775739112.543377, 83.215000]: 帧 831: 检测到 10 个目标
[INFO] [1775739112.555242, 83.303000]: 转换得到 123683 个点
Inference ━━━━━━━━━━━━━━━━━━━━━━━━━━━━━━━━━━━━━━━━   
.013202 construct H: 0.000209 
[ mapping ]: time: IMU + Map + Input Downsample: 0.006104 ave match: 0.012300 ave solve: 0.000872  ave ICP: 0.017726  map incre: 0.001540 ave total: 0.020994 icp: 0.013208 construct H: 0.000209 
[ mapping ]: time: IMU + Map + Input Downsample: 0.004269 ave match: 0.012300 ave solve: 0.000872  ave ICP: 0.013186  map incre: 0.000923 ave total: 0.020991 icp: 0.013208 construct H: 0.000210 
[ mapping ]: time: IMU + Map + Input Downsample: 0.004293 ave match: 0.012299 ave solve: 0.000872  ave ICP: 0.012932  map incre: 0.000870 ave total: 0.020987 icp: 0.013207 construct H: 0.000210 
[ mapping ]: time: IMU + Map + Input Downsample: 0.006192 ave match: 0.012304 ave solve: 0.000873  ave ICP: 0.017541  map incre: 0.001044 ave total: 0.020992 icp: 0.013213 construct H: 0.000210 
[ mapping ]: time: IMU + Map + Input Downsample: 0.004216 ave match: 0.012305 ave solve: 0.000873  ave ICP: 0.013686  map incre: 0.000831 ave total: 0.020989 icp: 0.013213 construct H: 0.000210 
[ mapping ]: time: IMU + Map + Input Downsample: 0.004279 ave match: 0.012307 ave solve: 0.000873  ave ICP: 0.015132  map incre: 0.000876 ave total: 0.020989 icp: 0.013215 construct H: 0.000210 
[ mapping ]: time: IMU + Map + Input Downsample: 0.004189 ave match: 0.012307 ave solve: 0.000873  ave ICP: 0.013347  map incre: 0.000918 ave total: 0.020985 icp: 0.013215 construct H: 0.000210 
[ mapping ]: time: IMU + Map + Input Downsample: 0.004890 ave match: 0.012306 ave solve: 0.000873  ave ICP: 0.013149  map incre: 0.000859 ave total: 0.020983 icp: 0.013215 construct H: 0.000210 
[ mapping ]: time: IMU + Map + Input Downsample: 0.004290 ave match: 0.012306 ave solve: 0.000873  ave ICP: 0.013114  map incre: 0.000849 ave total: 0.020979 icp: 0.013215 construct H: 0.000210 
[ mapping ]: time: IMU + Map + Input Downsample: 0.004218 ave match: 0.012307 ave solve: 0.000874  ave ICP: 0.013928  map incre: 0.000849 ave total: 0.020977 icp: 0.013216 construct H: 0.000210 
[ mapping ]: time: IMU + Map + Input Downsample: 0.004285 ave match: 0.012306 ave solve: 0.000874  ave ICP: 0.013112  map incre: 0.000830 ave total: 0.020974 icp: 0.013216 construct H: 0.000210 
[ mapping ]: time: IMU + Map + Input Downsample: 0.004209 ave match: 0.012311 ave solve: 0.000874  ave ICP: 0.016958  map incre: 0.000851 ave total: 0.020975 icp: 0.013220 construct H: 0.000210 
[ mapping ]: time: IMU + Map + Input Downsample: 0.004167 ave match: 0.012310 ave solve: 0.000874  ave ICP: 0.013175  map incre: 0.000828 ave total: 0.020971 icp: 0.013220 construct H: 0.000210 
[ mapping ]: time: IMU + Map + Input Downsample: 0.004229 ave match: 0.012310 ave solve: 0.000874  ave ICP: 0.013097  map incre: 0.000767 ave total: 0.020968 icp: 0.013220 construct H: 0.000210 
[ mapping ]: time: IMU + Map + Input Downsample: 0.004175 ave match: 0.012316 ave solve: 0.000875  ave ICP: 0.018313  map incre: 0.000830 ave total: 0.020971 icp: 0.013226 construct H: 0.000211 
[ mapping ]: time: IMU + Map + Input Downsample: 0.004190 ave match: 0.012317 ave solve: 0.000875  ave ICP: 0.014619  map incre: 0.000746 ave total: 0.020969 icp: 0.013228 construct H: 0.000211 
[ mapping ]: time: IMU + Map + Input Downsample: 0.004228 ave match: 0.012317 ave solve: 0.000875  ave ICP: 0.013110  map incre: 0.000718 ave total: 0.020965 icp: 0.013227 construct H: 0.000211 
[ mapping ]: time: IMU + Map + Input Downsample: 0.006175 ave match: 0.012322 ave solve: 0.000876  ave ICP: 0.018126  map incre: 0.001126 ave total: 0.020971 icp: 0.013233 construct H: 0.000211 
[ mapping ]: time: IMU + Map + Input Downsample: 0.006118 ave match: 0.012327 ave solve: 0.000876  ave ICP: 0.018055  map incre: 0.001011 ave total: 0.020976 icp: 0.013239 construct H: 0.000211 
[ mapping ]: time: IMU + Map + Input Downsample: 0.006046 ave match: 0.012331 ave solve: 0.000877  ave ICP: 0.017428  map incre: 0.000861 ave total: 0.020980 icp: 0.013244 construct H: 0.000211 
[ mapping ]: time: IMU + Map + Input Downsample: 0.004262 ave match: 0.012332 ave solve: 0.000877  ave ICP: 0.013661  map incre: 0.000718 ave total: 0.020977 icp: 0.[INFO] [1775739112.585518, 83.315000]: 帧 832: 检测到 10 个目标
[INFO] [1775739112.596775, 83.403000]: 转换得到 123674 个点
Inference ━━━━━━━━━━━━━━━━━━━━━━━━━━━━━━━━━━━━━━━━   
[INFO] [1775739112.627854, 83.413000]: 帧 833: 检测到 11 个目标
[INFO] [1775739112.634344, 83.503000]: 转换得到 123701 个点
Inference ━━━━━━━━━━━━━━━━━━━━━━━━━━━━━━━━━━━━━━━━   
[INFO] [1775739112.666994, 83.515000]: 帧 834: 检测到 15 个目标
[INFO] [1775739112.679410, 83.603000]: 转换得到 123687 个点
Inference ━━━━━━━━━━━━━━━━━━━━━━━━━━━━━━━━━━━━━━━━   
[INFO] [1775739111.463853, 80.701000]: [offline_bag_feeder] frame=808 lidar stamp=80.701000
[INFO] [1775739111.506673, 80.801000]: [offline_bag_feeder] frame=809 lidar stamp=80.801000
[INFO] [1775739111.548269, 80.901000]: [offline_bag_feeder] frame=810 lidar stamp=80.901000
[INFO] [1775739111.593778, 81.001000]: [offline_bag_feeder] frame=811 lidar stamp=81.001000
[INFO] [1775739111.631155, 81.101000]: [offline_bag_feeder] frame=812 lidar stamp=81.101000
[INFO] [1775739111.672657, 81.201000]: [offline_bag_feeder] frame=813 lidar stamp=81.201000
[INFO] [1775739111.716130, 81.301000]: [offline_bag_feeder] frame=814 lidar stamp=81.301000
[INFO] [1775739111.758814, 81.401000]: [offline_bag_feeder] frame=815 lidar stamp=81.401000
[INFO] [1775739111.801728, 81.501000]: [offline_bag_feeder] frame=816 lidar stamp=81.501000
[INFO] [1775739111.848458, 81.601000]: [offline_bag_feeder] frame=817 lidar stamp=81.601000
[INFO] [1775739111.891166, 81.615000]: [offline_bag_feeder] frame=818 lidar stamp=81.701000
[INFO] [1775739111.928791, 81.801000]: [offline_bag_feeder] frame=819 lidar stamp=81.801000
[INFO] [1775739111.971333, 81.901000]: [offline_bag_feeder] frame=820 lidar stamp=81.901000
[INFO] [1775739112.014438, 82.001000]: [offline_bag_feeder] frame=821 lidar stamp=82.001000
[INFO] [1775739112.052004, 82.101000]: [offline_bag_feeder] frame=822 lidar stamp=82.101000
[INFO] [1775739112.093388, 82.201000]: [offline_bag_feeder] frame=823 lidar stamp=82.201000
[INFO] [1775739112.136158, 82.301000]: [offline_bag_feeder] frame=824 lidar stamp=82.301000
[INFO] [1775739112.182200, 82.401000]: [offline_bag_feeder] frame=825 lidar stamp=82.401000
[INFO] [1775739112.226779, 82.501000]: [offline_bag_feeder] frame=826 lidar stamp=82.501000
[INFO] [1775739112.263341, 82.601000]: [offline_bag_feeder] frame=827 lidar stamp=82.601000
[INFO] [1775739112.300802, 82.701000]: [offline_bag_feeder] frame=828 lidar stamp=82.701000
[INFO] [1775739112.343824, 82.801000]: [offline_bag_feeder] frame=829 lidar stamp=82.801000
[INFO] [1775739112.381467, 82.901000]: [offline_bag_feeder] frame=830 lidar stamp=82.901000
[INFO] [1775739112.420001, 83.001000]: [offline_bag_feeder] frame=831 lidar stamp=83.001000
[INFO] [1775739112.462760, 83.101000]: [offline_bag_feeder] frame=832 lidar stamp=83.101000
[INFO] [1775739112.504798, 83.201000]: [offline_bag_feeder] frame=833 lidar stamp=83.201000
[INFO] [1775739112.551486, 83.301000]: [offline_bag_feeder] frame=834 lidar stamp=83.301000
[INFO] [1775739112.594268, 83.401000]: [offline_bag_feeder] frame=835 lidar stamp=83.401000
[INFO] [1775739112.631897, 83.501000]: [offline_bag_feeder] frame=836 lidar stamp=83.501000
[INFO] [1775739112.675343, 83.601000]: [offline_bag_feeder] frame=837 lidar stamp=83.601000
[INFO] [1775739112.715812, 83.615000]: [offline_bag_feeder] finished. lidar_frames=837
[INFO] [1775739112.716553, 83.615000]: [offline_bag_feeder] detection: ok=836 timeout=1
[INFO] [1775739112.716997, 83.615000]: [offline_bag_feeder] tracking : ok=0 timeout=0
[INFO] [1775739112.717402, 83.615000]: [offline_bag_feeder] avg_wait_per_frame=0.046s
[C-8] 停止 recorder 与联合后端...
[INFO] [1775739065.955876, 0.000000]: [odom_to_tum] recording topic=/joint_backend/odom -> /home/xc/Projects/ME5400/Results/0020_results/trajectory_joint.txt (min_dt=0.0000)
[INFO] [1775739082.324815, 11.509000]: [odom_to_tum] recorded 100 poses
[INFO] [1775739086.617202, 21.513000]: [odom_to_tum] recorded 200 poses
[INFO] [1775739090.684426, 31.507000]: [odom_to_tum] recorded 300 poses
[INFO] [1775739094.633883, 41.509000]: [odom_to_tum] recorded 400 poses
[INFO] [1775739098.698395, 51.507000]: [odom_to_tum] recorded 500 poses
[INFO] [1775739102.879194, 61.507000]: [odom_to_tum] recorded 600 poses
[INFO] [1775739107.400318, 71.509000]: [odom_to_tum] recorded 700 poses
[INFO] [1775739111.817968, 81.507000]: [odom_to_tum] recorded 800 poses
[INFO] [1775739116.339669, 83.615000]: [odom_to_tum] saved 821 poses to /home/xc/Projects/ME5400/Results/0020_results/trajectory_joint.txt
[C-9] 停止 FAST-LIO / MCTrack / PointPillars...
[信息] 正在停止 FAST-LIO 子进程...
[信息] 正在停止 FAST-LIO mapping 节点 (PID=334555)...
[33m[WARN] [1775739117.060431937, 83.614999998]: Shutdown request received.[0m
[33m[WARN] [1775739117.060456748, 83.614999998]: Reason given for shutdown: [user request][0m
killing /laserMapping
killed
[信息] 已发送停止命令给 /laserMapping 节点
013244 construct H: 0.000211 
[ mapping ]: time: IMU + Map + Input Downsample: 0.005566 ave match: 0.012332 ave solve: 0.000877  ave ICP: 0.013427  map incre: 0.000725 ave total: 0.020976 icp: 0.013245 construct H: 0.000211 
[ mapping ]: time: IMU + Map + Input Downsample: 0.006324 ave match: 0.012339 ave solve: 0.000878  ave ICP: 0.019994  map incre: 0.001076 ave total: 0.020984 icp: 0.013253 construct H: 0.000211 
Rebuild thread terminated normally
WARNING: Package name "ME5400" does not follow the naming conventions. It should start with a lower case letter and only contain lower case letters, digits, underscores, and dashes.
WARNING: Package name "ME5400" does not follow the naming conventions. It should start with a lower case letter and only contain lower case letters, digits, underscores, and dashes.
... logging to /home/xc/.ros/log/36dbbe92-33e9-11f1-8aed-950ffa084d8d/roslaunch-z790m-334555.log
Checking log directory for disk usage. This may take a while.
Press Ctrl-C to interrupt
Done checking log file disk usage. Usage is <1GB.
]2;/home/xc/Projects/ME5400/catkin_ws/src/fast_lio/launch/mapping_velodyne.launch
[1mstarted roslaunch server http://z790m:33655/[0m

SUMMARY
========

PARAMETERS
 * /common/imu_topic: /kitti/oxts/imu
 * /common/lid_topic: /kitti/velo/point...
 * /common/time_offset_lidar_to_imu: 0.0
 * /common/time_sync_en: False
 * /cube_side_length: 1000.0
 * /feature_extract_enable: False
 * /filter_size_map: 0.5
 * /filter_size_surf: 0.5
 * /mapping/acc_cov: 0.1
 * /mapping/b_acc_cov: 0.0001
 * /mapping/b_gyr_cov: 0.0001
 * /mapping/det_range: 100.0
 * /mapping/extrinsic_R: [1, 0, 0, 0, 1, 0...
 * /mapping/extrinsic_T: [0, 0, 0.28]
 * /mapping/extrinsic_est_en: False
 * /mapping/fov_degree: 180
 * /mapping/gyr_cov: 0.1
 * /max_iteration: 3
 * /pcd_save/interval: -1
 * /pcd_save/pcd_save_en: False
 * /point_filter_num: 4
 * /preprocess/blind: 2
 * /preprocess/dynamic_acc_penalty: 0.3
 * /preprocess/dynamic_acc_ref: 4.0
 * /preprocess/dynamic_bbox_margin_xy: 0.6
 * /preprocess/dynamic_bbox_margin_z: 0.5
 * /preprocess/dynamic_min_track_length: 3
 * /preprocess/dynamic_min_weight: 0.2
 * /preprocess/dynamic_score_penalty: 0.2
 * /preprocess/dynamic_speed_penalty: 0.5
 * /preprocess/dynamic_speed_ref: 12.0
 * /preprocess/dynamic_timeout: 0.7
 * /preprocess/ignore_given_offset_time: True
 * /preprocess/lidar_type: 2
 * /preprocess/scan_line: 64
 * /preprocess/scan_rate: 10
 * /preprocess/timestamp_unit: 2
 * /preprocess/tracked_topic: /mctrack/tracked_...
 * /preprocess/use_dynamic_weights: True
 * /publish/dense_publish_en: True
 * /publish/path_en: True
 * /publish/scan_bodyframe_pub_en: True
 * /publish/scan_publish_en: True
 * /rosdistro: noetic
 * /rosversion: 1.17.4
 * /runtime_pos_log_enable: True
 * /use_sim_time: True

NODES
  /
    laserMapping (fast_lio/fastlio_mapping)

[1mROS_MASTER_URI=http://localhost:11311[0m
]2;/home/xc/Projects/ME5400/catkin_ws/src/fast_lio/launch/mapping_velodyne.launch http://localhost:11311
[1mprocess[laserMapping-1]: started with pid [334608][0m
[1m[laserMapping-1] process has finished cleanly
log file: /home/xc/.ros/log/36dbbe92-33e9-11f1-8aed-950ffa084d8d/laserMapping-1*.log[0m
all processes on machine have died, roslaunch will exit
shutting down processing monitor...
... shutting down processing monitor complete
[1mdone[0m
[INFO] [1775739063.534321, 0.000000]: [joint_backend_ego] started: window=8 lambda=0.120 robust=huber f_scale=0.500
[INFO] [1775739058.180996, 0.000000]: fastlio_pose_bridge listening on /Odometry, publishing /mctrack/lidar_pose (child=velodyne, publish_tf=True)
[信息] FAST-LIO mapping 进程已退出
[信息] 正在停止 FAST-LIO 子进程...
[INFO] [1775739112.711801, 83.615000]: 帧 835: 检测到 8 个目标
[信息] 轨迹已保存为 Results/0020_results/trajectory_weighted_offline.txt

[步骤 4] 正在运行离线双轨评估...

[GT] 加载：/home/xc/Projects/ME5400/Data_Tracking/training/oxts/0020.txt
[WARN] times.txt 未找到，假设 10 Hz
     GT 帧数：837, 时间范围：0.00~83.60 s

[轨迹] Baseline(Offline,NoWeight)  ←  /home/xc/Projects/ME5400/Results/0020_results/trajectory_baseline_offline.txt
  帧数：59, 时间范围：8.01~13.81 s
  匹配帧数：59
  ATE RMSE = 2.4791 m  |  ATE mean = 2.1645 m  |  RPE RMSE = 0.1146 m

[轨迹] JointOffline  ←  /home/xc/Projects/ME5400/Results/0020_results/trajectory_joint.txt
  帧数：821, 时间范围：1.41~83.41 s
  匹配帧数：821
  ATE RMSE = 6.9438 m  |  ATE mean = 6.1908 m  |  RPE RMSE = 0.2316 m

[绘图] 生成图表...
[图表] 已保存 → /home/xc/Projects/ME5400/Results/0020_results/evaluation_joint_backend.png
[图表] 已保存 → /home/xc/Projects/ME5400/Results/0020_results/ablation_bar.png
[指标] 已保存 → /home/xc/Projects/ME5400/Results/0020_results/metrics_joint_backend.txt

============================================================
联合后端消融实验评估结果
============================================================

配置                          ATE_RMSE   ATE_mean    ATE_max   RPE_RMSE   RPE_mean
--------------------------------------------------------------------------------
Baseline(Offline,NoWeight)     2.4791     2.1645     4.3728     0.1146     0.0849
JointOffline                  6.9438     6.1908    11.6959     0.2316     0.1278

提升幅度（相对第一条轨迹）：
  JointOffline               ATE 改善 -180.10%


[完成] 所有结果已保存至: /home/xc/Projects/ME5400/Results/0020_results
==============================================================================
KITTI Relative Odometry Metrics (Tracking OXTS + Tr_imu_velo)
==============================================================================

GT OXTS: /home/xc/Projects/ME5400/Data_Tracking/training/oxts/0020.txt
Calib  : /home/xc/Projects/ME5400/Data_Tracking/training/calib/0020.txt
Lengths(m): 100, 200, 300, 400, 500, 600, 700, 800
Step frames: 10
Timestamp tolerance: 0.200s

Name                         Matched  Segments     Tr.(%)   Rot.(deg/100m)    Tr Gain   Rot Gain
------------------------------------------------------------------------------------------------
Baseline(Offline,NoWeight)        59         0        nan              nan      0.00%      0.00%
JointOffline                     821       282     2.2225           0.6558       nan%       nan%

Per-length details:
  [Baseline(Offline,NoWeight)]
    length(m)   Tr.(%)   Rot.(deg/100m)   n_segments
         100       nan              nan            0
         200       nan              nan            0
         300       nan              nan            0
         400       nan              nan            0
         500       nan              nan            0
         600       nan              nan            0
         700       nan              nan            0
         800       nan              nan            0
  [JointOffline]
    length(m)   Tr.(%)   Rot.(deg/100m)   n_segments
         100    2.2309           0.9345           68
         200    2.1207           0.5963           61
         300    2.2041           0.5446           51
         400    2.1382           0.5588           44
         500    2.3407           0.5758           34
         600    2.4801           0.5586           21
         700    2.5127           0.4453            3
         800       nan              nan            0

[Saved] /home/xc/Projects/ME5400/Results/0020_results/metrics_kitti_tr_rot_ac.txt

=========================================================
   [离线双轨] 全部执行完成
   结果目录: Results/0020_results/
=========================================================
[INFO] 所有后台进程已停止
[INFO] [1775739055.457786, 0.000000]: MCTrackOnlineNode 初始化完成 (配置=/home/xc/Projects/ME5400/MCTrack/config/kitti_fastlio.yaml, 检测话题=/detection/lidar_detections, 旧版String=False)
shutdown request: [/mctrack_online_node] Reason: new node registered with same name
[INFO] 本次运行的所有输出将实时保存至: /home/xc/Projects/ME5400/Results/0020_results/full_run_offline.log
[INFO] 数据集序列号: 0020
[INFO] 离线 bag: /home/xc/Projects/ME5400/Data_Tracking/rosbags/seq_0020_nodet.bag
[INFO] FAST-LIO 地图保存: false
[步骤 0] 正在清理残留环境...
[cleanup_ros_runtime.sh] 正在清理残留 ROS 运行时进程...
[cleanup_ros_runtime.sh] 已清理 ROS master 中的失联节点注册。
[步骤 1] 检测到 roscore 已在运行，将复用现有环境...
[步骤 2] 正在构建/验证 catkin 工作空间...
[  0%] Built target geometry_msgs_generate_messages_eus
[  0%] Built target std_msgs_generate_messages_py
[  0%] Built target geometry_msgs_generate_messages_nodejs
[  0%] Built target geometry_msgs_generate_messages_cpp
[  0%] Built target geometry_msgs_generate_messages_py
[  0%] Built target std_msgs_generate_messages_cpp
[  0%] Built target geometry_msgs_generate_messages_lisp
[  0%] Built target rosgraph_msgs_generate_messages_lisp
[  0%] Built target rosgraph_msgs_generate_messages_eus
[  0%] Built target roscpp_generate_messages_nodejs
[  0%] Built target roscpp_generate_messages_py
[  0%] Built target std_msgs_generate_messages_eus
[  0%] Built target sensor_msgs_generate_messages_cpp
[  0%] Built target sensor_msgs_generate_messages_py
[  0%] Built target std_msgs_generate_messages_nodejs
[  0%] Built target roscpp_generate_messages_eus
[  0%] Built target actionlib_generate_messages_cpp
[  0%] Built target actionlib_msgs_generate_messages_py
[  0%] Built target std_msgs_generate_messages_lisp
[  0%] Built target actionlib_msgs_generate_messages_eus
[  0%] Built target roscpp_generate_messages_cpp
[  0%] Built target tf2_msgs_generate_messages_cpp
[  0%] Built target actionlib_msgs_generate_messages_cpp
[  0%] Built target rosgraph_msgs_generate_messages_nodejs
[  0%] Built target roscpp_generate_messages_lisp
[  0%] Built target actionlib_msgs_generate_messages_nodejs
[  0%] Built target sensor_msgs_generate_messages_lisp
[  0%] Built target actionlib_generate_messages_eus
[  0%] Built target actionlib_generate_messages_py
[  0%] Built target tf2_msgs_generate_messages_nodejs
[  0%] Built target actionlib_msgs_generate_messages_lisp
[  0%] Built target sensor_msgs_generate_messages_eus
[  0%] Built target tf2_msgs_generate_messages_py
[  0%] Built target tf2_msgs_generate_messages_eus
[  0%] Built target _tf_generate_messages_check_deps_FrameGraph
[  0%] Built target _ME5400_generate_messages_check_deps_Detection3DArray
[  0%] Built target rosgraph_msgs_generate_messages_py
[  0%] Built target actionlib_generate_messages_nodejs
[  0%] Built target _ME5400_generate_messages_check_deps_TrackedObjectArray
[  0%] Built target actionlib_generate_messages_lisp
[  0%] Built target tf2_msgs_generate_messages_lisp
[  0%] Built target rosgraph_msgs_generate_messages_cpp
[  0%] Built target sensor_msgs_generate_messages_nodejs
[  0%] Built target _ME5400_generate_messages_check_deps_TrackedObject
[  0%] Built target _tf_generate_messages_check_deps_tfMessage
[  0%] Built target _ME5400_generate_messages_check_deps_Detection3D
[  2%] Built target kdl_conversions
[  7%] Built target eigen_conversions
[ 13%] Built target tf_generate_messages_lisp
[ 15%] Built target tf_generate_messages_py
[ 18%] Built target tf_generate_messages_cpp
[ 21%] Built target tf_generate_messages_nodejs
[ 31%] Built target ME5400_generate_messages_nodejs
[ 31%] Built target tf_generate_messages_eus
[ 37%] Built target ME5400_generate_messages_cpp
[ 43%] Built target ME5400_generate_messages_lisp
[ 56%] Built target ME5400_generate_messages_py
[ 57%] Built target ME5400_generate_messages_eus
[ 57%] Built target _fast_lio_generate_messages_check_deps_Pose6D
[ 57%] Built target tf_generate_messages
[ 65%] Built target tf
[ 66%] Built target ME5400_generate_messages
[ 68%] Built target fast_lio_generate_messages_nodejs
[ 69%] Built target fast_lio_generate_messages_eus
[ 71%] Built target fast_lio_generate_messages_lisp
[ 72%] Built target fast_lio_generate_messages_cpp
[ 75%] Built target fast_lio_generate_messages_py
[ 86%] Built target tf_echo
[ 86%] Built target tf_change_notifier
[ 89%] Built target static_transform_publisher
[ 89%] Built target tf_empty_listener
[ 89%] Built target tf_monitor
[ 94%] Built target tf_conversions
[100%] Built target fastlio_mapping
[100%] Built target fast_lio_generate_messages
WARNING: Package name "ME5400" does not follow the naming conventions. It should start with a lower case letter and only contain lower case letters, digits, underscores, and dashes.
Base path: /home/xc/Projects/ME5400/catkin_ws
Source space: /home/xc/Projects/ME5400/catkin_ws/src
Build space: /home/xc/Projects/ME5400/catkin_ws/build
Devel space: /home/xc/Projects/ME5400/catkin_ws/devel
Install space: /home/xc/Projects/ME5400/catkin_ws/install
####
#### Running command: "make cmake_check_build_system" in "/home/xc/Projects/ME5400/catkin_ws/build"
####
####
#### Running command: "make -j28 -l28" in "/home/xc/Projects/ME5400/catkin_ws/build"
####
[步骤 3] 正在启动真实轨迹发布与 RViz...

=========================================================
   [离线阶段 A] Baseline(Offline,NoWeight)
=========================================================
[A-1] 启动 FAST-LIO (mapping, use_dynamic_weights=false)...
WARNING: Package name "ME5400" does not follow the naming conventions. It should start with a lower case letter and only contain lower case letters, digits, underscores, and dashes.
Multi thread started 
p_pre->lidar_type 2
~~~~/home/xc/Projects/ME5400/catkin_ws/src/fast_lio/ file opened
[FAST-LIO] Trajectory file opened at: /home/xc/Projects/ME5400/Results/trajectory.txt
[INFO] 本次运行的所有输出将实时保存至: /home/xc/Projects/ME5400/Results/0020_results/full_run_offline.log
[INFO] 数据集序列号: 0020
[INFO] 离线 bag: /home/xc/Projects/ME5400/Data_Tracking/rosbags/seq_0020_nodet.bag
[INFO] FAST-LIO 地图保存: false
[步骤 0] 正在清理残留环境...
[cleanup_ros_runtime.sh] 正在清理残留 ROS 运行时进程...
[cleanup_ros_runtime.sh] 已清理 ROS master 中的失联节点注册。
[步骤 1] 检测到 roscore 已在运行，将复用现有环境...
[步骤 2] 正在构建/验证 catkin 工作空间...
[  0%] Built target std_msgs_generate_messages_py
[  0%] Built target geometry_msgs_generate_messages_py
[  0%] Built target geometry_msgs_generate_messages_cpp
[  0%] Built target sensor_msgs_generate_messages_py
[  0%] Built target geometry_msgs_generate_messages_eus
[  0%] Built target std_msgs_generate_messages_lisp
[  0%] Built target std_msgs_generate_messages_cpp
[  0%] Built target geometry_msgs_generate_messages_lisp
[  0%] Built target std_msgs_generate_messages_eus
[  0%] Built target rosgraph_msgs_generate_messages_eus
[  0%] Built target geometry_msgs_generate_messages_nodejs
[  0%] Built target std_msgs_generate_messages_nodejs
[  0%] Built target roscpp_generate_messages_nodejs
[  0%] Built target roscpp_generate_messages_cpp
[  0%] Built target roscpp_generate_messages_eus
[  0%] Built target actionlib_msgs_generate_messages_cpp
[  0%] Built target roscpp_generate_messages_py
[  0%] Built target rosgraph_msgs_generate_messages_nodejs
[  0%] Built target actionlib_generate_messages_cpp
[  0%] Built target rosgraph_msgs_generate_messages_lisp
[  0%] Built target actionlib_msgs_generate_messages_eus
[  0%] Built target actionlib_generate_messages_py
[  0%] Built target sensor_msgs_generate_messages_cpp
[  0%] Built target actionlib_msgs_generate_messages_py
[  0%] Built target _ME5400_generate_messages_check_deps_TrackedObjectArray
[  0%] Built target tf2_msgs_generate_messages_py
[  0%] Built target actionlib_generate_messages_eus
[  0%] Built target _ME5400_generate_messages_check_deps_Detection3DArray
[  0%] Built target _tf_generate_messages_check_deps_tfMessage
[  0%] Built target actionlib_msgs_generate_messages_nodejs
[  0%] Built target _ME5400_generate_messages_check_deps_TrackedObject
[  0%] Built target roscpp_generate_messages_lisp
[  0%] Built target tf2_msgs_generate_messages_eus
[  0%] Built target _ME5400_generate_messages_check_deps_Detection3D
[  0%] Built target rosgraph_msgs_generate_messages_cpp
[  0%] Built target sensor_msgs_generate_messages_lisp
[  0%] Built target actionlib_generate_messages_nodejs
[  0%] Built target actionlib_msgs_generate_messages_lisp
[  0%] Built target tf2_msgs_generate_messages_lisp
[  0%] Built target sensor_msgs_generate_messages_eus
[  0%] Built target actionlib_generate_messages_lisp
[  0%] Built target tf2_msgs_generate_messages_cpp
[  0%] Built target _tf_generate_messages_check_deps_FrameGraph
[  0%] Built target rosgraph_msgs_generate_messages_py
[  0%] Built target tf2_msgs_generate_messages_nodejs
[  2%] Built target kdl_conversions
[  8%] Built target ME5400_generate_messages_cpp
[  8%] Built target sensor_msgs_generate_messages_nodejs
[ 15%] Built target ME5400_generate_messages_eus
[ 21%] Built target ME5400_generate_messages_lisp
[ 26%] Built target eigen_conversions
[ 31%] Built target ME5400_generate_messages_nodejs
[ 34%] Built target tf_generate_messages_lisp
[ 42%] Built target ME5400_generate_messages_py
[ 44%] Built target tf_generate_messages_cpp
[ 49%] Built target tf_generate_messages_eus
[ 55%] Built target tf_generate_messages_py
[ 57%] Built target tf_generate_messages_nodejs
[ 57%] Built target ME5400_generate_messages
[ 57%] Built target tf_generate_messages
[ 57%] Built target _fast_lio_generate_messages_check_deps_Pose6D
[ 65%] Built target tf
[ 69%] Built target fast_lio_generate_messages_eus
[ 69%] Built target fast_lio_generate_messages_nodejs
[ 72%] Built target fast_lio_generate_messages_py
[ 73%] Built target fast_lio_generate_messages_cpp
[ 75%] Built target fast_lio_generate_messages_lisp
[ 79%] Built target tf_conversions
[ 84%] Built target tf_monitor
[ 86%] Built target static_transform_publisher
[ 88%] Built target tf_empty_listener
[ 91%] Built target tf_change_notifier
[ 94%] Built target tf_echo
[ 94%] Built target fast_lio_generate_messages
[100%] Built target fastlio_mapping
WARNING: Package name "ME5400" does not follow the naming conventions. It should start with a lower case letter and only contain lower case letters, digits, underscores, and dashes.
Base path: /home/xc/Projects/ME5400/catkin_ws
Source space: /home/xc/Projects/ME5400/catkin_ws/src
Build space: /home/xc/Projects/ME5400/catkin_ws/build
Devel space: /home/xc/Projects/ME5400/catkin_ws/devel
Install space: /home/xc/Projects/ME5400/catkin_ws/install
####
#### Running command: "make cmake_check_build_system" in "/home/xc/Projects/ME5400/catkin_ws/build"
####
####
#### Running command: "make -j28 -l28" in "/home/xc/Projects/ME5400/catkin_ws/build"
####
[步骤 3] 正在启动真实轨迹发布与 RViz...

=========================================================
   [离线阶段 A] Baseline(Offline,NoWeight)
=========================================================
[A-1] 启动 FAST-LIO (mapping, use_dynamic_weights=false)...
WARNING: Package name "ME5400" does not follow the naming conventions. It should start with a lower case letter and only contain lower case letters, digits, underscores, and dashes.
Multi thread started 
p_pre->lidar_type 2
~~~~/home/xc/Projects/ME5400/catkin_ws/src/fast_lio/ file opened
[FAST-LIO] Trajectory file opened at: /home/xc/Projects/ME5400/Results/trajectory.txt
[INFO] 本次运行的所有输出将实时保存至: /home/xc/Projects/ME5400/Results/0020_results/full_run_offline.log
[INFO] 数据集序列号: 0020
[INFO] 离线 bag: /home/xc/Projects/ME5400/Data_Tracking/rosbags/seq_0020_nodet.bag
[INFO] FAST-LIO 地图保存: false
[步骤 0] 正在清理残留环境...
[cleanup_ros_runtime.sh] 正在清理残留 ROS 运行时进程...
[cleanup_ros_runtime.sh] 已清理 ROS master 中的失联节点注册。
[步骤 1] 检测到 roscore 已在运行，将复用现有环境...
[步骤 2] 正在构建/验证 catkin 工作空间...
[  0%] Built target geometry_msgs_generate_messages_eus
[  0%] Built target geometry_msgs_generate_messages_lisp
[  0%] Built target std_msgs_generate_messages_py
[  0%] Built target geometry_msgs_generate_messages_py
[  0%] Built target actionlib_msgs_generate_messages_py
[  0%] Built target roscpp_generate_messages_eus
[  0%] Built target sensor_msgs_generate_messages_py
[  0%] Built target rosgraph_msgs_generate_messages_eus
[  0%] Built target roscpp_generate_messages_cpp
[  0%] Built target geometry_msgs_generate_messages_cpp
[  0%] Built target geometry_msgs_generate_messages_nodejs
[  0%] Built target std_msgs_generate_messages_cpp
[  0%] Built target std_msgs_generate_messages_lisp
[  0%] Built target std_msgs_generate_messages_eus
[  0%] Built target std_msgs_generate_messages_nodejs
[  0%] Built target rosgraph_msgs_generate_messages_nodejs
[  0%] Built target roscpp_generate_messages_nodejs
[  0%] Built target roscpp_generate_messages_py
[  0%] Built target rosgraph_msgs_generate_messages_lisp
[  0%] Built target actionlib_generate_messages_cpp
[  0%] Built target sensor_msgs_generate_messages_cpp
[  0%] Built target _ME5400_generate_messages_check_deps_TrackedObjectArray
[  0%] Built target _tf_generate_messages_check_deps_FrameGraph
[  0%] Built target _ME5400_generate_messages_check_deps_TrackedObject
[  0%] Built target _ME5400_generate_messages_check_deps_Detection3DArray
[  0%] Built target actionlib_msgs_generate_messages_cpp
[  0%] Built target actionlib_generate_messages_py
[  0%] Built target actionlib_msgs_generate_messages_eus
[  0%] Built target rosgraph_msgs_generate_messages_cpp
[  0%] Built target tf2_msgs_generate_messages_lisp
[  0%] Built target actionlib_msgs_generate_messages_nodejs
[  0%] Built target sensor_msgs_generate_messages_nodejs
[  0%] Built target actionlib_generate_messages_nodejs
[  0%] Built target rosgraph_msgs_generate_messages_py
[  0%] Built target tf2_msgs_generate_messages_cpp
[  0%] Built target actionlib_msgs_generate_messages_lisp
[  0%] Built target roscpp_generate_messages_lisp
[  0%] Built target tf2_msgs_generate_messages_eus
[  0%] Built target tf2_msgs_generate_messages_py
[  0%] Built target tf2_msgs_generate_messages_nodejs
[  0%] Built target sensor_msgs_generate_messages_eus
[  0%] Built target actionlib_generate_messages_lisp
[  0%] Built target _ME5400_generate_messages_check_deps_Detection3D
[  0%] Built target _tf_generate_messages_check_deps_tfMessage
[  0%] Built target sensor_msgs_generate_messages_lisp
[  0%] Built target actionlib_generate_messages_eus
[  2%] Built target kdl_conversions
[ 10%] Built target ME5400_generate_messages_eus
[ 20%] Built target tf_generate_messages_py
[ 23%] Built target ME5400_generate_messages_py
[ 28%] Built target ME5400_generate_messages_lisp
[ 34%] Built target ME5400_generate_messages_nodejs
[ 40%] Built target ME5400_generate_messages_cpp
[ 44%] Built target eigen_conversions
[ 49%] Built target tf_generate_messages_eus
[ 52%] Built target tf_generate_messages_nodejs
[ 55%] Built target tf_generate_messages_lisp
[ 57%] Built target tf_generate_messages_cpp
[ 57%] Built target _fast_lio_generate_messages_check_deps_Pose6D
[ 57%] Built target ME5400_generate_messages
[ 57%] Built target tf_generate_messages
[ 63%] Built target fast_lio_generate_messages_nodejs
[ 63%] Built target fast_lio_generate_messages_eus
[ 65%] Built target fast_lio_generate_messages_py
[ 66%] Built target fast_lio_generate_messages_cpp
[ 73%] Built target tf
[ 75%] Built target fast_lio_generate_messages_lisp
[ 75%] Built target fast_lio_generate_messages
[ 78%] Built target tf_monitor
[ 86%] Built target tf_echo
[ 86%] Built target tf_empty_listener
[ 86%] Built target tf_change_notifier
[ 89%] Built target static_transform_publisher
[ 94%] Built target tf_conversions
[100%] Built target fastlio_mapping
WARNING: Package name "ME5400" does not follow the naming conventions. It should start with a lower case letter and only contain lower case letters, digits, underscores, and dashes.
Base path: /home/xc/Projects/ME5400/catkin_ws
Source space: /home/xc/Projects/ME5400/catkin_ws/src
Build space: /home/xc/Projects/ME5400/catkin_ws/build
Devel space: /home/xc/Projects/ME5400/catkin_ws/devel
Install space: /home/xc/Projects/ME5400/catkin_ws/install
####
#### Running command: "make cmake_check_build_system" in "/home/xc/Projects/ME5400/catkin_ws/build"
####
####
#### Running command: "make -j28 -l28" in "/home/xc/Projects/ME5400/catkin_ws/build"
####
[步骤 3] 正在启动真实轨迹发布与 RViz...

=========================================================
   [离线阶段 A] Baseline(Offline,NoWeight)
=========================================================
[A-1] 启动 FAST-LIO (mapping, use_dynamic_weights=false)...
WARNING: Package name "ME5400" does not follow the naming conventions. It should start with a lower case letter and only contain lower case letters, digits, underscores, and dashes.
Multi thread started 
p_pre->lidar_type 2
~~~~/home/xc/Projects/ME5400/catkin_ws/src/fast_lio/ file opened
[FAST-LIO] Trajectory file opened at: /home/xc/Projects/ME5400/Results/trajectory.txt
[A-2] 启动离线 feeder (不等待检测/跟踪)...
[信息] 启动 offline_bag_feeder (require_detection=false require_tracking=false require_odom=false)
[A-3] 等待离线 baseline 阶段完成...
[INFO] [1775740242.470118, 0.000000]: [offline_bag_feeder] bag_path=/home/xc/Projects/ME5400/Data_Tracking/rosbags/seq_0020_nodet.bag
[INFO] [1775740242.470368, 0.000000]: [offline_bag_feeder] lidar_topic=/kitti/velo/pointcloud det_topic=/detection/lidar_detections track_topic=/mctrack/tracked_objects odom_topic=/joint_backend/odom
[INFO] [1775740242.470600, 0.000000]: [offline_bag_feeder] require_detection=False require_tracking=False require_odom=False eps=0.060
[INFO] [1775740242.470878, 0.000000]: [offline_bag_feeder] waiting 1.5s for downstream nodes...
[INFO] [1775740244.013561, 0.001000]: [offline_bag_feeder] frame=1 lidar stamp=0.001000
[INFO] [1775740244.022210, 0.001000]: [offline_bag_feeder] frame=2 lidar stamp=0.101000
[INFO] [1775740244.025651, 0.101000]: [offline_bag_feeder] frame=3 lidar stamp=0.201000
[INFO] [1775740244.026946, 0.201000]: [offline_bag_feeder] frame=4 lidar stamp=0.301000
[INFO] [1775740244.029614, 0.301000]: [offline_bag_feeder] frame=5 lidar stamp=0.401000
[INFO] [1775740244.030688, 0.401000]: [offline_bag_feeder] frame=6 lidar stamp=0.501000
[INFO] [1775740244.031705, 0.501000]: [offline_bag_feeder] frame=7 lidar stamp=0.601000
[INFO] [1775740244.032682, 0.601000]: [offline_bag_feeder] frame=8 lidar stamp=0.701000
[INFO] [1775740244.033661, 0.701000]: [offline_bag_feeder] frame=9 lidar stamp=0.801000
[INFO] [1775740244.034687, 0.801000]: [offline_bag_feeder] frame=10 lidar stamp=0.901000
[INFO] [1775740244.035677, 0.901000]: [offline_bag_feeder] frame=11 lidar stamp=1.001000
[INFO] [1775740244.036675, 1.101000]: [offline_bag_feeder] frame=12 lidar stamp=1.101000
[INFO] [1775740244.037722, 1.101000]: [offline_bag_feeder] frame=13 lidar stamp=1.201000
[INFO] [1775740244.039374, 1.201000]: [offline_bag_feeder] frame=14 lidar stamp=1.301000
[INFO] [1775740244.040567, 1.301000]: [offline_bag_feeder] frame=15 lidar stamp=1.401000
[INFO] [1775740244.042234, 1.401000]: [offline_bag_feeder] frame=16 lidar stamp=1.501000
[INFO] [1775740244.043330, 1.501000]: [offline_bag_feeder] frame=17 lidar stamp=1.601000
[INFO] [1775740244.044717, 1.601000]: [offline_bag_feeder] frame=18 lidar stamp=1.701000
[INFO] [1775740244.046463, 1.701000]: [offline_bag_feeder] frame=19 lidar stamp=1.801000
[INFO] [1775740244.047495, 1.801000]: [offline_bag_feeder] frame=20 lidar stamp=1.901000
[INFO] [1775740244.048479, 1.901000]: [offline_bag_feeder] frame=21 lidar stamp=2.001000
[INFO] [1775740244.049818, 2.001000]: [offline_bag_feeder] frame=22 lidar stamp=2.101000
[INFO] [1775740244.051075, 2.101000]: [offline_bag_feeder] frame=23 lidar stamp=2.201000
[INFO] [1775740244.052871, 2.201000]: [offline_bag_feeder] frame=24 lidar stamp=2.301000
[INFO] [1775740244.053869, 2.301000]: [offline_bag_feeder] frame=25 lidar stamp=2.401000
[INFO] [1775740244.054881, 2.401000]: [offline_bag_feeder] frame=26 lidar stamp=2.501000
[INFO] [1775740244.056112, 2.501000]: [offline_bag_feeder] frame=27 lidar stamp=2.601000
[INFO] [1775740244.058535, 2.601000]: [offline_bag_feeder] frame=28 lidar stamp=2.701000
[INFO] [1775740244.059537, 2.701000]: [offline_bag_feeder] frame=29 lidar stamp=2.801000
[INFO] [1775740244.060562, 2.801000]: [offline_bag_feeder] frame=30 lidar stamp=2.901000
[INFO] [1775740244.061524, 2.901000]: [offline_bag_feeder] frame=31 lidar stamp=3.001000
[INFO] [1775740244.062551, 3.101000]: [offline_bag_feeder] frame=32 lidar stamp=3.101000
[INFO] [1775740244.064293, 3.101000]: [offline_bag_feeder] frame=33 lidar stamp=3.201000
[INFO] [1775740244.065569, 3.201000]: [offline_bag_feeder] frame=34 lidar stamp=3.301000
[INFO] [1775740244.067899, 3.301000]: [offline_bag_feeder] frame=35 lidar stamp=3.401000
[INFO] [1775740244.068880, 3.401000]: [offline_bag_feeder] frame=36 lidar stamp=3.501000
[INFO] [1775740244.069840, 3.501000]: [offline_bag_feeder] frame=37 lidar stamp=3.601000
[INFO] [1775740244.070819, 3.601000]: [offline_bag_feeder] frame=38 lidar stamp=3.701000
[INFO] [1775740244.071858, 3.701000]: [offline_bag_feeder] frame=39 lidar stamp=3.801000
[INFO] [1775740244.072761, 3.801000]: [offline_bag_feeder] frame=40 lidar stamp=3.901000
[INFO] [1775740244.073698, 3.901000]: [offline_bag_feeder] frame=41 lidar stamp=4.001000
[INFO] [1775740244.074620, 4.001000]: [offline_bag_feeder] frame=42 lidar stamp=4.101000
[INFO] [1775740244.075600, 4.101000]: [offline_bag_feeder] frame=43 lidar stamp=4.201000
[INFO] [1775740244.076753, 4.201000]: [offline_bag_feeder] frame=44 lidar stamp=4.301000
[INFO] [1775740244.079024, 4.301000]: [offline_bag_feeder] frame=45 lidar stamp=4.401000
[INFO] [1775740244.080138, 4.401000]: [offline_bag_feeder] frame=46 lidar stamp=4.501000
[INFO] [1775740244.082376, 4.501000]: [offline_bag_feeder] frame=47 lidar stamp=4.601000
[INFO] [1775740244.083506, 4.601000]: [offline_bag_feeder] frame=48 lidar stamp=4.701000
[INFO] [1775740244.085783, 4.701000]: [offline_bag_feeder] frame=49 lidar stamp=4.801000
[INFO] [1775740244.086950, 4.801000]: [offline_bag_feeder] frame=50 lidar stamp=4.901000
[INFO] [1775740244.089530, 4.901000]: [offline_bag_feeder] frame=51 lidar stamp=5.001000
[INFO] [1775740244.092805, 5.001000]: [offline_bag_feeder] frame=52 lidar stamp=5.101000
[INFO] [1775740244.095920, 5.101000]: [offline_bag_feeder] frame=53 lidar stamp=5.201000
[INFO] [1775740244.099274, 5.201000]: [offline_bag_feeder] frame=54 lidar stamp=5.301000
[INFO] [1775740244.102516, 5.301000]: [offline_bag_feeder] frame=55 lidar stamp=5.401000
[INFO] [1775740244.105659, 5.401000]: [offline_bag_feeder] frame=56 lidar stamp=5.501000
[INFO] [1775740244.108807, 5.501000]: [offline_bag_feeder] frame=57 lidar stamp=5.601000
[INFO] [1775740244.112304, 5.601000]: [offline_bag_feeder] frame=58 lidar stamp=5.701000
[INFO] [1775740244.115885, 5.701000]: [offline_bag_feeder] frame=59 lidar stamp=5.801000
[INFO] [1775740244.118634, 5.801000]: [offline_bag_feeder] frame=60 lidar stamp=5.901000
[INFO] [1775740244.121947, 5.901000]: [offline_bag_feeder] frame=61 lidar stamp=6.001000
[INFO] [1775740244.125172, 6.001000]: [offline_bag_feeder] frame=62 lidar stamp=6.101000
[INFO] [1775740244.126406, 6.101000]: [offline_bag_feeder] frame=63 lidar stamp=6.201000
[INFO] [1775740244.129126, 6.201000]: [offline_bag_feeder] frame=64 lidar stamp=6.301000
[INFO] [1775740244.132308, 6.301000]: [offline_bag_feeder] frame=65 lidar stamp=6.401000
[INFO] [1775740244.135723, 6.401000]: [offline_bag_feeder] frame=66 lidar stamp=6.501000
[INFO] [1775740244.138964, 6.501000]: [offline_bag_feeder] frame=67 lidar stamp=6.601000
[INFO] [1775740244.142168, 6.601000]: [offline_bag_feeder] frame=68 lidar stamp=6.701000
[INFO] [1775740244.144830, 6.701000]: [offline_bag_feeder] frame=69 lidar stamp=6.801000
[INFO] [1775740244.148023, 6.801000]: [offline_bag_feeder] frame=70 lidar stamp=6.901000
[INFO] [1775740244.150790, 6.901000]: [offline_bag_feeder] frame=71 lidar stamp=7.001000
[INFO] [1775740244.152373, 7.001000]: [offline_bag_feeder] frame=72 lidar stamp=7.101000
[INFO] [1775740244.153445, 7.101000]: [offline_bag_feeder] frame=73 lidar stamp=7.201000
[INFO] [1775740244.154479, 7.201000]: [offline_bag_feeder] frame=74 lidar stamp=7.301000
[INFO] [1775740244.155681, 7.301000]: [offline_bag_feeder] frame=75 lidar stamp=7.401000
[INFO] [1775740244.156783, 7.401000]: [offline_bag_feeder] frame=76 lidar stamp=7.501000
[INFO] [1775740244.157786, 7.501000]: [offline_bag_feeder] frame=77 lidar stamp=7.601000
[INFO] [1775740244.159535, 7.601000]: [offline_bag_feeder] frame=78 lidar stamp=7.701000
[INFO] [1775740244.160555, 7.701000]: [offline_bag_feeder] frame=79 lidar stamp=7.801000
[INFO] [1775740244.161810, 7.801000]: [offline_bag_feeder] frame=80 lidar stamp=7.901000
[INFO] [1775740244.164158, 7.901000]: [offline_bag_feeder] frame=81 lidar stamp=8.001000
[INFO] [1775740244.165331, 8.001000]: [offline_bag_feeder] frame=82 lidar stamp=8.101000
[INFO] [1775740244.167011, 8.101000]: [offline_bag_feeder] frame=83 lidar stamp=8.201000
[INFO] [1775740244.168071, 8.301000]: [offline_bag_feeder] frame=84 lidar stamp=8.301000
[INFO] [1775740244.169088, 8.301000]: [offline_bag_feeder] frame=85 lidar stamp=8.401000
[33m[WARN] [1775740244.285992686, 15.600999999]: No point, skip this scan!
[0m
[33m[WARN] [1775740244.299093043, 15.900999998]: No point, skip this scan!
[0m
[33m[WARN] [1775740244.312894748, 16.300999999]: No point, skip this scan!
[0m
[33m[WARN] [1775740244.325896535, 16.600999999]: No point, skip this scan!
[0m
[33m[WARN] [1775740244.342554566, 16.900999998]: No point, skip this scan!
[0m
[33m[WARN] [1775740244.356938470, 17.300999999]: No point, skip this scan!
[0m
[INFO] [1775740244.171659, 8.401000]: [offline_bag_feeder] frame=86 lidar stamp=8.501000
[INFO] [1775740244.174235, 8.501000]: [offline_bag_feeder] frame=87 lidar stamp=8.601000
[INFO] [1775740244.175613, 8.701000]: [offline_bag_feeder] frame=88 lidar stamp=8.701000
[INFO] [1775740244.178478, 8.701000]: [offline_bag_feeder] frame=89 lidar stamp=8.801000
[INFO] [1775740244.180150, 8.801000]: [offline_bag_feeder] frame=90 lidar stamp=8.901000
[INFO] [1775740244.182108, 8.901000]: [offline_bag_feeder] frame=91 lidar stamp=9.001000
[INFO] [1775740244.183890, 9.001000]: [offline_bag_feeder] frame=92 lidar stamp=9.101000
[INFO] [1775740244.186603, 9.101000]: [offline_bag_feeder] frame=93 lidar stamp=9.201000
[INFO] [1775740244.187986, 9.201000]: [offline_bag_feeder] frame=94 lidar stamp=9.301000
[INFO] [1775740244.189818, 9.301000]: [offline_bag_feeder] frame=95 lidar stamp=9.401000
[INFO] [1775740244.190906, 9.401000]: [offline_bag_feeder] frame=96 lidar stamp=9.501000
[INFO] [1775740244.191936, 9.501000]: [offline_bag_feeder] frame=97 lidar stamp=9.601000
[INFO] [1775740244.192903, 9.601000]: [offline_bag_feeder] frame=98 lidar stamp=9.701000
[INFO] [1775740244.193889, 9.701000]: [offline_bag_feeder] frame=99 lidar stamp=9.801000
[INFO] [1775740244.194874, 9.801000]: [offline_bag_feeder] frame=100 lidar stamp=9.901000
[INFO] [1775740244.195913, 9.901000]: [offline_bag_feeder] frame=101 lidar stamp=10.001000
[INFO] [1775740244.196897, 10.001000]: [offline_bag_feeder] frame=102 lidar stamp=10.101000
[INFO] [1775740244.197914, 10.101000]: [offline_bag_feeder] frame=103 lidar stamp=10.201000
[INFO] [1775740244.198910, 10.201000]: [offline_bag_feeder] frame=104 lidar stamp=10.301000
[INFO] [1775740244.200667, 10.301000]: [offline_bag_feeder] frame=105 lidar stamp=10.401000
[INFO] [1775740244.201682, 10.401000]: [offline_bag_feeder] frame=106 lidar stamp=10.501000
[INFO] [1775740244.202699, 10.501000]: [offline_bag_feeder] frame=107 lidar stamp=10.601000
[INFO] [1775740244.203694, 10.601000]: [offline_bag_feeder] frame=108 lidar stamp=10.701000
[INFO] [1775740244.204764, 10.701000]: [offline_bag_feeder] frame=109 lidar stamp=10.801000
[INFO] [1775740244.205720, 10.801000]: [offline_bag_feeder] frame=110 lidar stamp=10.901000
[INFO] [1775740244.206633, 10.901000]: [offline_bag_feeder] frame=111 lidar stamp=11.001000
[INFO] [1775740244.207568, 11.001000]: [offline_bag_feeder] frame=112 lidar stamp=11.101000
[INFO] [1775740244.208502, 11.101000]: [offline_bag_feeder] frame=113 lidar stamp=11.201000
[INFO] [1775740244.209533, 11.201000]: [offline_bag_feeder] frame=114 lidar stamp=11.301000
[INFO] [1775740244.212289, 11.301000]: [offline_bag_feeder] frame=115 lidar stamp=11.401000
[INFO] [1775740244.213377, 11.401000]: [offline_bag_feeder] frame=116 lidar stamp=11.501000
[INFO] [1775740244.214322, 11.501000]: [offline_bag_feeder] frame=117 lidar stamp=11.601000
[INFO] [1775740244.215279, 11.601000]: [offline_bag_feeder] frame=118 lidar stamp=11.701000
[INFO] [1775740244.216208, 11.701000]: [offline_bag_feeder] frame=119 lidar stamp=11.801000
[INFO] [1775740244.217126, 11.801000]: [offline_bag_feeder] frame=120 lidar stamp=11.901000
[INFO] [1775740244.218141, 11.901000]: [offline_bag_feeder] frame=121 lidar stamp=12.001000
[INFO] [1775740244.219186, 12.001000]: [offline_bag_feeder] frame=122 lidar stamp=12.101000
[INFO] [1775740244.220126, 12.101000]: [offline_bag_feeder] frame=123 lidar stamp=12.201000
[INFO] [1775740244.221078, 12.201000]: [offline_bag_feeder] frame=124 lidar stamp=12.301000
[INFO] [1775740244.221997, 12.301000]: [offline_bag_feeder] frame=125 lidar stamp=12.401000
[INFO] [1775740244.224449, 12.401000]: [offline_bag_feeder] frame=126 lidar stamp=12.501000
[INFO] [1775740244.225737, 12.501000]: [offline_bag_feeder] frame=127 lidar stamp=12.601000
[INFO] [1775740244.228757, 12.601000]: [offline_bag_feeder] frame=128 lidar stamp=12.701000
[INFO] [1775740244.229712, 12.701000]: [offline_bag_feeder] frame=129 lidar stamp=12.801000
[INFO] [1775740244.232327, 12.801000]: [offline_bag_feeder] frame=130 lidar stamp=12.901000
[INFO] [1775740244.233301, 12.901000]: [offline_bag_feeder] frame=131 lidar stamp=13.001000
[INFO] [1775740244.235966, 13.001000]: [offline_bag_feeder] frame=132 lidar stamp=13.101000
[INFO] [1775740244.237067, 13.101000]: [offline_bag_feeder] frame=133 lidar stamp=13.201000
[INFO] [1775740244.237986, 13.201000]: [offline_bag_feeder] frame=134 lidar stamp=13.301000
[INFO] [1775740244.238955, 13.301000]: [offline_bag_feeder] frame=135 lidar stamp=13.401000
[INFO] [1775740244.240047, 13.501000]: [offline_bag_feeder] frame=136 lidar stamp=13.501000
[INFO] [1775740244.241714, 13.501000]: [offline_bag_feeder] frame=137 lidar stamp=13.601000
[INFO] [1775740244.242768, 13.601000]: [offline_bag_feeder] frame=138 lidar stamp=13.701000
[INFO] [1775740244.243727, 13.701000]: [offline_bag_feeder] frame=139 lidar stamp=13.801000
[INFO] [1775740244.244671, 13.801000]: [offline_bag_feeder] frame=140 lidar stamp=13.901000
[INFO] [1775740244.245682, 13.901000]: [offline_bag_feeder] frame=141 lidar stamp=14.001000
[INFO] [1775740244.246865, 14.001000]: [offline_bag_feeder] frame=142 lidar stamp=14.101000
[INFO] [1775740244.248267, 14.101000]: [offline_bag_feeder] frame=143 lidar stamp=14.201000
[INFO] [1775740244.249474, 14.201000]: [offline_bag_feeder] frame=144 lidar stamp=14.301000
[INFO] [1775740244.250555, 14.301000]: [offline_bag_feeder] frame=145 lidar stamp=14.401000
[INFO] [1775740244.251565, 14.401000]: [offline_bag_feeder] frame=146 lidar stamp=14.501000
[INFO] [1775740244.252828, 14.501000]: [offline_bag_feeder] frame=147 lidar stamp=14.601000
[INFO] [1775740244.254704, 14.701000]: [offline_bag_feeder] frame=148 lidar stamp=14.701000
[INFO] [1775740244.258153, 14.701000]: [offline_bag_feeder] frame=149 lidar stamp=14.801000
[INFO] [1775740244.260178, 14.801000]: [offline_bag_feeder] frame=150 lidar stamp=14.901000
[INFO] [1775740244.263135, 14.901000]: [offline_bag_feeder] frame=151 lidar stamp=15.001000
[INFO] [1775740244.265360, 15.001000]: [offline_bag_feeder] frame=152 lidar stamp=15.101000
[INFO] [1775740244.270061, 15.101000]: [offline_bag_feeder] frame=153 lidar stamp=15.201000
[INFO] [1775740244.272178, 15.201000]: [offline_bag_feeder] frame=154 lidar stamp=15.301000
[INFO] [1775740244.276688, 15.301000]: [offline_bag_feeder] frame=155 lidar stamp=15.401000
[INFO] [1775740244.278769, 15.401000]: [offline_bag_feeder] frame=156 lidar stamp=15.501000
[INFO] [1775740244.285010, 15.501000]: [offline_bag_feeder] frame=157 lidar stamp=15.601000
[INFO] [1775740244.288253, 15.601000]: [offline_bag_feeder] frame=158 lidar stamp=15.701000
[INFO] [1775740244.294413, 15.701000]: [offline_bag_feeder] frame=159 lidar stamp=15.801000
[INFO] [1775740244.297199, 15.801000]: [offline_bag_feeder] frame=160 lidar stamp=15.901000
[INFO] [1775740244.301892, 15.901000]: [offline_bag_feeder] frame=161 lidar stamp=16.001000
[INFO] [1775740244.304030, 16.001000]: [offline_bag_feeder] frame=162 lidar stamp=16.101000
[INFO] [1775740244.309018, 16.101000]: [offline_bag_feeder] frame=163 lidar stamp=16.201000
[INFO] [1775740244.312152, 16.201000]: [offline_bag_feeder] frame=164 lidar stamp=16.301000
[INFO] [1775740244.317389, 16.301000]: [offline_bag_feeder] frame=165 lidar stamp=16.401000
[INFO] [1775740244.319592, 16.401000]: [offline_bag_feeder] frame=166 lidar stamp=16.501000
[INFO] [1775740244.324198, 16.501000]: [offline_bag_feeder] frame=167 lidar stamp=16.601000
[INFO] [1775740244.330072, 16.601000]: [offline_bag_feeder] frame=168 lidar stamp=16.701000
[INFO] [1775740244.336052, 16.701000]: [offline_bag_feeder] frame=169 lidar stamp=16.801000
[INFO] [1775740244.339186, 16.801000]: [offline_bag_feeder] frame=170 lidar stamp=16.901000
[INFO] [1775740244.343192, 16.901000]: [offline_bag_feeder] frame=171 lidar stamp=17.001000
[INFO] [1775740244.347168, 17.001000]: [offline_bag_feeder] frame=172 lidar stamp=17.101000
[INFO] [1775740244.350585, 17.101000]: [offline_bag_feeder] frame=173 lidar stamp=17.201000
[INFO] [1775740244.353799, 17.301000]: [offline_bag_feeder] frame=174 lidar stamp=17.301000
[33m[WARN] [1775740244.367157535, 17.501000000]: No point, skip this scan!
[0m
[33m[WARN] [1775740244.376119401, 17.701000000]: No point, skip this scan!
[0m
[33m[WARN] [1775740244.385815492, 18.001000000]: No point, skip this scan!
[0m
[33m[WARN] [1775740244.398360764, 18.201000000]: No point, skip this scan!
[0m
[INFO] [1775740244.357610, 17.301000]: [offline_bag_feeder] frame=175 lidar stamp=17.401000
[INFO] [1775740244.363751, 17.401000]: [offline_bag_feeder] frame=176 lidar stamp=17.501000
[INFO] [1775740244.368873, 17.501000]: [offline_bag_feeder] frame=177 lidar stamp=17.601000
[INFO] [1775740244.373618, 17.601000]: [offline_bag_feeder] frame=178 lidar stamp=17.701000
[INFO] [1775740244.376650, 17.701000]: [offline_bag_feeder] frame=179 lidar stamp=17.801000
[INFO] [1775740244.381667, 17.801000]: [offline_bag_feeder] frame=180 lidar stamp=17.901000
[INFO] [1775740244.384313, 17.901000]: [offline_bag_feeder] frame=181 lidar stamp=18.001000
[INFO] [1775740244.388978, 18.001000]: [offline_bag_feeder] frame=182 lidar stamp=18.101000
[INFO] [1775740244.394939, 18.101000]: [offline_bag_feeder] frame=183 lidar stamp=18.201000
[INFO] [1775740244.399806, 18.201000]: [offline_bag_feeder] frame=184 lidar stamp=18.301000
[INFO] [1775740244.403884, 18.301000]: [offline_bag_feeder] frame=185 lidar stamp=18.401000
[INFO] [1775740244.406282, 18.401000]: [offline_bag_feeder] frame=186 lidar stamp=18.501000
[INFO] [1775740244.411297, 18.501000]: [offline_bag_feeder] frame=187 lidar stamp=18.601000
[INFO] [1775740244.413870, 18.601000]: [offline_bag_feeder] frame=188 lidar stamp=18.701000
[INFO] [1775740244.417837, 18.701000]: [offline_bag_feeder] frame=189 lidar stamp=18.801000
[INFO] [1775740244.420174, 18.801000]: [offline_bag_feeder] frame=190 lidar stamp=18.901000
[INFO] [1775740244.423940, 18.901000]: [offline_bag_feeder] frame=191 lidar stamp=19.001000
[INFO] [1775740244.426446, 19.101000]: [offline_bag_feeder] frame=192 lidar stamp=19.101000
[INFO] [1775740244.430878, 19.101000]: [offline_bag_feeder] frame=193 lidar stamp=19.201000
[INFO] [1775740244.433057, 19.201000]: [offline_bag_feeder] frame=194 lidar stamp=19.301000
[INFO] [1775740244.437858, 19.401000]: [offline_bag_feeder] frame=195 lidar stamp=19.401000
[INFO] [1775740244.440295, 19.401000]: [offline_bag_feeder] frame=196 lidar stamp=19.501000
[INFO] [1775740244.444841, 19.501000]: [offline_bag_feeder] frame=197 lidar stamp=19.601000
[INFO] [1775740244.449387, 19.601000]: [offline_bag_feeder] frame=198 lidar stamp=19.701000
[INFO] [1775740244.452083, 19.701000]: [offline_bag_feeder] frame=199 lidar stamp=19.801000
[INFO] [1775740244.456060, 19.801000]: [offline_bag_feeder] frame=200 lidar stamp=19.901000
[INFO] [1775740244.458547, 19.901000]: [offline_bag_feeder] frame=201 lidar stamp=20.001000
[INFO] [1775740244.462979, 20.001000]: [offline_bag_feeder] frame=202 lidar stamp=20.101000
[INFO] [1775740244.465280, 20.101000]: [offline_bag_feeder] frame=203 lidar stamp=20.201000
[INFO] [1775740244.469942, 20.201000]: [offline_bag_feeder] frame=204 lidar stamp=20.301000
[INFO] [1775740244.472430, 20.301000]: [offline_bag_feeder] frame=205 lidar stamp=20.401000
[INFO] [1775740244.477022, 20.401000]: [offline_bag_feeder] frame=206 lidar stamp=20.501000
[INFO] [1775740244.479858, 20.501000]: [offline_bag_feeder] frame=207 lidar stamp=20.601000
[INFO] [1775740244.486223, 20.601000]: [offline_bag_feeder] frame=208 lidar stamp=20.701000
[INFO] [1775740244.490023, 20.701000]: [offline_bag_feeder] frame=209 lidar stamp=20.801000
[INFO] [1775740244.496404, 20.901000]: [offline_bag_feeder] frame=210 lidar stamp=20.901000
[INFO] [1775740244.505147, 20.901000]: [offline_bag_feeder] frame=211 lidar stamp=21.001000
[INFO] [1775740244.512790, 21.001000]: [offline_bag_feeder] frame=212 lidar stamp=21.101000
[INFO] [1775740244.517591, 21.101000]: [offline_bag_feeder] frame=213 lidar stamp=21.201000
[INFO] [1775740244.520243, 21.201000]: [offline_bag_feeder] frame=214 lidar stamp=21.301000
[INFO] [1775740244.524096, 21.301000]: [offline_bag_feeder] frame=215 lidar stamp=21.401000
[INFO] [1775740244.526449, 21.401000]: [offline_bag_feeder] frame=216 lidar stamp=21.501000
[INFO] [1775740244.530159, 21.501000]: [offline_bag_feeder] frame=217 lidar stamp=21.601000
[INFO] [1775740244.532369, 21.601000]: [offline_bag_feeder] frame=218 lidar stamp=21.701000
[INFO] [1775740244.536132, 21.701000]: [offline_bag_feeder] frame=219 lidar stamp=21.801000
[INFO] [1775740244.538628, 21.801000]: [offline_bag_feeder] frame=220 lidar stamp=21.901000
[INFO] [1775740244.542799, 21.901000]: [offline_bag_feeder] frame=221 lidar stamp=22.001000
[INFO] [1775740244.545377, 22.001000]: [offline_bag_feeder] frame=222 lidar stamp=22.101000
[INFO] [1775740244.549141, 22.101000]: [offline_bag_feeder] frame=223 lidar stamp=22.201000
[INFO] [1775740244.551687, 22.301000]: [offline_bag_feeder] frame=224 lidar stamp=22.301000
[INFO] [1775740244.555409, 22.301000]: [offline_bag_feeder] frame=225 lidar stamp=22.401000
[INFO] [1775740244.557874, 22.501000]: [offline_bag_feeder] frame=226 lidar stamp=22.501000
[INFO] [1775740244.561763, 22.501000]: [offline_bag_feeder] frame=227 lidar stamp=22.601000
[INFO] [1775740244.565036, 22.601000]: [offline_bag_feeder] frame=228 lidar stamp=22.701000
[INFO] [1775740244.567450, 22.701000]: [offline_bag_feeder] frame=229 lidar stamp=22.801000
[INFO] [1775740244.570925, 22.801000]: [offline_bag_feeder] frame=230 lidar stamp=22.901000
[INFO] [1775740244.573344, 22.901000]: [offline_bag_feeder] frame=231 lidar stamp=23.001000
[INFO] [1775740244.575439, 23.001000]: [offline_bag_feeder] frame=232 lidar stamp=23.101000
[INFO] [1775740244.577668, 23.101000]: [offline_bag_feeder] frame=233 lidar stamp=23.201000
[INFO] [1775740244.581976, 23.201000]: [offline_bag_feeder] frame=234 lidar stamp=23.301000
[INFO] [1775740244.584849, 23.401000]: [offline_bag_feeder] frame=235 lidar stamp=23.401000
[INFO] [1775740244.587368, 23.401000]: [offline_bag_feeder] frame=236 lidar stamp=23.501000
[INFO] [1775740244.589636, 23.501000]: [offline_bag_feeder] frame=237 lidar stamp=23.601000
[INFO] [1775740244.592731, 23.601000]: [offline_bag_feeder] frame=238 lidar stamp=23.701000
[INFO] [1775740244.595942, 23.701000]: [offline_bag_feeder] frame=239 lidar stamp=23.801000
[INFO] [1775740244.598342, 23.801000]: [offline_bag_feeder] frame=240 lidar stamp=23.901000
[INFO] [1775740244.603670, 23.901000]: [offline_bag_feeder] frame=241 lidar stamp=24.001000
[INFO] [1775740244.607930, 24.101000]: [offline_bag_feeder] frame=242 lidar stamp=24.101000
[INFO] [1775740244.611064, 24.101000]: [offline_bag_feeder] frame=243 lidar stamp=24.201000
[INFO] [1775740244.614820, 24.201000]: [offline_bag_feeder] frame=244 lidar stamp=24.301000
[INFO] [1775740244.619958, 24.301000]: [offline_bag_feeder] frame=245 lidar stamp=24.401000
[INFO] [1775740244.624365, 24.401000]: [offline_bag_feeder] frame=246 lidar stamp=24.501000
[INFO] [1775740244.626953, 24.501000]: [offline_bag_feeder] frame=247 lidar stamp=24.601000
[INFO] [1775740244.630793, 24.601000]: [offline_bag_feeder] frame=248 lidar stamp=24.701000
[INFO] [1775740244.634835, 24.701000]: [offline_bag_feeder] frame=249 lidar stamp=24.801000
[INFO] [1775740244.638808, 24.801000]: [offline_bag_feeder] frame=250 lidar stamp=24.901000
[INFO] [1775740244.641418, 24.901000]: [offline_bag_feeder] frame=251 lidar stamp=25.001000
[INFO] [1775740244.643687, 25.001000]: [offline_bag_feeder] frame=252 lidar stamp=25.101000
[INFO] [1775740244.646023, 25.101000]: [offline_bag_feeder] frame=253 lidar stamp=25.201000
[INFO] [1775740244.649865, 25.201000]: [offline_bag_feeder] frame=254 lidar stamp=25.301000
[INFO] [1775740244.653189, 25.301000]: [offline_bag_feeder] frame=255 lidar stamp=25.401000
[INFO] [1775740244.655697, 25.401000]: [offline_bag_feeder] frame=256 lidar stamp=25.501000
[INFO] [1775740244.660706, 25.501000]: [offline_bag_feeder] frame=257 lidar stamp=25.601000
[INFO] [1775740244.663372, 25.601000]: [offline_bag_feeder] frame=258 lidar stamp=25.701000
[INFO] [1775740244.668482, 25.701000]: [offline_bag_feeder] frame=259 lidar stamp=25.801000
[INFO] [1775740244.674280, 25.801000]: [offline_bag_feeder] frame=260 lidar stamp=25.901000
[INFO] [1775740244.678205, 25.901000]: [offline_bag_feeder] frame=261 lidar stamp=26.001000
[INFO] [1775740244.680898, 26.101000]: [offline_bag_feeder] frame=262 lidar stamp=26.101000
[INFO] [1775740244.684644, 26.101000]: [offline_bag_feeder] frame=263 lidar stamp=26.201000
[INFO] [1775740244.686985, 26.201000]: [offline_bag_feeder] frame=264 lidar stamp=26.301000
[INFO] [1775740244.691638, 26.301000]: [offline_bag_feeder] frame=265 lidar stamp=26.401000
[INFO] [1775740244.694033, 26.401000]: [offline_bag_feeder] frame=266 lidar stamp=26.501000
[INFO] [1775740244.699189, 26.501000]: [offline_bag_feeder] frame=267 lidar stamp=26.601000
[INFO] [1775740244.701959, 26.601000]: [offline_bag_feeder] frame=268 lidar stamp=26.701000
[INFO] [1775740244.707265, 26.701000]: [offline_bag_feeder] frame=269 lidar stamp=26.801000
[INFO] [1775740244.713769, 26.801000]: [offline_bag_feeder] frame=270 lidar stamp=26.901000
[INFO] [1775740244.719742, 26.901000]: [offline_bag_feeder] frame=271 lidar stamp=27.001000
[INFO] [1775740244.724105, 27.001000]: [offline_bag_feeder] frame=272 lidar stamp=27.101000
[INFO] [1775740244.726707, 27.101000]: [offline_bag_feeder] frame=273 lidar stamp=27.201000
[INFO] [1775740244.730782, 27.201000]: [offline_bag_feeder] frame=274 lidar stamp=27.301000
[INFO] [1775740244.734222, 27.301000]: [offline_bag_feeder] frame=275 lidar stamp=27.401000
[INFO] [1775740244.736667, 27.401000]: [offline_bag_feeder] frame=276 lidar stamp=27.501000
[INFO] [1775740244.741520, 27.501000]: [offline_bag_feeder] frame=277 lidar stamp=27.601000
[INFO] [1775740244.744202, 27.601000]: [offline_bag_feeder] frame=278 lidar stamp=27.701000
[INFO] [1775740244.748099, 27.801000]: [offline_bag_feeder] frame=279 lidar stamp=27.801000
[INFO] [1775740244.750546, 27.901000]: [offline_bag_feeder] frame=280 lidar stamp=27.901000
[INFO] [1775740244.754953, 27.901000]: [offline_bag_feeder] frame=281 lidar stamp=28.001000
[INFO] [1775740244.757233, 28.001000]: [offline_bag_feeder] frame=282 lidar stamp=28.101000
[INFO] [1775740244.762167, 28.101000]: [offline_bag_feeder] frame=283 lidar stamp=28.201000
[INFO] [1775740244.764737, 28.201000]: [offline_bag_feeder] frame=284 lidar stamp=28.301000
[INFO] [1775740244.769047, 28.301000]: [offline_bag_feeder] frame=285 lidar stamp=28.401000
[INFO] [1775740244.771485, 28.401000]: [offline_bag_feeder] frame=286 lidar stamp=28.501000
[INFO] [1775740244.776236, 28.501000]: [offline_bag_feeder] frame=287 lidar stamp=28.601000
[INFO] [1775740244.778523, 28.601000]: [offline_bag_feeder] frame=288 lidar stamp=28.701000
[INFO] [1775740244.783125, 28.701000]: [offline_bag_feeder] frame=289 lidar stamp=28.801000
[INFO] [1775740244.785522, 28.901000]: [offline_bag_feeder] frame=290 lidar stamp=28.901000
[INFO] [1775740244.789490, 28.901000]: [offline_bag_feeder] frame=291 lidar stamp=29.001000
[INFO] [1775740244.793584, 29.001000]: [offline_bag_feeder] frame=292 lidar stamp=29.101000
[INFO] [1775740244.799483, 29.101000]: [offline_bag_feeder] frame=293 lidar stamp=29.201000
[INFO] [1775740244.804282, 29.201000]: [offline_bag_feeder] frame=294 lidar stamp=29.301000
[INFO] [1775740244.807613, 29.301000]: [offline_bag_feeder] frame=295 lidar stamp=29.401000
[INFO] [1775740244.810331, 29.401000]: [offline_bag_feeder] frame=296 lidar stamp=29.501000
[INFO] [1775740244.813809, 29.601000]: [offline_bag_feeder] frame=297 lidar stamp=29.601000
[INFO] [1775740244.816187, 29.601000]: [offline_bag_feeder] frame=298 lidar stamp=29.701000
[INFO] [1775740244.818570, 29.701000]: [offline_bag_feeder] frame=299 lidar stamp=29.801000
[INFO] [1775740244.820761, 29.801000]: [offline_bag_feeder] frame=300 lidar stamp=29.901000
[INFO] [1775740244.824096, 29.901000]: [offline_bag_feeder] frame=301 lidar stamp=30.001000
[INFO] [1775740244.826970, 30.001000]: [offline_bag_feeder] frame=302 lidar stamp=30.101000
[INFO] [1775740244.829407, 30.101000]: [offline_bag_feeder] frame=303 lidar stamp=30.201000
[INFO] [1775740244.832021, 30.301000]: [offline_bag_feeder] frame=304 lidar stamp=30.301000
[INFO] [1775740244.834423, 30.401000]: [offline_bag_feeder] frame=305 lidar stamp=30.401000
[INFO] [1775740244.836665, 30.401000]: [offline_bag_feeder] frame=306 lidar stamp=30.501000
[INFO] [1775740244.838946, 30.501000]: [offline_bag_feeder] frame=307 lidar stamp=30.601000
[INFO] [1775740244.841468, 30.601000]: [offline_bag_feeder] frame=308 lidar stamp=30.701000
[INFO] [1775740244.843987, 30.801000]: [offline_bag_feeder] frame=309 lidar stamp=30.801000
[INFO] [1775740244.846445, 30.801000]: [offline_bag_feeder] frame=310 lidar stamp=30.901000
[INFO] [1775740244.848889, 31.001000]: [offline_bag_feeder] frame=311 lidar stamp=31.001000
[INFO] [1775740244.851273, 31.001000]: [offline_bag_feeder] frame=312 lidar stamp=31.101000
[INFO] [1775740244.853778, 31.101000]: [offline_bag_feeder] frame=313 lidar stamp=31.201000
[INFO] [1775740244.856261, 31.201000]: [offline_bag_feeder] frame=314 lidar stamp=31.301000
[INFO] [1775740244.858909, 31.301000]: [offline_bag_feeder] frame=315 lidar stamp=31.401000
[INFO] [1775740244.861476, 31.401000]: [offline_bag_feeder] frame=316 lidar stamp=31.501000
[INFO] [1775740244.863934, 31.501000]: [offline_bag_feeder] frame=317 lidar stamp=31.601000
[INFO] [1775740244.867460, 31.601000]: [offline_bag_feeder] frame=318 lidar stamp=31.701000
[INFO] [1775740244.870875, 31.701000]: [offline_bag_feeder] frame=319 lidar stamp=31.801000
[INFO] [1775740244.873994, 31.801000]: [offline_bag_feeder] frame=320 lidar stamp=31.901000
[INFO] [1775740244.877088, 31.901000]: [offline_bag_feeder] frame=321 lidar stamp=32.001000
[INFO] [1775740244.880421, 32.001000]: [offline_bag_feeder] frame=322 lidar stamp=32.101000
[INFO] [1775740244.883783, 32.101000]: [offline_bag_feeder] frame=323 lidar stamp=32.201000
[INFO] [1775740244.885723, 32.201000]: [offline_bag_feeder] frame=324 lidar stamp=32.301000
[INFO] [1775740244.887600, 32.301000]: [offline_bag_feeder] frame=325 lidar stamp=32.401000
[INFO] [1775740244.889239, 32.401000]: [offline_bag_feeder] frame=326 lidar stamp=32.501000
[INFO] [1775740244.891120, 32.501000]: [offline_bag_feeder] frame=327 lidar stamp=32.601000
[INFO] [1775740244.893720, 32.601000]: [offline_bag_feeder] frame=328 lidar stamp=32.701000
[INFO] [1775740244.895490, 32.701000]: [offline_bag_feeder] frame=329 lidar stamp=32.801000
[INFO] [1775740244.899348, 32.801000]: [offline_bag_feeder] frame=330 lidar stamp=32.901000
[INFO] [1775740244.901393, 33.001000]: [offline_bag_feeder] frame=331 lidar stamp=33.001000
[INFO] [1775740244.905479, 33.001000]: [offline_bag_feeder] frame=332 lidar stamp=33.101000
[INFO] [1775740244.907508, 33.101000]: [offline_bag_feeder] frame=333 lidar stamp=33.201000
[INFO] [1775740244.913073, 33.201000]: [offline_bag_feeder] frame=334 lidar stamp=33.301000
[INFO] [1775740244.916654, 33.301000]: [offline_bag_feeder] frame=335 lidar stamp=33.401000
[INFO] [1775740244.921731, 33.401000]: [offline_bag_feeder] frame=336 lidar stamp=33.501000
[INFO] [1775740244.924606, 33.601000]: [offline_bag_feeder] frame=337 lidar stamp=33.601000
[INFO] [1775740244.929104, 33.601000]: [offline_bag_feeder] frame=338 lidar stamp=33.701000
[INFO] [1775740244.931415, 33.701000]: [offline_bag_feeder] frame=339 lidar stamp=33.801000
[INFO] [1775740244.936124, 33.801000]: [offline_bag_feeder] frame=340 lidar stamp=33.901000
[INFO] [1775740244.938404, 33.901000]: [offline_bag_feeder] frame=341 lidar stamp=34.001000
[INFO] [1775740244.943713, 34.001000]: [offline_bag_feeder] frame=342 lidar stamp=34.101000
[INFO] [1775740244.946537, 34.201000]: [offline_bag_feeder] frame=343 lidar stamp=34.201000
[INFO] [1775740244.949648, 34.201000]: [offline_bag_feeder] frame=344 lidar stamp=34.301000
[INFO] [1775740244.952247, 34.301000]: [offline_bag_feeder] frame=345 lidar stamp=34.401000
[INFO] [1775740244.957274, 34.401000]: [offline_bag_feeder] frame=346 lidar stamp=34.501000
[INFO] [1775740244.959564, 34.501000]: [offline_bag_feeder] frame=347 lidar stamp=34.601000
[INFO] [1775740244.964385, 34.601000]: [offline_bag_feeder] frame=348 lidar stamp=34.701000
[INFO] [1775740244.966756, 34.701000]: [offline_bag_feeder] frame=349 lidar stamp=34.801000
[INFO] [1775740244.971071, 34.801000]: [offline_bag_feeder] frame=350 lidar stamp=34.901000
[INFO] [1775740244.973831, 34.901000]: [offline_bag_feeder] frame=351 lidar stamp=35.001000
[INFO] [1775740244.978532, 35.001000]: [offline_bag_feeder] frame=352 lidar stamp=35.101000
[INFO] [1775740244.982090, 35.101000]: [offline_bag_feeder] frame=353 lidar stamp=35.201000
[INFO] [1775740244.987008, 35.301000]: [offline_bag_feeder] frame=354 lidar stamp=35.301000
[INFO] [1775740244.990047, 35.301000]: [offline_bag_feeder] frame=355 lidar stamp=35.401000
[INFO] [1775740244.994267, 35.401000]: [offline_bag_feeder] frame=356 lidar stamp=35.501000
[INFO] [1775740244.997061, 35.501000]: [offline_bag_feeder] frame=357 lidar stamp=35.601000
[INFO] [1775740244.999763, 35.601000]: [offline_bag_feeder] frame=358 lidar stamp=35.701000
[INFO] [1775740245.002607, 35.701000]: [offline_bag_feeder] frame=359 lidar stamp=35.801000
[INFO] [1775740245.005447, 35.801000]: [offline_bag_feeder] frame=360 lidar stamp=35.901000
[INFO] [1775740245.009501, 35.901000]: [offline_bag_feeder] frame=361 lidar stamp=36.001000
[INFO] [1775740245.012723, 36.001000]: [offline_bag_feeder] frame=362 lidar stamp=36.101000
[INFO] [1775740245.017465, 36.101000]: [offline_bag_feeder] frame=363 lidar stamp=36.201000
[INFO] [1775740245.023607, 36.201000]: [offline_bag_feeder] frame=364 lidar stamp=36.301000
[INFO] [1775740245.027096, 36.301000]: [offline_bag_feeder] frame=365 lidar stamp=36.401000
[INFO] [1775740245.030904, 36.401000]: [offline_bag_feeder] frame=366 lidar stamp=36.501000
[INFO] [1775740245.034392, 36.501000]: [offline_bag_feeder] frame=367 lidar stamp=36.601000
[INFO] [1775740245.038583, 36.601000]: [offline_bag_feeder] frame=368 lidar stamp=36.701000
[INFO] [1775740245.041786, 36.701000]: [offline_bag_feeder] frame=369 lidar stamp=36.801000
[INFO] [1775740245.045508, 36.901000]: [offline_bag_feeder] frame=370 lidar stamp=36.901000
[INFO] [1775740245.049021, 36.901000]: [offline_bag_feeder] frame=371 lidar stamp=37.001000
[INFO] [1775740245.056177, 37.001000]: [offline_bag_feeder] frame=372 lidar stamp=37.101000
[INFO] [1775740245.060943, 37.101000]: [offline_bag_feeder] frame=373 lidar stamp=37.201000
[INFO] [1775740245.068099, 37.201000]: [offline_bag_feeder] frame=374 lidar stamp=37.301000
[INFO] [1775740245.071027, 37.301000]: [offline_bag_feeder] frame=375 lidar stamp=37.401000
[INFO] [1775740245.077066, 37.501000]: [offline_bag_feeder] frame=376 lidar stamp=37.501000
[INFO] [1775740245.080083, 37.501000]: [offline_bag_feeder] frame=377 lidar stamp=37.601000
[INFO] [1775740245.082953, 37.601000]: [offline_bag_feeder] frame=378 lidar stamp=37.701000
[INFO] [1775740245.086517, 37.801000]: [offline_bag_feeder] frame=379 lidar stamp=37.801000
[INFO] [1775740245.091046, 37.801000]: [offline_bag_feeder] frame=380 lidar stamp=37.901000
[INFO] [1775740245.095510, 38.001000]: [offline_bag_feeder] frame=381 lidar stamp=38.001000
[INFO] [1775740245.101737, 38.001000]: [offline_bag_feeder] frame=382 lidar stamp=38.101000
[INFO] [1775740245.105869, 38.101000]: [offline_bag_feeder] frame=383 lidar stamp=38.201000
[INFO] [1775740245.108588, 38.201000]: [offline_bag_feeder] frame=384 lidar stamp=38.301000
[INFO] [1775740245.113726, 38.301000]: [offline_bag_feeder] frame=385 lidar stamp=38.401000
[INFO] [1775740245.118320, 38.501000]: [offline_bag_feeder] frame=386 lidar stamp=38.501000
[INFO] [1775740245.125566, 38.501000]: [offline_bag_feeder] frame=387 lidar stamp=38.601000
[INFO] [1775740245.129308, 38.601000]: [offline_bag_feeder] frame=388 lidar stamp=38.701000
[INFO] [1775740245.136535, 38.701000]: [offline_bag_feeder] frame=389 lidar stamp=38.801000
[INFO] [1775740245.140818, 38.801000]: [offline_bag_feeder] frame=390 lidar stamp=38.901000
[INFO] [1775740245.147653, 38.901000]: [offline_bag_feeder] frame=391 lidar stamp=39.001000
[INFO] [1775740245.152067, 39.001000]: [offline_bag_feeder] frame=392 lidar stamp=39.101000
[INFO] [1775740245.158714, 39.101000]: [offline_bag_feeder] frame=393 lidar stamp=39.201000
[INFO] [1775740245.163496, 39.201000]: [offline_bag_feeder] frame=394 lidar stamp=39.301000
[INFO] [1775740245.168476, 39.301000]: [offline_bag_feeder] frame=395 lidar stamp=39.401000
[INFO] [1775740245.172979, 39.401000]: [offline_bag_feeder] frame=396 lidar stamp=39.501000
[INFO] [1775740245.177869, 39.501000]: [offline_bag_feeder] frame=397 lidar stamp=39.601000
[INFO] [1775740245.182603, 39.601000]: [offline_bag_feeder] frame=398 lidar stamp=39.701000
[INFO] [1775740245.187081, 39.701000]: [offline_bag_feeder] frame=399 lidar stamp=39.801000
[INFO] [1775740245.191540, 39.801000]: [offline_bag_feeder] frame=400 lidar stamp=39.901000
[INFO] [1775740245.196033, 39.901000]: [offline_bag_feeder] frame=401 lidar stamp=40.001000
[INFO] [1775740245.198962, 40.001000]: [offline_bag_feeder] frame=402 lidar stamp=40.101000
[INFO] [1775740245.201067, 40.101000]: [offline_bag_feeder] frame=403 lidar stamp=40.201000
[INFO] [1775740245.203099, 40.201000]: [offline_bag_feeder] frame=404 lidar stamp=40.301000
[INFO] [1775740245.206644, 40.301000]: [offline_bag_feeder] frame=405 lidar stamp=40.401000
[INFO] [1775740245.210548, 40.401000]: [offline_bag_feeder] frame=406 lidar stamp=40.501000
[INFO] [1775740245.214998, 40.501000]: [offline_bag_feeder] frame=407 lidar stamp=40.601000
[INFO] [1775740245.218662, 40.601000]: [offline_bag_feeder] frame=408 lidar stamp=40.701000
[INFO] [1775740245.221612, 40.701000]: [offline_bag_feeder] frame=409 lidar stamp=40.801000
[INFO] [1775740245.226483, 40.901000]: [offline_bag_feeder] frame=410 lidar stamp=40.901000
[INFO] [1775740245.230664, 40.901000]: [offline_bag_feeder] frame=411 lidar stamp=41.001000
[INFO] [1775740245.237983, 41.001000]: [offline_bag_feeder] frame=412 lidar stamp=41.101000
[INFO] [1775740245.242262, 41.101000]: [offline_bag_feeder] frame=413 lidar stamp=41.201000
[INFO] [1775740245.249998, 41.201000]: [offline_bag_feeder] frame=414 lidar stamp=41.301000
[INFO] [1775740245.253178, 41.301000]: [offline_bag_feeder] frame=415 lidar stamp=41.401000
[INFO] [1775740245.259678, 41.401000]: [offline_bag_feeder] frame=416 lidar stamp=41.501000
[INFO] [1775740245.262755, 41.501000]: [offline_bag_feeder] frame=417 lidar stamp=41.601000
[INFO] [1775740245.268259, 41.601000]: [offline_bag_feeder] frame=418 lidar stamp=41.701000
[INFO] [1775740245.271228, 41.701000]: [offline_bag_feeder] frame=419 lidar stamp=41.801000
[INFO] [1775740245.276937, 41.801000]: [offline_bag_feeder] frame=420 lidar stamp=41.901000
[INFO] [1775740245.279928, 41.901000]: [offline_bag_feeder] frame=421 lidar stamp=42.001000
[INFO] [1775740245.284602, 42.001000]: [offline_bag_feeder] frame=422 lidar stamp=42.101000
[INFO] [1775740245.287349, 42.101000]: [offline_bag_feeder] frame=423 lidar stamp=42.201000
[INFO] [1775740245.289693, 42.201000]: [offline_bag_feeder] frame=424 lidar stamp=42.301000
[INFO] [1775740245.291979, 42.301000]: [offline_bag_feeder] frame=425 lidar stamp=42.401000
[INFO] [1775740245.296556, 42.401000]: [offline_bag_feeder] frame=426 lidar stamp=42.501000
[INFO] [1775740245.299449, 42.601000]: [offline_bag_feeder] frame=427 lidar stamp=42.601000
[INFO] [1775740245.306292, 42.701000]: [offline_bag_feeder] frame=428 lidar stamp=42.701000
[INFO] [1775740245.310125, 42.701000]: [offline_bag_feeder] frame=429 lidar stamp=42.801000
[INFO] [1775740245.315197, 42.801000]: [offline_bag_feeder] frame=430 lidar stamp=42.901000
[INFO] [1775740245.317641, 42.901000]: [offline_bag_feeder] frame=431 lidar stamp=43.001000
[INFO] [1775740245.322360, 43.001000]: [offline_bag_feeder] frame=432 lidar stamp=43.101000
[INFO] [1775740245.324737, 43.101000]: [offline_bag_feeder] frame=433 lidar stamp=43.201000
[INFO] [1775740245.329821, 43.201000]: [offline_bag_feeder] frame=434 lidar stamp=43.301000
[INFO] [1775740245.332379, 43.301000]: [offline_bag_feeder] frame=435 lidar stamp=43.401000
[INFO] [1775740245.337490, 43.401000]: [offline_bag_feeder] frame=436 lidar stamp=43.501000
[INFO] [1775740245.341252, 43.601000]: [offline_bag_feeder] frame=437 lidar stamp=43.601000
[INFO] [1775740245.346565, 43.701000]: [offline_bag_feeder] frame=438 lidar stamp=43.701000
[INFO] [1775740245.348876, 43.701000]: [offline_bag_feeder] frame=439 lidar stamp=43.801000
[INFO] [1775740245.353718, 43.901000]: [offline_bag_feeder] frame=440 lidar stamp=43.901000
[INFO] [1775740245.356296, 43.901000]: [offline_bag_feeder] frame=441 lidar stamp=44.001000
[INFO] [1775740245.359492, 44.001000]: [offline_bag_feeder] frame=442 lidar stamp=44.101000
[INFO] [1775740245.363089, 44.101000]: [offline_bag_feeder] frame=443 lidar stamp=44.201000
[INFO] [1775740245.370087, 44.201000]: [offline_bag_feeder] frame=444 lidar stamp=44.301000
[INFO] [1775740245.373875, 44.301000]: [offline_bag_feeder] frame=445 lidar stamp=44.401000
[INFO] [1775740245.380511, 44.501000]: [offline_bag_feeder] frame=446 lidar stamp=44.501000
[INFO] [1775740245.383978, 44.501000]: [offline_bag_feeder] frame=447 lidar stamp=44.601000
[INFO] [1775740245.391010, 44.601000]: [offline_bag_feeder] frame=448 lidar stamp=44.701000
[INFO] [1775740245.394826, 44.701000]: [offline_bag_feeder] frame=449 lidar stamp=44.801000
[INFO] [1775740245.400876, 44.801000]: [offline_bag_feeder] frame=450 lidar stamp=44.901000
[INFO] [1775740245.403650, 44.901000]: [offline_bag_feeder] frame=451 lidar stamp=45.001000
[INFO] [1775740245.408548, 45.001000]: [offline_bag_feeder] frame=452 lidar stamp=45.101000
[INFO] [1775740245.410879, 45.101000]: [offline_bag_feeder] frame=453 lidar stamp=45.201000
[INFO] [1775740245.414776, 45.201000]: [offline_bag_feeder] frame=454 lidar stamp=45.301000
[INFO] [1775740245.417003, 45.301000]: [offline_bag_feeder] frame=455 lidar stamp=45.401000
[INFO] [1775740245.421005, 45.401000]: [offline_bag_feeder] frame=456 lidar stamp=45.501000
[INFO] [1775740245.423234, 45.501000]: [offline_bag_feeder] frame=457 lidar stamp=45.601000
[INFO] [1775740245.427334, 45.601000]: [offline_bag_feeder] frame=458 lidar stamp=45.701000
[INFO] [1775740245.429795, 45.701000]: [offline_bag_feeder] frame=459 lidar stamp=45.801000
[INFO] [1775740245.434555, 45.801000]: [offline_bag_feeder] frame=460 lidar stamp=45.901000
[INFO] [1775740245.437012, 45.901000]: [offline_bag_feeder] frame=461 lidar stamp=46.001000
[INFO] [1775740245.442741, 46.001000]: [offline_bag_feeder] frame=462 lidar stamp=46.101000
[INFO] [1775740245.446640, 46.201000]: [offline_bag_feeder] frame=463 lidar stamp=46.201000
[INFO] [1775740245.452009, 46.201000]: [offline_bag_feeder] frame=464 lidar stamp=46.301000
[INFO] [1775740245.455310, 46.301000]: [offline_bag_feeder] frame=465 lidar stamp=46.401000
[INFO] [1775740245.460517, 46.401000]: [offline_bag_feeder] frame=466 lidar stamp=46.501000
[INFO] [1775740245.463681, 46.501000]: [offline_bag_feeder] frame=467 lidar stamp=46.601000
[INFO] [1775740245.470366, 46.601000]: [offline_bag_feeder] frame=468 lidar stamp=46.701000
[INFO] [1775740245.473484, 46.701000]: [offline_bag_feeder] frame=469 lidar stamp=46.801000
[INFO] [1775740245.478400, 46.801000]: [offline_bag_feeder] frame=470 lidar stamp=46.901000
[INFO] [1775740245.480988, 46.901000]: [offline_bag_feeder] frame=471 lidar stamp=47.001000
[INFO] [1775740245.484989, 47.001000]: [offline_bag_feeder] frame=472 lidar stamp=47.101000
[INFO] [1775740245.487458, 47.101000]: [offline_bag_feeder] frame=473 lidar stamp=47.201000
[INFO] [1775740245.489939, 47.201000]: [offline_bag_feeder] frame=474 lidar stamp=47.301000
[INFO] [1775740245.492241, 47.301000]: [offline_bag_feeder] frame=475 lidar stamp=47.401000
[INFO] [1775740245.496138, 47.401000]: [offline_bag_feeder] frame=476 lidar stamp=47.501000
[INFO] [1775740245.498591, 47.501000]: [offline_bag_feeder] frame=477 lidar stamp=47.601000
[INFO] [1775740245.500946, 47.601000]: [offline_bag_feeder] frame=478 lidar stamp=47.701000
[INFO] [1775740245.504791, 47.701000]: [offline_bag_feeder] frame=479 lidar stamp=47.801000
[INFO] [1775740245.507006, 47.801000]: [offline_bag_feeder] frame=480 lidar stamp=47.901000
[INFO] [1775740245.510792, 47.901000]: [offline_bag_feeder] frame=481 lidar stamp=48.001000
[INFO] [1775740245.514400, 48.001000]: [offline_bag_feeder] frame=482 lidar stamp=48.101000
[INFO] [1775740245.517786, 48.101000]: [offline_bag_feeder] frame=483 lidar stamp=48.201000
[INFO] [1775740245.523055, 48.201000]: [offline_bag_feeder] frame=484 lidar stamp=48.301000
[INFO] [1775740245.526580, 48.301000]: [offline_bag_feeder] frame=485 lidar stamp=48.401000
[INFO] [1775740245.533151, 48.401000]: [offline_bag_feeder] frame=486 lidar stamp=48.501000
[INFO] [1775740245.536160, 48.501000]: [offline_bag_feeder] frame=487 lidar stamp=48.601000
[INFO] [1775740245.539916, 48.601000]: [offline_bag_feeder] frame=488 lidar stamp=48.701000
[INFO] [1775740245.543245, 48.701000]: [offline_bag_feeder] frame=489 lidar stamp=48.801000
[INFO] [1775740245.546330, 48.801000]: [offline_bag_feeder] frame=490 lidar stamp=48.901000
[INFO] [1775740245.549368, 48.901000]: [offline_bag_feeder] frame=491 lidar stamp=49.001000
[INFO] [1775740245.551873, 49.001000]: [offline_bag_feeder] frame=492 lidar stamp=49.101000
[INFO] [1775740245.556055, 49.101000]: [offline_bag_feeder] frame=493 lidar stamp=49.201000
[INFO] [1775740245.558558, 49.201000]: [offline_bag_feeder] frame=494 lidar stamp=49.301000
[INFO] [1775740245.564552, 49.301000]: [offline_bag_feeder] frame=495 lidar stamp=49.401000
[INFO] [1775740245.568664, 49.401000]: [offline_bag_feeder] frame=496 lidar stamp=49.501000
[INFO] [1775740245.571055, 49.501000]: [offline_bag_feeder] frame=497 lidar stamp=49.601000
[INFO] [1775740245.575741, 49.601000]: [offline_bag_feeder] frame=498 lidar stamp=49.701000
[INFO] [1775740245.578179, 49.701000]: [offline_bag_feeder] frame=499 lidar stamp=49.801000
[INFO] [1775740245.582259, 49.801000]: [offline_bag_feeder] frame=500 lidar stamp=49.901000
[INFO] [1775740245.584597, 49.901000]: [offline_bag_feeder] frame=501 lidar stamp=50.001000
[INFO] [1775740245.589134, 50.001000]: [offline_bag_feeder] frame=502 lidar stamp=50.101000
[INFO] [1775740245.591750, 50.101000]: [offline_bag_feeder] frame=503 lidar stamp=50.201000
[INFO] [1775740245.597085, 50.201000]: [offline_bag_feeder] frame=504 lidar stamp=50.301000
[INFO] [1775740245.599810, 50.301000]: [offline_bag_feeder] frame=505 lidar stamp=50.401000
[INFO] [1775740245.604472, 50.401000]: [offline_bag_feeder] frame=506 lidar stamp=50.501000
[INFO] [1775740245.608504, 50.501000]: [offline_bag_feeder] frame=507 lidar stamp=50.601000
[INFO] [1775740245.614585, 50.601000]: [offline_bag_feeder] frame=508 lidar stamp=50.701000
[INFO] [1775740245.618907, 50.701000]: [offline_bag_feeder] frame=509 lidar stamp=50.801000
[INFO] [1775740245.625701, 50.801000]: [offline_bag_feeder] frame=510 lidar stamp=50.901000
[INFO] [1775740245.629533, 50.901000]: [offline_bag_feeder] frame=511 lidar stamp=51.001000
[INFO] [1775740245.635136, 51.001000]: [offline_bag_feeder] frame=512 lidar stamp=51.101000
[INFO] [1775740245.638033, 51.101000]: [offline_bag_feeder] frame=513 lidar stamp=51.201000
[INFO] [1775740245.643665, 51.301000]: [offline_bag_feeder] frame=514 lidar stamp=51.301000
[INFO] [1775740245.647472, 51.401000]: [offline_bag_feeder] frame=515 lidar stamp=51.401000
[INFO] [1775740245.650844, 51.401000]: [offline_bag_feeder] frame=516 lidar stamp=51.501000
[INFO] [1775740245.653342, 51.501000]: [offline_bag_feeder] frame=517 lidar stamp=51.601000
[INFO] [1775740245.657295, 51.601000]: [offline_bag_feeder] frame=518 lidar stamp=51.701000
[INFO] [1775740245.659425, 51.701000]: [offline_bag_feeder] frame=519 lidar stamp=51.801000
[INFO] [1775740245.662374, 51.801000]: [offline_bag_feeder] frame=520 lidar stamp=51.901000
[INFO] [1775740245.664491, 51.901000]: [offline_bag_feeder] frame=521 lidar stamp=52.001000
[INFO] [1775740245.668987, 52.001000]: [offline_bag_feeder] frame=522 lidar stamp=52.101000
[INFO] [1775740245.671257, 52.101000]: [offline_bag_feeder] frame=523 lidar stamp=52.201000
[INFO] [1775740245.675188, 52.201000]: [offline_bag_feeder] frame=524 lidar stamp=52.301000
[INFO] [1775740245.678550, 52.301000]: [offline_bag_feeder] frame=525 lidar stamp=52.401000
[INFO] [1775740245.682024, 52.401000]: [offline_bag_feeder] frame=526 lidar stamp=52.501000
[INFO] [1775740245.685206, 52.501000]: [offline_bag_feeder] frame=527 lidar stamp=52.601000
[INFO] [1775740245.687784, 52.601000]: [offline_bag_feeder] frame=528 lidar stamp=52.701000
[INFO] [1775740245.691581, 52.701000]: [offline_bag_feeder] frame=529 lidar stamp=52.801000
[INFO] [1775740245.694946, 52.801000]: [offline_bag_feeder] frame=530 lidar stamp=52.901000
[INFO] [1775740245.697404, 52.901000]: [offline_bag_feeder] frame=531 lidar stamp=53.001000
[INFO] [1775740245.702249, 53.001000]: [offline_bag_feeder] frame=532 lidar stamp=53.101000
[INFO] [1775740245.704774, 53.101000]: [offline_bag_feeder] frame=533 lidar stamp=53.201000
[INFO] [1775740245.709578, 53.201000]: [offline_bag_feeder] frame=534 lidar stamp=53.301000
[INFO] [1775740245.711983, 53.301000]: [offline_bag_feeder] frame=535 lidar stamp=53.401000
[INFO] [1775740245.716622, 53.401000]: [offline_bag_feeder] frame=536 lidar stamp=53.501000
[INFO] [1775740245.718756, 53.501000]: [offline_bag_feeder] frame=537 lidar stamp=53.601000
[INFO] [1775740245.722889, 53.601000]: [offline_bag_feeder] frame=538 lidar stamp=53.701000
[INFO] [1775740245.725366, 53.701000]: [offline_bag_feeder] frame=539 lidar stamp=53.801000
[INFO] [1775740245.728352, 53.801000]: [offline_bag_feeder] frame=540 lidar stamp=53.901000
[INFO] [1775740245.730467, 53.901000]: [offline_bag_feeder] frame=541 lidar stamp=54.001000
[INFO] [1775740245.734481, 54.001000]: [offline_bag_feeder] frame=542 lidar stamp=54.101000
[INFO] [1775740245.739131, 54.101000]: [offline_bag_feeder] frame=543 lidar stamp=54.201000
[INFO] [1775740245.743781, 54.201000]: [offline_bag_feeder] frame=544 lidar stamp=54.301000
[INFO] [1775740245.747993, 54.301000]: [offline_bag_feeder] frame=545 lidar stamp=54.401000
[INFO] [1775740245.751104, 54.501000]: [offline_bag_feeder] frame=546 lidar stamp=54.501000
[INFO] [1775740245.754687, 54.501000]: [offline_bag_feeder] frame=547 lidar stamp=54.601000
[INFO] [1775740245.757387, 54.701000]: [offline_bag_feeder] frame=548 lidar stamp=54.701000
[INFO] [1775740245.759927, 54.701000]: [offline_bag_feeder] frame=549 lidar stamp=54.801000
[INFO] [1775740245.762214, 54.801000]: [offline_bag_feeder] frame=550 lidar stamp=54.901000
[INFO] [1775740245.766379, 54.901000]: [offline_bag_feeder] frame=551 lidar stamp=55.001000
[INFO] [1775740245.770303, 55.001000]: [offline_bag_feeder] frame=552 lidar stamp=55.101000
[INFO] [1775740245.773859, 55.101000]: [offline_bag_feeder] frame=553 lidar stamp=55.201000
[INFO] [1775740245.777588, 55.301000]: [offline_bag_feeder] frame=554 lidar stamp=55.301000
[INFO] [1775740245.781375, 55.301000]: [offline_bag_feeder] frame=555 lidar stamp=55.401000
[INFO] [1775740245.785265, 55.401000]: [offline_bag_feeder] frame=556 lidar stamp=55.501000
[INFO] [1775740245.788154, 55.501000]: [offline_bag_feeder] frame=557 lidar stamp=55.601000
[INFO] [1775740245.790722, 55.601000]: [offline_bag_feeder] frame=558 lidar stamp=55.701000
[INFO] [1775740245.793089, 55.701000]: [offline_bag_feeder] frame=559 lidar stamp=55.801000
[INFO] [1775740245.796017, 55.801000]: [offline_bag_feeder] frame=560 lidar stamp=55.901000
[INFO] [1775740245.798642, 56.001000]: [offline_bag_feeder] frame=561 lidar stamp=56.001000
[INFO] [1775740245.800854, 56.001000]: [offline_bag_feeder] frame=562 lidar stamp=56.101000
[INFO] [1775740245.803997, 56.201000]: [offline_bag_feeder] frame=563 lidar stamp=56.201000
[INFO] [1775740245.806385, 56.201000]: [offline_bag_feeder] frame=564 lidar stamp=56.301000
[INFO] [1775740245.811065, 56.301000]: [offline_bag_feeder] frame=565 lidar stamp=56.401000
[INFO] [1775740245.813518, 56.401000]: [offline_bag_feeder] frame=566 lidar stamp=56.501000
[INFO] [1775740245.818308, 56.501000]: [offline_bag_feeder] frame=567 lidar stamp=56.601000
[INFO] [1775740245.821574, 56.601000]: [offline_bag_feeder] frame=568 lidar stamp=56.701000
[INFO] [1775740245.826302, 56.701000]: [offline_bag_feeder] frame=569 lidar stamp=56.801000
[INFO] [1775740245.830460, 56.801000]: [offline_bag_feeder] frame=570 lidar stamp=56.901000
[INFO] [1775740245.832968, 56.901000]: [offline_bag_feeder] frame=571 lidar stamp=57.001000
[INFO] [1775740245.835172, 57.001000]: [offline_bag_feeder] frame=572 lidar stamp=57.101000
[INFO] [1775740245.838353, 57.101000]: [offline_bag_feeder] frame=573 lidar stamp=57.201000
[INFO] [1775740245.840508, 57.201000]: [offline_bag_feeder] frame=574 lidar stamp=57.301000
[INFO] [1775740245.845132, 57.301000]: [offline_bag_feeder] frame=575 lidar stamp=57.401000
[INFO] [1775740245.847386, 57.401000]: [offline_bag_feeder] frame=576 lidar stamp=57.501000
[INFO] [1775740245.854174, 57.601000]: [offline_bag_feeder] frame=577 lidar stamp=57.601000
[INFO] [1775740245.858022, 57.601000]: [offline_bag_feeder] frame=578 lidar stamp=57.701000
[INFO] [1775740245.864103, 57.701000]: [offline_bag_feeder] frame=579 lidar stamp=57.801000
[INFO] [1775740245.867779, 57.801000]: [offline_bag_feeder] frame=580 lidar stamp=57.901000
[INFO] [1775740245.871671, 57.901000]: [offline_bag_feeder] frame=581 lidar stamp=58.001000
[INFO] [1775740245.877582, 58.101000]: [offline_bag_feeder] frame=582 lidar stamp=58.101000
[INFO] [1775740245.881344, 58.101000]: [offline_bag_feeder] frame=583 lidar stamp=58.201000
[INFO] [1775740245.887555, 58.201000]: [offline_bag_feeder] frame=584 lidar stamp=58.301000
[INFO] [1775740245.890957, 58.301000]: [offline_bag_feeder] frame=585 lidar stamp=58.401000
[INFO] [1775740245.893145, 58.401000]: [offline_bag_feeder] frame=586 lidar stamp=58.501000
[INFO] [1775740245.895205, 58.501000]: [offline_bag_feeder] frame=587 lidar stamp=58.601000
[INFO] [1775740245.897268, 58.601000]: [offline_bag_feeder] frame=588 lidar stamp=58.701000
[INFO] [1775740245.899504, 58.701000]: [offline_bag_feeder] frame=589 lidar stamp=58.801000
[INFO] [1775740245.901683, 58.801000]: [offline_bag_feeder] frame=590 lidar stamp=58.901000
[INFO] [1775740245.903936, 58.901000]: [offline_bag_feeder] frame=591 lidar stamp=59.001000
[INFO] [1775740245.906046, 59.001000]: [offline_bag_feeder] frame=592 lidar stamp=59.101000
[INFO] [1775740245.908250, 59.101000]: [offline_bag_feeder] frame=593 lidar stamp=59.201000
[INFO] [1775740245.912278, 59.201000]: [offline_bag_feeder] frame=594 lidar stamp=59.301000
[INFO] [1775740245.915458, 59.301000]: [offline_bag_feeder] frame=595 lidar stamp=59.401000
[INFO] [1775740245.917841, 59.401000]: [offline_bag_feeder] frame=596 lidar stamp=59.501000
[INFO] [1775740245.920096, 59.501000]: [offline_bag_feeder] frame=597 lidar stamp=59.601000
[INFO] [1775740245.923481, 59.701000]: [offline_bag_feeder] frame=598 lidar stamp=59.701000
[INFO] [1775740245.926184, 59.701000]: [offline_bag_feeder] frame=599 lidar stamp=59.801000
[INFO] [1775740245.929832, 59.801000]: [offline_bag_feeder] frame=600 lidar stamp=59.901000
[INFO] [1775740245.932525, 59.901000]: [offline_bag_feeder] frame=601 lidar stamp=60.001000
[INFO] [1775740245.936155, 60.001000]: [offline_bag_feeder] frame=602 lidar stamp=60.101000
[INFO] [1775740245.939558, 60.101000]: [offline_bag_feeder] frame=603 lidar stamp=60.201000
[INFO] [1775740245.942165, 60.201000]: [offline_bag_feeder] frame=604 lidar stamp=60.301000
[INFO] [1775740245.947026, 60.301000]: [offline_bag_feeder] frame=605 lidar stamp=60.401000
[INFO] [1775740245.950906, 60.401000]: [offline_bag_feeder] frame=606 lidar stamp=60.501000
[INFO] [1775740245.958148, 60.501000]: [offline_bag_feeder] frame=607 lidar stamp=60.601000
[INFO] [1775740245.962360, 60.601000]: [offline_bag_feeder] frame=608 lidar stamp=60.701000
[INFO] [1775740245.968757, 60.801000]: [offline_bag_feeder] frame=609 lidar stamp=60.801000
[INFO] [1775740245.972882, 60.801000]: [offline_bag_feeder] frame=610 lidar stamp=60.901000
[INFO] [1775740245.976895, 61.001000]: [offline_bag_feeder] frame=611 lidar stamp=61.001000
[INFO] [1775740245.980724, 61.001000]: [offline_bag_feeder] frame=612 lidar stamp=61.101000
[INFO] [1775740245.985749, 61.201000]: [offline_bag_feeder] frame=613 lidar stamp=61.201000
[INFO] [1775740245.989989, 61.201000]: [offline_bag_feeder] frame=614 lidar stamp=61.301000
[INFO] [1775740245.993504, 61.301000]: [offline_bag_feeder] frame=615 lidar stamp=61.401000
[INFO] [1775740245.997070, 61.501000]: [offline_bag_feeder] frame=616 lidar stamp=61.501000
[INFO] [1775740245.999406, 61.501000]: [offline_bag_feeder] frame=617 lidar stamp=61.601000
[INFO] [1775740246.003425, 61.701000]: [offline_bag_feeder] frame=618 lidar stamp=61.701000
[INFO] [1775740246.005806, 61.701000]: [offline_bag_feeder] frame=619 lidar stamp=61.801000
[0m[INFO] [1775740244.398326960, 18.201000000]: IMU Initial Done[0m
[ mapping ]: time: IMU + Map + Input Downsample: 0.003846 ave match: 0.007286 ave solve: 0.001315  ave ICP: 0.009280  map incre: 0.003054 ave total: 0.016179 icp: 0.008656 construct H: 0.000355 
[ mapping ]: time: IMU + Map + Input Downsample: 0.003833 ave match: 0.007363 ave solve: 0.001324  ave ICP: 0.008891  map incre: 0.003521 ave total: 0.016212 icp: 0.008746 construct H: 0.000354 
[ mapping ]: time: IMU + Map + Input Downsample: 0.003922 ave match: 0.007441 ave solve: 0.001312  ave ICP: 0.009013  map incre: 0.003893 ave total: 0.016417 icp: 0.008808 construct H: 0.000351 
[ mapping ]: time: IMU + Map + Input Downsample: 0.003924 ave match: 0.007494 ave solve: 0.001297  ave ICP: 0.009029  map incre: 0.003132 ave total: 0.016334 icp: 0.008844 construct H: 0.000347 
[ mapping ]: time: IMU + Map + Input Downsample: 0.004012 ave match: 0.007594 ave solve: 0.001296  ave ICP: 0.009444  map incre: 0.003009 ave total: 0.016360 icp: 0.008946 construct H: 0.000346 
[ mapping ]: time: IMU + Map + Input Downsample: 0.003994 ave match: 0.007994 ave solve: 0.001287  ave ICP: 0.011360  map incre: 0.002929 ave total: 0.016681 icp: 0.009337 construct H: 0.000345 
[ mapping ]: time: IMU + Map + Input Downsample: 0.004046 ave match: 0.007994 ave solve: 0.001282  ave ICP: 0.009351  map incre: 0.002840 ave total: 0.016617 icp: 0.009330 construct H: 0.000344 
[ mapping ]: time: IMU + Map + Input Downsample: 0.004002 ave match: 0.008565 ave solve: 0.001289  ave ICP: 0.014050  map incre: 0.002642 ave total: 0.017127 icp: 0.009910 construct H: 0.000346 
[ mapping ]: time: IMU + Map + Input Downsample: 0.004169 ave match: 0.009082 ave solve: 0.001291  ave ICP: 0.014697  map incre: 0.002837 ave total: 0.017635 icp: 0.010430 construct H: 0.000347 
[ mapping ]: time: IMU + Map + Input Downsample: 0.004083 ave match: 0.009336 ave solve: 0.001290  ave ICP: 0.013032  map incre: 0.002709 ave total: 0.017854 icp: 0.010684 construct H: 0.000347 
[ mapping ]: time: IMU + Map + Input Downsample: 0.004003 ave match: 0.009253 ave solve: 0.001281  ave ICP: 0.009722  map incre: 0.002519 ave total: 0.017708 icp: 0.010591 construct H: 0.000344 
[ mapping ]: time: IMU + Map + Input Downsample: 0.004002 ave match: 0.009181 ave solve: 0.001275  ave ICP: 0.009696  map incre: 0.002585 ave total: 0.017589 icp: 0.010512 construct H: 0.000342 
[ mapping ]: time: IMU + Map + Input Downsample: 0.003987 ave match: 0.009107 ave solve: 0.001268  ave ICP: 0.009500  map incre: 0.002608 ave total: 0.017474 icp: 0.010430 construct H: 0.000340 
[ mapping ]: time: IMU + Map + Input Downsample: 0.004006 ave match: 0.009305 ave solve: 0.001263  ave ICP: 0.013196  map incre: 0.003237 ave total: 0.017686 icp: 0.010623 construct H: 0.000339 
[ mapping ]: time: IMU + Map + Input Downsample: 0.004010 ave match: 0.009570 ave solve: 0.001263  ave ICP: 0.014674  map incre: 0.002511 ave total: 0.017920 icp: 0.010889 construct H: 0.000339 
[ mapping ]: time: IMU + Map + Input Downsample: 0.003958 ave match: 0.009536 ave solve: 0.001260  ave ICP: 0.010339  map incre: 0.002302 ave total: 0.017837 icp: 0.010851 construct H: 0.000338 
[ mapping ]: time: IMU + Map + Input Downsample: 0.004034 ave match: 0.009471 ave solve: 0.001252  ave ICP: 0.009686  map incre: 0.002913 ave total: 0.017767 icp: 0.010778 construct H: 0.000335 
[ mapping ]: time: IMU + Map + Input Downsample: 0.004027 ave match: 0.009600 ave solve: 0.001249  ave ICP: 0.013107  map incre: 0.002272 ave total: 0.017858 icp: 0.010904 construct H: 0.000335 
[ mapping ]: time: IMU + Map + Input Downsample: 0.004114 ave match: 0.009729 ave solve: 0.001243  ave ICP: 0.013300  map incre: 0.002232 ave total: 0.017952 icp: 0.011027 construct H: 0.000333 
[ mapping ]: time: IMU + Map + Input Downsample: 0.003981 ave match: 0.009851 ave solve: 0.001238  ave ICP: 0.013425  map incre: 0.002267 ave total: 0.018038 icp: 0.011144 construct H: 0.000332 
[ mapping ]: time: IMU + Map + Input Downsample: 0.004027 ave match: 0.009932 ave solve: 0.001232  ave ICP: 0.012772  map incr[INFO] [1775740246.010453, 61.801000]: [offline_bag_feeder] frame=620 lidar stamp=61.901000
[INFO] [1775740246.013088, 61.901000]: [offline_bag_feeder] frame=621 lidar stamp=62.001000
[INFO] [1775740246.018093, 62.001000]: [offline_bag_feeder] frame=622 lidar stamp=62.101000
[INFO] [1775740246.020574, 62.101000]: [offline_bag_feeder] frame=623 lidar stamp=62.201000
[INFO] [1775740246.025302, 62.201000]: [offline_bag_feeder] frame=624 lidar stamp=62.301000
[INFO] [1775740246.027743, 62.301000]: [offline_bag_feeder] frame=625 lidar stamp=62.401000
[INFO] [1775740246.032537, 62.401000]: [offline_bag_feeder] frame=626 lidar stamp=62.501000
[INFO] [1775740246.035012, 62.501000]: [offline_bag_feeder] frame=627 lidar stamp=62.601000
[INFO] [1775740246.040424, 62.601000]: [offline_bag_feeder] frame=628 lidar stamp=62.701000
[INFO] [1775740246.043223, 62.701000]: [offline_bag_feeder] frame=629 lidar stamp=62.801000
[INFO] [1775740246.047505, 62.801000]: [offline_bag_feeder] frame=630 lidar stamp=62.901000
[INFO] [1775740246.049842, 62.901000]: [offline_bag_feeder] frame=631 lidar stamp=63.001000
[INFO] [1775740246.054547, 63.001000]: [offline_bag_feeder] frame=632 lidar stamp=63.101000
[INFO] [1775740246.057159, 63.101000]: [offline_bag_feeder] frame=633 lidar stamp=63.201000
[INFO] [1775740246.061842, 63.301000]: [offline_bag_feeder] frame=634 lidar stamp=63.301000
[INFO] [1775740246.064411, 63.301000]: [offline_bag_feeder] frame=635 lidar stamp=63.401000
[INFO] [1775740246.069086, 63.401000]: [offline_bag_feeder] frame=636 lidar stamp=63.501000
[INFO] [1775740246.072062, 63.501000]: [offline_bag_feeder] frame=637 lidar stamp=63.601000
[INFO] [1775740246.076572, 63.601000]: [offline_bag_feeder] frame=638 lidar stamp=63.701000
[INFO] [1775740246.079452, 63.701000]: [offline_bag_feeder] frame=639 lidar stamp=63.801000
[INFO] [1775740246.083373, 63.801000]: [offline_bag_feeder] frame=640 lidar stamp=63.901000
[INFO] [1775740246.087427, 63.901000]: [offline_bag_feeder] frame=641 lidar stamp=64.001000
[INFO] [1775740246.090025, 64.001000]: [offline_bag_feeder] frame=642 lidar stamp=64.101000
[INFO] [1775740246.094781, 64.101000]: [offline_bag_feeder] frame=643 lidar stamp=64.201000
[INFO] [1775740246.097188, 64.201000]: [offline_bag_feeder] frame=644 lidar stamp=64.301000
[INFO] [1775740246.102152, 64.301000]: [offline_bag_feeder] frame=645 lidar stamp=64.401000
[INFO] [1775740246.104839, 64.401000]: [offline_bag_feeder] frame=646 lidar stamp=64.501000
[INFO] [1775740246.109600, 64.501000]: [offline_bag_feeder] frame=647 lidar stamp=64.601000
[INFO] [1775740246.113337, 64.701000]: [offline_bag_feeder] frame=648 lidar stamp=64.701000
[INFO] [1775740246.119687, 64.701000]: [offline_bag_feeder] frame=649 lidar stamp=64.801000
[INFO] [1775740246.122210, 64.801000]: [offline_bag_feeder] frame=650 lidar stamp=64.901000
[INFO] [1775740246.127069, 64.901000]: [offline_bag_feeder] frame=651 lidar stamp=65.001000
[INFO] [1775740246.129502, 65.001000]: [offline_bag_feeder] frame=652 lidar stamp=65.101000
[INFO] [1775740246.134241, 65.101000]: [offline_bag_feeder] frame=653 lidar stamp=65.201000
[INFO] [1775740246.141810, 65.301000]: [offline_bag_feeder] frame=654 lidar stamp=65.301000
[INFO] [1775740246.149927, 65.301000]: [offline_bag_feeder] frame=655 lidar stamp=65.401000
[INFO] [1775740246.154258, 65.501000]: [offline_bag_feeder] frame=656 lidar stamp=65.501000
[INFO] [1775740246.158933, 65.501000]: [offline_bag_feeder] frame=657 lidar stamp=65.601000
[INFO] [1775740246.164131, 65.701000]: [offline_bag_feeder] frame=658 lidar stamp=65.701000
[INFO] [1775740246.169041, 65.701000]: [offline_bag_feeder] frame=659 lidar stamp=65.801000
[INFO] [1775740246.175892, 65.801000]: [offline_bag_feeder] frame=660 lidar stamp=65.901000
[INFO] [1775740246.182272, 65.901000]: [offline_bag_feeder] frame=661 lidar stamp=66.001000
[INFO] [1775740246.186856, 66.101000]: [offline_bag_feeder] frame=662 lidar stamp=66.101000
[INFO] [1775740246.191659, 66.101000]: [offline_bag_feeder] frame=663 lidar stamp=66.201000
[INFO] [1775740246.196769, 66.201000]: [offline_bag_feeder] frame=664 lidar stamp=66.301000
[INFO] [1775740246.201633, 66.301000]: [offline_bag_feeder] frame=665 lidar stamp=66.401000
[INFO] [1775740246.208044, 66.401000]: [offline_bag_feeder] frame=666 lidar stamp=66.501000
[INFO] [1775740246.213111, 66.501000]: [offline_bag_feeder] frame=667 lidar stamp=66.601000
[INFO] [1775740246.217185, 66.601000]: [offline_bag_feeder] frame=668 lidar stamp=66.701000
[INFO] [1775740246.220564, 66.701000]: [offline_bag_feeder] frame=669 lidar stamp=66.801000
[INFO] [1775740246.223014, 66.801000]: [offline_bag_feeder] frame=670 lidar stamp=66.901000
[INFO] [1775740246.228489, 66.901000]: [offline_bag_feeder] frame=671 lidar stamp=67.001000
[INFO] [1775740246.231255, 67.001000]: [offline_bag_feeder] frame=672 lidar stamp=67.101000
[INFO] [1775740246.237131, 67.101000]: [offline_bag_feeder] frame=673 lidar stamp=67.201000
[INFO] [1775740246.243278, 67.201000]: [offline_bag_feeder] frame=674 lidar stamp=67.301000
[INFO] [1775740246.248658, 67.301000]: [offline_bag_feeder] frame=675 lidar stamp=67.401000
[INFO] [1775740246.252413, 67.401000]: [offline_bag_feeder] frame=676 lidar stamp=67.501000
[INFO] [1775740246.257560, 67.501000]: [offline_bag_feeder] frame=677 lidar stamp=67.601000
[INFO] [1775740246.263547, 67.601000]: [offline_bag_feeder] frame=678 lidar stamp=67.701000
[INFO] [1775740246.269535, 67.701000]: [offline_bag_feeder] frame=679 lidar stamp=67.801000
[INFO] [1775740246.272220, 67.801000]: [offline_bag_feeder] frame=680 lidar stamp=67.901000
[INFO] [1775740246.276378, 67.901000]: [offline_bag_feeder] frame=681 lidar stamp=68.001000
[INFO] [1775740246.280614, 68.001000]: [offline_bag_feeder] frame=682 lidar stamp=68.101000
[INFO] [1775740246.286571, 68.101000]: [offline_bag_feeder] frame=683 lidar stamp=68.201000
[INFO] [1775740246.291444, 68.201000]: [offline_bag_feeder] frame=684 lidar stamp=68.301000
[INFO] [1775740246.294850, 68.301000]: [offline_bag_feeder] frame=685 lidar stamp=68.401000
[INFO] [1775740246.299091, 68.401000]: [offline_bag_feeder] frame=686 lidar stamp=68.501000
[INFO] [1775740246.303241, 68.501000]: [offline_bag_feeder] frame=687 lidar stamp=68.601000
[INFO] [1775740246.305882, 68.601000]: [offline_bag_feeder] frame=688 lidar stamp=68.701000
[INFO] [1775740246.310190, 68.701000]: [offline_bag_feeder] frame=689 lidar stamp=68.801000
[INFO] [1775740246.313388, 68.801000]: [offline_bag_feeder] frame=690 lidar stamp=68.901000
[INFO] [1775740246.315703, 68.901000]: [offline_bag_feeder] frame=691 lidar stamp=69.001000
[INFO] [1775740246.319450, 69.001000]: [offline_bag_feeder] frame=692 lidar stamp=69.101000
[INFO] [1775740246.322379, 69.101000]: [offline_bag_feeder] frame=693 lidar stamp=69.201000
[INFO] [1775740246.327630, 69.201000]: [offline_bag_feeder] frame=694 lidar stamp=69.301000
[INFO] [1775740246.331015, 69.301000]: [offline_bag_feeder] frame=695 lidar stamp=69.401000
[INFO] [1775740246.335116, 69.401000]: [offline_bag_feeder] frame=696 lidar stamp=69.501000
[INFO] [1775740246.337554, 69.501000]: [offline_bag_feeder] frame=697 lidar stamp=69.601000
[INFO] [1775740246.341600, 69.601000]: [offline_bag_feeder] frame=698 lidar stamp=69.701000
[INFO] [1775740246.344163, 69.701000]: [offline_bag_feeder] frame=699 lidar stamp=69.801000
[INFO] [1775740246.348068, 69.801000]: [offline_bag_feeder] frame=700 lidar stamp=69.901000
[INFO] [1775740246.352149, 69.901000]: [offline_bag_feeder] frame=701 lidar stamp=70.001000
[INFO] [1775740246.354726, 70.001000]: [offline_bag_feeder] frame=702 lidar stamp=70.101000
[INFO] [1775740246.359843, 70.101000]: [offline_bag_feeder] frame=703 lidar stamp=70.201000
[INFO] [1775740246.362526, 70.201000]: [offline_bag_feeder] frame=704 lidar stamp=70.301000
[INFO] [1775740246.369107, 70.301000]: [offline_bag_feeder] frame=705 lidar stamp=70.401000
[INFO] [1775740246.374045, 70.401000]: [offline_bag_feeder] frame=706 lidar stamp=70.501000
[INFO] [1775740246.377244, 70.501000]: [offline_bag_feeder] frame=707 lidar stamp=70.601000
[INFO] [1775740246.381633, 70.601000]: [offline_bag_feeder] frame=708 lidar stamp=70.701000
[INFO] [1775740246.386214, 70.801000]: [offline_bag_feeder] frame=709 lidar stamp=70.801000
[INFO] [1775740246.388986, 70.801000]: [offline_bag_feeder] frame=710 lidar stamp=70.901000
[INFO] [1775740246.393576, 70.901000]: [offline_bag_feeder] frame=711 lidar stamp=71.001000
[INFO] [1775740246.396303, 71.001000]: [offline_bag_feeder] frame=712 lidar stamp=71.101000
[INFO] [1775740246.400435, 71.101000]: [offline_bag_feeder] frame=713 lidar stamp=71.201000
[INFO] [1775740246.402886, 71.201000]: [offline_bag_feeder] frame=714 lidar stamp=71.301000
[INFO] [1775740246.407782, 71.301000]: [offline_bag_feeder] frame=715 lidar stamp=71.401000
[INFO] [1775740246.410264, 71.401000]: [offline_bag_feeder] frame=716 lidar stamp=71.501000
[INFO] [1775740246.414366, 71.501000]: [offline_bag_feeder] frame=717 lidar stamp=71.601000
[INFO] [1775740246.416852, 71.601000]: [offline_bag_feeder] frame=718 lidar stamp=71.701000
[INFO] [1775740246.421563, 71.701000]: [offline_bag_feeder] frame=719 lidar stamp=71.801000
[INFO] [1775740246.424116, 71.801000]: [offline_bag_feeder] frame=720 lidar stamp=71.901000
[INFO] [1775740246.429048, 71.901000]: [offline_bag_feeder] frame=721 lidar stamp=72.001000
[INFO] [1775740246.431761, 72.001000]: [offline_bag_feeder] frame=722 lidar stamp=72.101000
[INFO] [1775740246.438638, 72.101000]: [offline_bag_feeder] frame=723 lidar stamp=72.201000
[INFO] [1775740246.441231, 72.201000]: [offline_bag_feeder] frame=724 lidar stamp=72.301000
[INFO] [1775740246.445430, 72.301000]: [offline_bag_feeder] frame=725 lidar stamp=72.401000
[INFO] [1775740246.447997, 72.401000]: [offline_bag_feeder] frame=726 lidar stamp=72.501000
[INFO] [1775740246.452802, 72.501000]: [offline_bag_feeder] frame=727 lidar stamp=72.601000
[INFO] [1775740246.455415, 72.601000]: [offline_bag_feeder] frame=728 lidar stamp=72.701000
[INFO] [1775740246.460684, 72.701000]: [offline_bag_feeder] frame=729 lidar stamp=72.801000
[INFO] [1775740246.466804, 72.801000]: [offline_bag_feeder] frame=730 lidar stamp=72.901000
[INFO] [1775740246.472852, 72.901000]: [offline_bag_feeder] frame=731 lidar stamp=73.001000
[INFO] [1775740246.476419, 73.001000]: [offline_bag_feeder] frame=732 lidar stamp=73.101000
[INFO] [1775740246.480715, 73.101000]: [offline_bag_feeder] frame=733 lidar stamp=73.201000
[INFO] [1775740246.486316, 73.201000]: [offline_bag_feeder] frame=734 lidar stamp=73.301000
[INFO] [1775740246.494084, 73.301000]: [offline_bag_feeder] frame=735 lidar stamp=73.401000
[INFO] [1775740246.497024, 73.401000]: [offline_bag_feeder] frame=736 lidar stamp=73.501000
[INFO] [1775740246.501169, 73.501000]: [offline_bag_feeder] frame=737 lidar stamp=73.601000
[INFO] [1775740246.503939, 73.701000]: [offline_bag_feeder] frame=738 lidar stamp=73.701000
[INFO] [1775740246.508762, 73.701000]: [offline_bag_feeder] frame=739 lidar stamp=73.801000
[INFO] [1775740246.511502, 73.901000]: [offline_bag_feeder] frame=740 lidar stamp=73.901000
[INFO] [1775740246.516313, 73.901000]: [offline_bag_feeder] frame=741 lidar stamp=74.001000
[INFO] [1775740246.519380, 74.001000]: [offline_bag_feeder] frame=742 lidar stamp=74.101000
[INFO] [1775740246.524678, 74.101000]: [offline_bag_feeder] frame=743 lidar stamp=74.201000
[INFO] [1775740246.527325, 74.201000]: [offline_bag_feeder] frame=744 lidar stamp=74.301000
[INFO] [1775740246.534894, 74.301000]: [offline_bag_feeder] frame=745 lidar stamp=74.401000
[INFO] [1775740246.538162, 74.401000]: [offline_bag_feeder] frame=746 lidar stamp=74.501000
[INFO] [1775740246.543715, 74.501000]: [offline_bag_feeder] frame=747 lidar stamp=74.601000
[INFO] [1775740246.546741, 74.601000]: [offline_bag_feeder] frame=748 lidar stamp=74.701000
[INFO] [1775740246.553884, 74.701000]: [offline_bag_feeder] frame=749 lidar stamp=74.801000
[INFO] [1775740246.558839, 74.801000]: [offline_bag_feeder] frame=750 lidar stamp=74.901000
[INFO] [1775740246.566012, 74.901000]: [offline_bag_feeder] frame=751 lidar stamp=75.001000
[INFO] [1775740246.569086, 75.001000]: [offline_bag_feeder] frame=752 lidar stamp=75.101000
[INFO] [1775740246.573686, 75.101000]: [offline_bag_feeder] frame=753 lidar stamp=75.201000
[INFO] [1775740246.578526, 75.301000]: [offline_bag_feeder] frame=754 lidar stamp=75.301000
[INFO] [1775740246.585574, 75.301000]: [offline_bag_feeder] frame=755 lidar stamp=75.401000
[INFO] [1775740246.590384, 75.501000]: [offline_bag_feeder] frame=756 lidar stamp=75.501000
[INFO] [1775740246.598259, 75.501000]: [offline_bag_feeder] frame=757 lidar stamp=75.601000
[INFO] [1775740246.603294, 75.701000]: [offline_bag_feeder] frame=758 lidar stamp=75.701000
[INFO] [1775740246.611583, 75.701000]: [offline_bag_feeder] frame=759 lidar stamp=75.801000
[INFO] [1775740246.616721, 75.801000]: [offline_bag_feeder] frame=760 lidar stamp=75.901000
[INFO] [1775740246.623778, 75.901000]: [offline_bag_feeder] frame=761 lidar stamp=76.001000
[INFO] [1775740246.628749, 76.001000]: [offline_bag_feeder] frame=762 lidar stamp=76.101000
[INFO] [1775740246.636596, 76.201000]: [offline_bag_feeder] frame=763 lidar stamp=76.201000
[INFO] [1775740246.640238, 76.201000]: [offline_bag_feeder] frame=764 lidar stamp=76.301000
[INFO] [1775740246.645065, 76.301000]: [offline_bag_feeder] frame=765 lidar stamp=76.401000
[INFO] [1775740246.649768, 76.401000]: [offline_bag_feeder] frame=766 lidar stamp=76.501000
[INFO] [1775740246.656728, 76.501000]: [offline_bag_feeder] frame=767 lidar stamp=76.601000
[INFO] [1775740246.662399, 76.601000]: [offline_bag_feeder] frame=768 lidar stamp=76.701000
[INFO] [1775740246.669107, 76.701000]: [offline_bag_feeder] frame=769 lidar stamp=76.801000
[INFO] [1775740246.674226, 76.801000]: [offline_bag_feeder] frame=770 lidar stamp=76.901000
[INFO] [1775740246.679356, 76.901000]: [offline_bag_feeder] frame=771 lidar stamp=77.001000
[INFO] [1775740246.685020, 77.101000]: [offline_bag_feeder] frame=772 lidar stamp=77.101000
[INFO] [1775740246.689884, 77.101000]: [offline_bag_feeder] frame=773 lidar stamp=77.201000
[INFO] [1775740246.694344, 77.201000]: [offline_bag_feeder] frame=774 lidar stamp=77.301000
[INFO] [1775740246.699128, 77.301000]: [offline_bag_feeder] frame=775 lidar stamp=77.401000
[INFO] [1775740246.703623, 77.401000]: [offline_bag_feeder] frame=776 lidar stamp=77.501000
[INFO] [1775740246.708150, 77.501000]: [offline_bag_feeder] frame=777 lidar stamp=77.601000
[INFO] [1775740246.713177, 77.701000]: [offline_bag_feeder] frame=778 lidar stamp=77.701000
[INFO] [1775740246.717761, 77.701000]: [offline_bag_feeder] frame=779 lidar stamp=77.801000
[INFO] [1775740246.723517, 77.901000]: [offline_bag_feeder] frame=780 lidar stamp=77.901000
[INFO] [1775740246.727417, 78.001000]: [offline_bag_feeder] frame=781 lidar stamp=78.001000
[INFO] [1775740246.732563, 78.001000]: [offline_bag_feeder] frame=782 lidar stamp=78.101000
[INFO] [1775740246.735533, 78.101000]: [offline_bag_feeder] frame=783 lidar stamp=78.201000
[INFO] [1775740246.738553, 78.201000]: [offline_bag_feeder] frame=784 lidar stamp=78.301000
[INFO] [1775740246.743060, 78.301000]: [offline_bag_feeder] frame=785 lidar stamp=78.401000
[INFO] [1775740246.750527, 78.401000]: [offline_bag_feeder] frame=786 lidar stamp=78.501000
[INFO] [1775740246.755709, 78.601000]: [offline_bag_feeder] frame=787 lidar stamp=78.601000
[INFO] [1775740246.760731, 78.601000]: [offline_bag_feeder] frame=788 lidar stamp=78.701000
[INFO] [1775740246.764757, 78.701000]: [offline_bag_feeder] frame=789 lidar stamp=78.801000
[INFO] [1775740246.768167, 78.801000]: [offline_bag_feeder] frame=790 lidar stamp=78.901000
[INFO] [1775740246.773095, 78.901000]: [offline_bag_feeder] frame=791 lidar stamp=79.001000
[INFO] [1775740246.777729, 79.001000]: [offline_bag_feeder] frame=792 lidar stamp=79.101000
[INFO] [1775740246.783248, 79.201000]: [offline_bag_feeder] frame=793 lidar stamp=79.201000
[INFO] [1775740246.786232, 79.201000]: [offline_bag_feeder] frame=794 lidar stamp=79.301000
[INFO] [1775740246.790538, 79.401000]: [offline_bag_feeder] frame=795 lidar stamp=79.401000
[INFO] [1775740246.793420, 79.401000]: [offline_bag_feeder] frame=796 lidar stamp=79.501000
[INFO] [1775740246.797256, 79.501000]: [offline_bag_feeder] frame=797 lidar stamp=79.601000
[INFO] [1775740246.800559, 79.601000]: [offline_bag_feeder] frame=798 lidar stamp=79.701000
[INFO] [1775740246.805465, 79.701000]: [offline_bag_feeder] frame=799 lidar stamp=79.801000
[INFO] [1775740246.810134, 79.801000]: [offline_bag_feeder] frame=800 lidar stamp=79.901000
[INFO] [1775740246.815326, 79.901000]: [offline_bag_feeder] frame=801 lidar stamp=80.001000
[INFO] [1775740246.819214, 80.001000]: [offline_bag_feeder] frame=802 lidar stamp=80.101000
[INFO] [1775740246.825300, 80.101000]: [offline_bag_feeder] frame=803 lidar stamp=80.201000
[INFO] [1775740246.828893, 80.201000]: [offline_bag_feeder] frame=804 lidar stamp=80.301000
[INFO] [1775740246.833670, 80.301000]: [offline_bag_feeder] frame=805 lidar stamp=80.401000
[INFO] [1775740246.837479, 80.401000]: [offline_bag_feeder] frame=806 lidar stamp=80.501000
[INFO] [1775740246.844147, 80.501000]: [offline_bag_feeder] frame=807 lidar stamp=80.601000
[INFO] [1775740246.846650, 80.601000]: [offline_bag_feeder] frame=808 lidar stamp=80.701000
[INFO] [1775740246.851087, 80.701000]: [offline_bag_feeder] frame=809 lidar stamp=80.801000
[INFO] [1775740246.854043, 80.801000]: [offline_bag_feeder] frame=810 lidar stamp=80.901000
[INFO] [1775740246.857873, 80.901000]: [offline_bag_feeder] frame=811 lidar stamp=81.001000
[INFO] [1775740246.860571, 81.001000]: [offline_bag_feeder] frame=812 lidar stamp=81.101000
[INFO] [1775740246.865102, 81.101000]: [offline_bag_feeder] frame=813 lidar stamp=81.201000
[INFO] [1775740246.867756, 81.201000]: [offline_bag_feeder] frame=814 lidar stamp=81.301000
[INFO] [1775740246.870470, 81.301000]: [offline_bag_feeder] frame=815 lidar stamp=81.401000
[INFO] [1775740246.873919, 81.401000]: [offline_bag_feeder] frame=816 lidar stamp=81.501000
[INFO] [1775740246.876661, 81.601000]: [offline_bag_feeder] frame=817 lidar stamp=81.601000
[INFO] [1775740246.879304, 81.601000]: [offline_bag_feeder] frame=818 lidar stamp=81.701000
[INFO] [1775740246.881845, 81.701000]: [offline_bag_feeder] frame=819 lidar stamp=81.801000
[INFO] [1775740246.888426, 81.801000]: [offline_bag_feeder] frame=820 lidar stamp=81.901000
[INFO] [1775740246.892284, 81.901000]: [offline_bag_feeder] frame=821 lidar stamp=82.001000
[INFO] [1775740246.896266, 82.001000]: [offline_bag_feeder] frame=822 lidar stamp=82.101000
[INFO] [1775740246.899573, 82.101000]: [offline_bag_feeder] frame=823 lidar stamp=82.201000
[INFO] [1775740246.902034, 82.201000]: [offline_bag_feeder] frame=824 lidar stamp=82.301000
[INFO] [1775740246.904639, 82.401000]: [offline_bag_feeder] frame=825 lidar stamp=82.401000
[INFO] [1775740246.907941, 82.401000]: [offline_bag_feeder] frame=826 lidar stamp=82.501000
[INFO] [1775740246.910315, 82.501000]: [offline_bag_feeder] frame=827 lidar stamp=82.601000
[INFO] [1775740246.914513, 82.701000]: [offline_bag_feeder] frame=828 lidar stamp=82.701000
[INFO] [1775740246.919047, 82.701000]: [offline_bag_feeder] frame=829 lidar stamp=82.801000
[INFO] [1775740246.923349, 82.801000]: [offline_bag_feeder] frame=830 lidar stamp=82.901000
[INFO] [1775740246.929063, 83.001000]: [offline_bag_feeder] frame=831 lidar stamp=83.001000
[INFO] [1775740246.931843, 83.001000]: [offline_bag_feeder] frame=832 lidar stamp=83.101000
[INFO] [1775740246.937108, 83.101000]: [offline_bag_feeder] frame=833 lidar stamp=83.201000
[INFO] [1775740246.939713, 83.201000]: [offline_bag_feeder] frame=834 lidar stamp=83.301000
[INFO] [1775740246.943695, 83.301000]: [offline_bag_feeder] frame=835 lidar stamp=83.401000
[INFO] [1775740246.948020, 83.401000]: [offline_bag_feeder] frame=836 lidar stamp=83.501000
[INFO] [1775740246.950566, 83.501000]: [offline_bag_feeder] frame=837 lidar stamp=83.601000
[INFO] [1775740246.951568, 83.601000]: [offline_bag_feeder] finished. lidar_frames=837
[INFO] [1775740246.952033, 83.601000]: [offline_bag_feeder] detection: ok=0 timeout=0
[INFO] [1775740246.952425, 83.601000]: [offline_bag_feeder] tracking : ok=0 timeout=0
[INFO] [1775740246.952772, 83.601000]: [offline_bag_feeder] odom     : ok=0 timeout=0
[INFO] [1775740246.953101, 83.601000]: [offline_bag_feeder] avg_wait_per_frame=0.000s
[A-4] 停止 FAST-LIO...
[信息] 轨迹已保存为 Results/0020_results/trajectory_baseline_offline.txt

=========================================================
   [离线阶段 C] JointOffline
=========================================================
[C-1] 启动 PointPillars 节点...
启动KITTI PointPillars Bag ROS节点...
激活ME5400环境...
启动KITTI PointPillars Bag节点...
/home/xc/miniconda3/envs/ME5400/lib/python3.10/site-packages/mmdet3d/models/dense_heads/anchor3d_head.py:94: UserWarning: dir_offset and dir_limit_offset will be depressed and be incorporated into box coder in the future
  warnings.warn(
[INFO] [1775740252.214010, 0.000000]: 加载标定文件成功: /home/xc/Projects/ME5400/Data_Tracking/training/calib/0020.txt
[INFO] [1775740252.214612, 0.000000]: 正在初始化PointPillars推理器...
Loads checkpoint by local backend from path: /home/xc/Projects/ME5400/MMDET3D/checkpoints/pointpillars_hv_secfpn_6x8_160e_kitti-3d-3class.pth
04/09 21:10:52 - mmengine - WARNING - Failed to search registry with scope "mmdet3d" in the "function" registry tree. As a workaround, the current "function" registry in "mmengine" is used to build instance. This may cause unexpected failure when running the built modules. Please check whether "mmdet3d" is a correct scope, or whether the registry is initialized.
/home/xc/miniconda3/envs/ME5400/lib/python3.10/site-packages/mmengine/visualization/visualizer.py:196: UserWarning: Failed to add <class 'mmengine.visualization.vis_backend.LocalVisBackend'>, please provide the `save_dir` argument.
  warnings.warn(f'Failed to add {vis_backend.__class__}, '
[C-2] 启动 MCTrack 在线节点...
[信息] 启动MCTrack在线跟踪节点
[信息] 订阅话题: /detection/lidar_detections (Detection3DArray, 带时间戳)
[信息]           /mctrack/lidar_pose (FAST-LIO 位姿)
[C-3] 启动 FAST-LIO (both, use_dynamic_weights=true)...
WARNING: Package name "ME5400" does not follow the naming conventions. It should start with a lower case letter and only contain lower case letters, digits, underscores, and dashes.
Multi thread started 
p_pre->lidar_type 2
~~~~/home/xc/Projects/ME5400/catkin_ws/src/fast_lio/ file opened
[FAST-LIO] Trajectory file opened at: /home/xc/Projects/ME5400/Results/trajectory.txt
[33m[WARN] [1775740267.986903023, 83.600999998]: Shutdown request received.[0m
[33m[WARN] [1775740267.986919104, 83.600999998]: Reason given for shutdown: [[/laserMapping] Reason: new node registered with same name][0m
e: 0.002266 ave total: 0.018087 icp: 0.011219 construct H: 0.000330 
[ mapping ]: time: IMU + Map + Input Downsample: 0.004040 ave match: 0.009996 ave solve: 0.001225  ave ICP: 0.012524  map incre: 0.002231 ave total: 0.018119 icp: 0.011275 construct H: 0.000328 
[ mapping ]: time: IMU + Map + Input Downsample: 0.003980 ave match: 0.009931 ave solve: 0.001218  ave ICP: 0.009663  map incre: 0.002108 ave total: 0.018016 icp: 0.011203 construct H: 0.000326 
[ mapping ]: time: IMU + Map + Input Downsample: 0.004098 ave match: 0.009867 ave solve: 0.001212  ave ICP: 0.009557  map incre: 0.002510 ave total: 0.017939 icp: 0.011132 construct H: 0.000323 
[ mapping ]: time: IMU + Map + Input Downsample: 0.004078 ave match: 0.009803 ave solve: 0.001204  ave ICP: 0.009365  map incre: 0.002414 ave total: 0.017856 icp: 0.011059 construct H: 0.000321 
[ mapping ]: time: IMU + Map + Input Downsample: 0.004094 ave match: 0.009765 ave solve: 0.001197  ave ICP: 0.009958  map incre: 0.002406 ave total: 0.017802 icp: 0.011014 construct H: 0.000319 
[ mapping ]: time: IMU + Map + Input Downsample: 0.004107 ave match: 0.010288 ave solve: 0.001190  ave ICP: 0.025018  map incre: 0.002636 ave total: 0.018319 icp: 0.011530 construct H: 0.000317 
[ mapping ]: time: IMU + Map + Input Downsample: 0.003944 ave match: 0.010219 ave solve: 0.001182  ave ICP: 0.009414  map incre: 0.002317 ave total: 0.018224 icp: 0.011452 construct H: 0.000314 
[ mapping ]: time: IMU + Map + Input Downsample: 0.004023 ave match: 0.010152 ave solve: 0.001173  ave ICP: 0.009327  map incre: 0.002288 ave total: 0.018135 icp: 0.011377 construct H: 0.000312 
[ mapping ]: time: IMU + Map + Input Downsample: 0.003839 ave match: 0.010084 ave solve: 0.001164  ave ICP: 0.009100  map incre: 0.002200 ave total: 0.018035 icp: 0.011299 construct H: 0.000309 
[ mapping ]: time: IMU + Map + Input Downsample: 0.003846 ave match: 0.010015 ave solve: 0.001154  ave ICP: 0.008891  map incre: 0.002316 ave total: 0.017939 icp: 0.011219 construct H: 0.000306 
Rebuild thread terminated normally
WARNING: Package name "ME5400" does not follow the naming conventions. It should start with a lower case letter and only contain lower case letters, digits, underscores, and dashes.
WARNING: Package name "ME5400" does not follow the naming conventions. It should start with a lower case letter and only contain lower case letters, digits, underscores, and dashes.
... logging to /home/xc/.ros/log/36dbbe92-33e9-11f1-8aed-950ffa084d8d/roslaunch-z790m-352085.log
Checking log directory for disk usage. This may take a while.
Press Ctrl-C to interrupt
Done checking log file disk usage. Usage is <1GB.
]2;/home/xc/Projects/ME5400/catkin_ws/src/fast_lio/launch/mapping_velodyne.launch
[1mstarted roslaunch server http://z790m:35297/[0m

SUMMARY
========

PARAMETERS
 * /common/imu_topic: /kitti/oxts/imu
 * /common/lid_topic: /kitti/velo/point...
 * /common/time_offset_lidar_to_imu: 0.0
 * /common/time_sync_en: False
 * /cube_side_length: 1000.0
 * /feature_extract_enable: False
 * /filter_size_map: 0.5
 * /filter_size_surf: 0.5
 * /mapping/acc_cov: 0.1
 * /mapping/b_acc_cov: 0.0001
 * /mapping/b_gyr_cov: 0.0001
 * /mapping/det_range: 100.0
 * /mapping/extrinsic_R: [1, 0, 0, 0, 1, 0...
 * /mapping/extrinsic_T: [0, 0, 0.28]
 * /mapping/extrinsic_est_en: False
 * /mapping/fov_degree: 180
 * /mapping/gyr_cov: 0.1
 * /max_iteration: 3
 * /pcd_save/interval: -1
 * /pcd_save/pcd_save_en: False
 * /point_filter_num: 4
 * /preprocess/blind: 2
 * /preprocess/dynamic_acc_penalty: 0.3
 * /preprocess/dynamic_acc_ref: 4.0
 * /preprocess/dynamic_bbox_margin_xy: 0.6
 * /preprocess/dynamic_bbox_margin_z: 0.5
 * /preprocess/dynamic_min_track_length: 3
 * /preprocess/dynamic_min_weight: 0.2
 * /preprocess/dynamic_score_penalty: 0.2
 * /preprocess/dynamic_speed_penalty: 0.5
 * /preprocess/dynamic_speed_ref: 12.0
 * /preprocess/dynamic_timeout: 0.7
 * /preprocess/ignore_given_offset_time: True
 * /preprocess/lidar_type: 2
 * /preprocess/scan_line: 64
 * /preprocess/scan_rate: 10
 * /preprocess/timestamp_unit: 2
 * /preprocess/tracked_topic: /mctrack/tracked_...
 * /preprocess/use_dynamic_weights: False
 * /publish/dense_publish_en: True
 * /publish/path_en: True
 * /publish/scan_bodyframe_pub_en: True
 * /publish/scan_publish_en: True
 * /rosdistro: noetic
 * /rosversion: 1.17.4
 * /runtime_pos_log_enable: True
 * /use_sim_time: True

NODES
  /
    laserMapping (fast_lio/fastlio_mapping)

[1mROS_MASTER_URI=http://localhost:11311[0m
]2;/home/xc/Projects/ME5400/catkin_ws/src/fast_lio/launch/mapping_velodyne.launch http://localhost:11311
[1mprocess[laserMapping-1]: started with pid [352131][0m
[1m[laserMapping-1] process has finished cleanly
log file: /home/xc/.ros/log/36dbbe92-33e9-11f1-8aed-950ffa084d8d/laserMapping-1*.log[0m
all processes on machine have died, roslaunch will exit
shutting down processing monitor...
... shutting down processing monitor complete
[1mdone[0m
[C-4] 启动联合后端...
[信息] 加载参数: /home/xc/Projects/ME5400/catkin_ws/src/ME5400/config/joint_backend_ego.yaml
[信息] 启动 joint_backend_ego_node
[信息] 输入: /Odometry + /mctrack/tracked_objects
[信息] 输出: /joint_backend/odom
[C-5] 录制 /joint_backend/odom -> trajectory_joint.txt ...
[WARN] [1775740275.944778, 0.000000]: [odom_to_tum] overwrite existing file: /home/xc/Projects/ME5400/Results/0020_results/trajectory_joint.txt
[C-6] 启动离线 feeder (等待 detection / tracking / joint odom)...
[信息] 启动 offline_bag_feeder (require_detection=true require_tracking=true require_odom=true)
[C-7] 等待离线联合阶段完成...
[WARN] [1775740283.787706, 1.547000]: [offline_bag_feeder] frame=1 detection timeout (4.00s)
[WARN] [1775740284.789598, 1.935000]: [offline_bag_feeder] frame=1 tracking timeout (5.00s)
[WARN] [1775740284.790532, 1.935000]: [offline_bag_feeder] frame=1 odom timeout (5.00s)
/home/xc/miniconda3/envs/ME5400/lib/python3.10/site-packages/torch/functional.py:505: UserWarning: torch.meshgrid: in an upcoming release, it will be required to pass the indexing argument. (Triggered internally at /pytorch/aten/src/ATen/native/TensorShape.cpp:4333.)
  return _VF.meshgrid(tensors, **kwargs)  # type: ignore[attr-defined]
[INFO] [1775740253.017958, 0.000000]: 推理器初始化成功
[INFO] [1775740253.020761, 0.000000]: KITTI PointPillars Bag ROS节点初始化完成
[INFO] [1775740253.021050, 0.000000]: 配置文件: /home/xc/Projects/ME5400/MMDET3D/configs/pointpillars/pointpillars_hv_secfpn_8xb6-160e_kitti-3d-3class.py
[INFO] [1775740253.021316, 0.000000]: 检查点: /home/xc/Projects/ME5400/MMDET3D/checkpoints/pointpillars_hv_secfpn_6x8_160e_kitti-3d-3class.pth
[INFO] [1775740253.021584, 0.000000]: Bag文件: /home/xc/Projects/ME5400/MMDET3D/data/kitti/seq_0019_with_det.bag
[INFO] [1775740253.021834, 0.000000]: 数据集路径: /home/xc/Projects/ME5400/Data_Tracking/training / 序列: 0020
[INFO] [1775740253.022079, 0.000000]: 订阅话题: /kitti/velo/pointcloud
[INFO] [1775740253.022322, 0.000000]: 发布频率: 10.0 Hz
[INFO] [1775740253.022575, 0.000000]: 模型类别: ['Pedestrian', 'Cyclist', 'Car']
[INFO] [1775740253.022980, 0.000000]: 类别过滤: 未启用
[INFO] [1775740253.023347, 0.000000]: 转发原始点云/IMU: False
[INFO] [1775740253.023640, 0.000000]: 等待点云数据...
[INFO] [1775740284.800418, 1.937000]: 转换得到 116129 个点
Inference ━━━━━━━━━━━━━━━━━━━━━━━━━━━━━━━━━━━━━━━━   
[WARN] [1775740285.075730, 2.041000]: 尚未收到 FAST-LIO 位姿，暂时缓存检测结果
[WARN] [1775740285.076127, 2.043000]: 慢帧 0: 纯计算耗时 276.9ms，分段=inferencer_call=271.1ms, pointcloud_to_numpy=2.1ms, write_temp_bin=1.3ms, camera_projection=0.7ms, publish_markers=0.3ms, remove_temp_bin=0.2ms, publish_lidar_detections=0.1ms, extract_detections=0.1ms, publish_kitti_tracking=0.1ms, publish_lidar_tracking=0.0ms
[WARN] [1775740289.803313, 3.871000]: [offline_bag_feeder] frame=2 tracking timeout (5.00s)
[WARN] [1775740289.804190, 3.871000]: [offline_bag_feeder] frame=2 odom timeout (5.00s)
[INFO] [1775740285.075277, 2.041000]: 帧 0: 检测到 10 个目标
[INFO] [1775740289.813349, 3.873000]: 转换得到 116144 个点
Inference ━━━━━━━━━━━━━━━━━━━━━━━━━━━━━━━━━━━━━━━━   
[WARN] [1775740294.811568, 5.805000]: [offline_bag_feeder] frame=3 tracking timeout (5.00s)
[WARN] [1775740294.812355, 5.805000]: [offline_bag_feeder] frame=3 odom timeout (5.00s)
[INFO] [1775740289.842407, 3.883000]: 帧 1: 检测到 11 个目标
[INFO] [1775740294.817248, 5.805000]: 转换得到 115922 个点
Inference ━━━━━━━━━━━━━━━━━━━━━━━━━━━━━━━━━━━━━━━━   
[WARN] [1775740299.821367, 7.739000]: [offline_bag_feeder] frame=4 tracking timeout (5.00s)
[WARN] [1775740299.822116, 7.739000]: [offline_bag_feeder] frame=4 odom timeout (5.00s)
[33m[WARN] [1775740299.831185580, 7.740999999]: No point, skip this scan!
[0m
[INFO] [1775740294.848068, 5.817000]: 帧 2: 检测到 12 个目标
[INFO] [1775740299.828515, 7.741000]: 转换得到 115836 个点
Inference ━━━━━━━━━━━━━━━━━━━━━━━━━━━━━━━━━━━━━━━━   
[WARN] [1775740299.860921, 7.753000]: 尚未收到 FAST-LIO 位姿，暂时缓存检测结果
[WARN] [1775740304.827268, 9.671000]: [offline_bag_feeder] frame=5 tracking timeout (5.00s)
[WARN] [1775740304.828141, 9.671000]: [offline_bag_feeder] frame=5 odom timeout (5.00s)
[33m[WARN] [1775740304.837330716, 9.672999999]: No point, skip this scan!
[0m
[INFO] [1775740299.860522, 7.753000]: 帧 3: 检测到 12 个目标
[INFO] [1775740304.832531, 9.671000]: 转换得到 115710 个点
Inference ━━━━━━━━━━━━━━━━━━━━━━━━━━━━━━━━━━━━━━━━   
[WARN] [1775740309.836927, 11.607000]: [offline_bag_feeder] frame=6 tracking timeout (5.00s)
[WARN] [1775740309.837675, 11.607000]: [offline_bag_feeder] frame=6 odom timeout (5.00s)
[33m[WARN] [1775740309.846715617, 11.609000000]: No point, skip this scan!
[0m
[INFO] [1775740304.864310, 9.683000]: 帧 4: 检测到 11 个目标
[INFO] [1775740309.842487, 11.609000]: 转换得到 115667 个点
Inference ━━━━━━━━━━━━━━━━━━━━━━━━━━━━━━━━━━━━━━━━   
[WARN] [1775740314.844949, 13.539000]: [offline_bag_feeder] frame=7 tracking timeout (5.00s)
[WARN] [1775740314.845855, 13.539000]: [offline_bag_feeder] frame=7 odom timeout (5.00s)
[33m[WARN] [1775740314.854359106, 13.541000000]: No point, skip this scan!
[0m
[INFO] [1775740309.875204, 11.621000]: 帧 5: 检测到 11 个目标
[INFO] [1775740314.849791, 13.539000]: 转换得到 115596 个点
Inference ━━━━━━━━━━━━━━━━━━━━━━━━━━━━━━━━━━━━━━━━   
[WARN] [1775740314.880681, 13.551000]: 尚未收到 FAST-LIO 位姿，暂时缓存检测结果
[INFO] 本次运行的所有输出将实时保存至: /home/xc/Projects/ME5400/Results/0020_results/full_run_offline.log
[INFO] 数据集序列号: 0020
[INFO] 离线 bag: /home/xc/Projects/ME5400/Data_Tracking/rosbags/seq_0020_nodet.bag
[INFO] FAST-LIO 地图保存: false
[步骤 0] 正在清理残留环境...
[cleanup_ros_runtime.sh] 正在清理残留 ROS 运行时进程...
[cleanup_ros_runtime.sh] 已清理 ROS master 中的失联节点注册。
[步骤 1] 检测到 roscore 已在运行，将复用现有环境...
[步骤 2] 正在构建/验证 catkin 工作空间...
[  0%] Built target std_msgs_generate_messages_eus
[  0%] Built target std_msgs_generate_messages_cpp
[  0%] Built target geometry_msgs_generate_messages_eus
[  0%] Built target std_msgs_generate_messages_py
[  0%] Built target geometry_msgs_generate_messages_cpp
[  0%] Built target geometry_msgs_generate_messages_py
[  0%] Built target geometry_msgs_generate_messages_lisp
[  0%] Built target roscpp_generate_messages_eus
[  0%] Built target geometry_msgs_generate_messages_nodejs
[  0%] Built target rosgraph_msgs_generate_messages_eus
[  0%] Built target std_msgs_generate_messages_lisp
[  0%] Built target roscpp_generate_messages_nodejs
[  0%] Built target sensor_msgs_generate_messages_py
[  0%] Built target roscpp_generate_messages_cpp
[  0%] Built target sensor_msgs_generate_messages_cpp
[  0%] Built target std_msgs_generate_messages_nodejs
[  0%] Built target roscpp_generate_messages_py
[  0%] Built target rosgraph_msgs_generate_messages_nodejs
[  0%] Built target actionlib_msgs_generate_messages_eus
[  0%] Built target actionlib_msgs_generate_messages_py
[  0%] Built target rosgraph_msgs_generate_messages_lisp
[  0%] Built target actionlib_generate_messages_cpp
[  0%] Built target roscpp_generate_messages_lisp
[  0%] Built target tf2_msgs_generate_messages_py
[  0%] Built target actionlib_msgs_generate_messages_cpp
[  0%] Built target actionlib_generate_messages_py
[  0%] Built target actionlib_generate_messages_eus
[  0%] Built target _ME5400_generate_messages_check_deps_TrackedObjectArray
[  0%] Built target rosgraph_msgs_generate_messages_cpp
[  0%] Built target _ME5400_generate_messages_check_deps_Detection3D
[  0%] Built target _tf_generate_messages_check_deps_FrameGraph
[  0%] Built target _tf_generate_messages_check_deps_tfMessage
[  0%] Built target actionlib_msgs_generate_messages_lisp
[  0%] Built target tf2_msgs_generate_messages_lisp
[  0%] Built target tf2_msgs_generate_messages_eus
[  0%] Built target actionlib_generate_messages_nodejs
[  0%] Built target rosgraph_msgs_generate_messages_py
[  0%] Built target actionlib_generate_messages_lisp
[  0%] Built target actionlib_msgs_generate_messages_nodejs
[  0%] Built target tf2_msgs_generate_messages_cpp
[  0%] Built target sensor_msgs_generate_messages_lisp
[  0%] Built target tf2_msgs_generate_messages_nodejs
[  0%] Built target _ME5400_generate_messages_check_deps_Detection3DArray
[  0%] Built target sensor_msgs_generate_messages_nodejs
[  0%] Built target _ME5400_generate_messages_check_deps_TrackedObject
[  2%] Built target kdl_conversions
[  7%] Built target eigen_conversions
[ 13%] Built target tf_generate_messages_cpp
[ 15%] Built target tf_generate_messages_py
[ 15%] Built target sensor_msgs_generate_messages_eus
[ 18%] Built target tf_generate_messages_nodejs
[ 21%] Built target tf_generate_messages_lisp
[ 27%] Built target ME5400_generate_messages_nodejs
[ 33%] Built target ME5400_generate_messages_cpp
[ 39%] Built target ME5400_generate_messages_lisp
[ 46%] Built target ME5400_generate_messages_eus
[ 53%] Built target ME5400_generate_messages_py
[ 57%] Built target tf_generate_messages_eus
[ 57%] Built target _fast_lio_generate_messages_check_deps_Pose6D
[ 57%] Built target ME5400_generate_messages
[ 57%] Built target tf_generate_messages
[ 65%] Built target tf
[ 68%] Built target fast_lio_generate_messages_cpp
[ 69%] Built target fast_lio_generate_messages_eus
[ 72%] Built target fast_lio_generate_messages_py
[ 73%] Built target fast_lio_generate_messages_nodejs
[ 75%] Built target fast_lio_generate_messages_lisp
[ 78%] Built target static_transform_publisher
[ 82%] Built target tf_monitor
[ 84%] Built target tf_echo
[ 88%] Built target tf_conversions
[ 91%] Built target tf_empty_listener
[ 92%] Built target fast_lio_generate_messages
[ 94%] Built target tf_change_notifier
[100%] Built target fastlio_mapping
WARNING: Package name "ME5400" does not follow the naming conventions. It should start with a lower case letter and only contain lower case letters, digits, underscores, and dashes.
Base path: /home/xc/Projects/ME5400/catkin_ws
Source space: /home/xc/Projects/ME5400/catkin_ws/src
Build space: /home/xc/Projects/ME5400/catkin_ws/build
Devel space: /home/xc/Projects/ME5400/catkin_ws/devel
Install space: /home/xc/Projects/ME5400/catkin_ws/install
####
#### Running command: "make cmake_check_build_system" in "/home/xc/Projects/ME5400/catkin_ws/build"
####
####
#### Running command: "make -j28 -l28" in "/home/xc/Projects/ME5400/catkin_ws/build"
####
[步骤 3] 正在启动真实轨迹发布与 RViz...

=========================================================
   [离线阶段 A] Baseline(Offline,NoWeight)
=========================================================
[A-1] 启动 FAST-LIO (mapping, use_dynamic_weights=false)...
WARNING: Package name "ME5400" does not follow the naming conventions. It should start with a lower case letter and only contain lower case letters, digits, underscores, and dashes.
Multi thread started 
p_pre->lidar_type 2
~~~~/home/xc/Projects/ME5400/catkin_ws/src/fast_lio/ file opened
[FAST-LIO] Trajectory file opened at: /home/xc/Projects/ME5400/Results/trajectory.txt
[A-2] 启动离线 feeder (不等待检测/跟踪)...
[信息] 启动 offline_bag_feeder (require_detection=false require_tracking=false require_odom=false)
[A-3] 等待离线 baseline 阶段完成...
[INFO] [1775740363.082429, 0.000000]: [offline_bag_feeder] bag_path=/home/xc/Projects/ME5400/Data_Tracking/rosbags/seq_0020_nodet.bag
[INFO] [1775740363.082920, 0.000000]: [offline_bag_feeder] lidar_topic=/kitti/velo/pointcloud det_topic=/detection/lidar_detections track_topic=/mctrack/tracked_objects odom_topic=/joint_backend/odom
[INFO] [1775740363.083337, 0.000000]: [offline_bag_feeder] require_detection=False require_tracking=False require_odom=False eps=0.060
[INFO] [1775740363.083795, 0.000000]: [offline_bag_feeder] waiting 1.5s for downstream nodes...
[INFO] [1775740364.634398, 0.001000]: [offline_bag_feeder] frame=1 lidar stamp=0.001000
[INFO] [1775740364.644205, 0.001000]: [offline_bag_feeder] frame=2 lidar stamp=0.101000
[INFO] [1775740364.647813, 0.101000]: [offline_bag_feeder] frame=3 lidar stamp=0.201000
[INFO] [1775740364.649085, 0.201000]: [offline_bag_feeder] frame=4 lidar stamp=0.301000
[INFO] [1775740364.651975, 0.301000]: [offline_bag_feeder] frame=5 lidar stamp=0.401000
[INFO] [1775740364.653180, 0.401000]: [offline_bag_feeder] frame=6 lidar stamp=0.501000
[INFO] [1775740364.654288, 0.501000]: [offline_bag_feeder] frame=7 lidar stamp=0.601000
[INFO] [1775740364.655499, 0.601000]: [offline_bag_feeder] frame=8 lidar stamp=0.701000
[INFO] [1775740364.656584, 0.701000]: [offline_bag_feeder] frame=9 lidar stamp=0.801000
[INFO] [1775740364.657690, 0.801000]: [offline_bag_feeder] frame=10 lidar stamp=0.901000
[INFO] [1775740364.658828, 0.901000]: [offline_bag_feeder] frame=11 lidar stamp=1.001000
[INFO] [1775740364.659939, 1.001000]: [offline_bag_feeder] frame=12 lidar stamp=1.101000
[INFO] [1775740364.660998, 1.101000]: [offline_bag_feeder] frame=13 lidar stamp=1.201000
[INFO] [1775740364.662790, 1.201000]: [offline_bag_feeder] frame=14 lidar stamp=1.301000
[INFO] [1775740364.664098, 1.301000]: [offline_bag_feeder] frame=15 lidar stamp=1.401000
[INFO] [1775740364.665927, 1.401000]: [offline_bag_feeder] frame=16 lidar stamp=1.501000
[INFO] [1775740364.667078, 1.501000]: [offline_bag_feeder] frame=17 lidar stamp=1.601000
[INFO] [1775740364.668181, 1.601000]: [offline_bag_feeder] frame=18 lidar stamp=1.701000
[INFO] [1775740364.669292, 1.701000]: [offline_bag_feeder] frame=19 lidar stamp=1.801000
[INFO] [1775740364.670381, 1.801000]: [offline_bag_feeder] frame=20 lidar stamp=1.901000
[INFO] [1775740364.671468, 1.901000]: [offline_bag_feeder] frame=21 lidar stamp=2.001000
[INFO] [1775740364.672628, 2.001000]: [offline_bag_feeder] frame=22 lidar stamp=2.101000
[INFO] [1775740364.674009, 2.101000]: [offline_bag_feeder] frame=23 lidar stamp=2.201000
[INFO] [1775740364.676065, 2.201000]: [offline_bag_feeder] frame=24 lidar stamp=2.301000
[INFO] [1775740364.677431, 2.301000]: [offline_bag_feeder] frame=25 lidar stamp=2.401000
[INFO] [1775740364.678722, 2.401000]: [offline_bag_feeder] frame=26 lidar stamp=2.501000
[INFO] [1775740364.680206, 2.501000]: [offline_bag_feeder] frame=27 lidar stamp=2.601000
[INFO] [1775740364.682795, 2.601000]: [offline_bag_feeder] frame=28 lidar stamp=2.701000
[INFO] [1775740364.684236, 2.701000]: [offline_bag_feeder] frame=29 lidar stamp=2.801000
[INFO] [1775740364.685962, 2.801000]: [offline_bag_feeder] frame=30 lidar stamp=2.901000
[INFO] [1775740364.687527, 2.901000]: [offline_bag_feeder] frame=31 lidar stamp=3.001000
[INFO] [1775740364.688885, 3.001000]: [offline_bag_feeder] frame=32 lidar stamp=3.101000
[INFO] [1775740364.691012, 3.101000]: [offline_bag_feeder] frame=33 lidar stamp=3.201000
[INFO] [1775740364.692853, 3.201000]: [offline_bag_feeder] frame=34 lidar stamp=3.301000
[INFO] [1775740364.695751, 3.301000]: [offline_bag_feeder] frame=35 lidar stamp=3.401000
[INFO] [1775740364.697089, 3.401000]: [offline_bag_feeder] frame=36 lidar stamp=3.501000
[INFO] [1775740364.698336, 3.501000]: [offline_bag_feeder] frame=37 lidar stamp=3.601000
[INFO] [1775740364.699451, 3.601000]: [offline_bag_feeder] frame=38 lidar stamp=3.701000
[INFO] [1775740364.700525, 3.701000]: [offline_bag_feeder] frame=39 lidar stamp=3.801000
[INFO] [1775740364.701567, 3.801000]: [offline_bag_feeder] frame=40 lidar stamp=3.901000
[INFO] [1775740364.702619, 3.901000]: [offline_bag_feeder] frame=41 lidar stamp=4.001000
[INFO] [1775740364.704693, 4.101000]: [offline_bag_feeder] frame=42 lidar stamp=4.101000
[INFO] [1775740364.706709, 4.101000]: [offline_bag_feeder] frame=43 lidar stamp=4.201000
[INFO] [1775740364.708927, 4.201000]: [offline_bag_feeder] frame=44 lidar stamp=4.301000
[INFO] [1775740364.711440, 4.301000]: [offline_bag_feeder] frame=45 lidar stamp=4.401000
[INFO] [1775740364.713035, 4.401000]: [offline_bag_feeder] frame=46 lidar stamp=4.501000
[INFO] [1775740364.715577, 4.501000]: [offline_bag_feeder] frame=47 lidar stamp=4.601000
[INFO] [1775740364.716902, 4.601000]: [offline_bag_feeder] frame=48 lidar stamp=4.701000
[INFO] [1775740364.719352, 4.701000]: [offline_bag_feeder] frame=49 lidar stamp=4.801000
[INFO] [1775740364.720607, 4.801000]: [offline_bag_feeder] frame=50 lidar stamp=4.901000
[INFO] [1775740364.724669, 4.901000]: [offline_bag_feeder] frame=51 lidar stamp=5.001000
[INFO] [1775740364.729044, 5.001000]: [offline_bag_feeder] frame=52 lidar stamp=5.101000
[INFO] [1775740364.732882, 5.101000]: [offline_bag_feeder] frame=53 lidar stamp=5.201000
[INFO] [1775740364.737195, 5.201000]: [offline_bag_feeder] frame=54 lidar stamp=5.301000
[INFO] [1775740364.740902, 5.301000]: [offline_bag_feeder] frame=55 lidar stamp=5.401000
[INFO] [1775740364.744462, 5.401000]: [offline_bag_feeder] frame=56 lidar stamp=5.501000
[INFO] [1775740364.747977, 5.501000]: [offline_bag_feeder] frame=57 lidar stamp=5.601000
[INFO] [1775740364.751533, 5.701000]: [offline_bag_feeder] frame=58 lidar stamp=5.701000
[INFO] [1775740364.755175, 5.801000]: [offline_bag_feeder] frame=59 lidar stamp=5.801000
[INFO] [1775740364.759274, 5.801000]: [offline_bag_feeder] frame=60 lidar stamp=5.901000
[INFO] [1775740364.762818, 5.901000]: [offline_bag_feeder] frame=61 lidar stamp=6.001000
[INFO] [1775740364.766038, 6.001000]: [offline_bag_feeder] frame=62 lidar stamp=6.101000
[INFO] [1775740364.767384, 6.101000]: [offline_bag_feeder] frame=63 lidar stamp=6.201000
[INFO] [1775740364.770126, 6.201000]: [offline_bag_feeder] frame=64 lidar stamp=6.301000
[INFO] [1775740364.773519, 6.301000]: [offline_bag_feeder] frame=65 lidar stamp=6.401000
[INFO] [1775740364.777191, 6.401000]: [offline_bag_feeder] frame=66 lidar stamp=6.501000
[INFO] [1775740364.781059, 6.501000]: [offline_bag_feeder] frame=67 lidar stamp=6.601000
[INFO] [1775740364.784700, 6.601000]: [offline_bag_feeder] frame=68 lidar stamp=6.701000
[INFO] [1775740364.787718, 6.701000]: [offline_bag_feeder] frame=69 lidar stamp=6.801000
[INFO] [1775740364.791485, 6.801000]: [offline_bag_feeder] frame=70 lidar stamp=6.901000
[INFO] [1775740364.794765, 6.901000]: [offline_bag_feeder] frame=71 lidar stamp=7.001000
[INFO] [1775740364.796278, 7.001000]: [offline_bag_feeder] frame=72 lidar stamp=7.101000
[INFO] [1775740364.797588, 7.101000]: [offline_bag_feeder] frame=73 lidar stamp=7.201000
[INFO] [1775740364.798849, 7.201000]: [offline_bag_feeder] frame=74 lidar stamp=7.301000
[INFO] [1775740364.800064, 7.301000]: [offline_bag_feeder] frame=75 lidar stamp=7.401000
[INFO] [1775740364.801291, 7.401000]: [offline_bag_feeder] frame=76 lidar stamp=7.501000
[INFO] [1775740364.802570, 7.501000]: [offline_bag_feeder] frame=77 lidar stamp=7.601000
[INFO] [1775740364.804492, 7.601000]: [offline_bag_feeder] frame=78 lidar stamp=7.701000
[INFO] [1775740364.805836, 7.701000]: [offline_bag_feeder] frame=79 lidar stamp=7.801000
[INFO] [1775740364.807362, 7.801000]: [offline_bag_feeder] frame=80 lidar stamp=7.901000
[INFO] [1775740364.810117, 7.901000]: [offline_bag_feeder] frame=81 lidar stamp=8.001000
[INFO] [1775740364.811597, 8.001000]: [offline_bag_feeder] frame=82 lidar stamp=8.101000
[INFO] [1775740364.813604, 8.101000]: [offline_bag_feeder] frame=83 lidar stamp=8.201000
[INFO] [1775740364.814903, 8.201000]: [offline_bag_feeder] frame=84 lidar stamp=8.301000
[INFO] [1775740364.816232, 8.301000]: [offline_bag_feeder] frame=85 lidar stamp=8.401000
[33m[WARN] [1775740364.981635088, 17.100999999]: No point, skip this scan!
[0m
[33m[WARN] [1775740364.991844297, 17.201000000]: No point, skip this scan!
[0m
[33m[WARN] [1775740364.997235719, 17.300999999]: No point, skip this scan!
[0m
[INFO] [1775740364.819323, 8.401000]: [offline_bag_feeder] frame=86 lidar stamp=8.501000
[INFO] [1775740364.822126, 8.501000]: [offline_bag_feeder] frame=87 lidar stamp=8.601000
[INFO] [1775740364.823752, 8.601000]: [offline_bag_feeder] frame=88 lidar stamp=8.701000
[INFO] [1775740364.826488, 8.701000]: [offline_bag_feeder] frame=89 lidar stamp=8.801000
[INFO] [1775740364.828012, 8.801000]: [offline_bag_feeder] frame=90 lidar stamp=8.901000
[INFO] [1775740364.829931, 8.901000]: [offline_bag_feeder] frame=91 lidar stamp=9.001000
[INFO] [1775740364.832500, 9.001000]: [offline_bag_feeder] frame=92 lidar stamp=9.101000
[INFO] [1775740364.835520, 9.101000]: [offline_bag_feeder] frame=93 lidar stamp=9.201000
[INFO] [1775740364.837452, 9.201000]: [offline_bag_feeder] frame=94 lidar stamp=9.301000
[INFO] [1775740364.839641, 9.301000]: [offline_bag_feeder] frame=95 lidar stamp=9.401000
[INFO] [1775740364.841063, 9.401000]: [offline_bag_feeder] frame=96 lidar stamp=9.501000
[INFO] [1775740364.842265, 9.501000]: [offline_bag_feeder] frame=97 lidar stamp=9.601000
[INFO] [1775740364.843451, 9.601000]: [offline_bag_feeder] frame=98 lidar stamp=9.701000
[INFO] [1775740364.845362, 9.701000]: [offline_bag_feeder] frame=99 lidar stamp=9.801000
[INFO] [1775740364.847101, 9.801000]: [offline_bag_feeder] frame=100 lidar stamp=9.901000
[INFO] [1775740364.848329, 9.901000]: [offline_bag_feeder] frame=101 lidar stamp=10.001000
[INFO] [1775740364.849481, 10.101000]: [offline_bag_feeder] frame=102 lidar stamp=10.101000
[INFO] [1775740364.850657, 10.101000]: [offline_bag_feeder] frame=103 lidar stamp=10.201000
[INFO] [1775740364.851850, 10.301000]: [offline_bag_feeder] frame=104 lidar stamp=10.301000
[INFO] [1775740364.853673, 10.301000]: [offline_bag_feeder] frame=105 lidar stamp=10.401000
[INFO] [1775740364.854918, 10.401000]: [offline_bag_feeder] frame=106 lidar stamp=10.501000
[INFO] [1775740364.856210, 10.501000]: [offline_bag_feeder] frame=107 lidar stamp=10.601000
[INFO] [1775740364.857399, 10.601000]: [offline_bag_feeder] frame=108 lidar stamp=10.701000
[INFO] [1775740364.858626, 10.701000]: [offline_bag_feeder] frame=109 lidar stamp=10.801000
[INFO] [1775740364.859915, 10.801000]: [offline_bag_feeder] frame=110 lidar stamp=10.901000
[INFO] [1775740364.861093, 10.901000]: [offline_bag_feeder] frame=111 lidar stamp=11.001000
[INFO] [1775740364.862275, 11.001000]: [offline_bag_feeder] frame=112 lidar stamp=11.101000
[INFO] [1775740364.863436, 11.101000]: [offline_bag_feeder] frame=113 lidar stamp=11.201000
[INFO] [1775740364.864672, 11.201000]: [offline_bag_feeder] frame=114 lidar stamp=11.301000
[INFO] [1775740364.867686, 11.301000]: [offline_bag_feeder] frame=115 lidar stamp=11.401000
[INFO] [1775740364.869096, 11.401000]: [offline_bag_feeder] frame=116 lidar stamp=11.501000
[INFO] [1775740364.870424, 11.601000]: [offline_bag_feeder] frame=117 lidar stamp=11.601000
[INFO] [1775740364.871657, 11.601000]: [offline_bag_feeder] frame=118 lidar stamp=11.701000
[INFO] [1775740364.872842, 11.701000]: [offline_bag_feeder] frame=119 lidar stamp=11.801000
[INFO] [1775740364.874054, 11.801000]: [offline_bag_feeder] frame=120 lidar stamp=11.901000
[INFO] [1775740364.875213, 11.901000]: [offline_bag_feeder] frame=121 lidar stamp=12.001000
[INFO] [1775740364.876359, 12.001000]: [offline_bag_feeder] frame=122 lidar stamp=12.101000
[INFO] [1775740364.877580, 12.101000]: [offline_bag_feeder] frame=123 lidar stamp=12.201000
[INFO] [1775740364.878714, 12.201000]: [offline_bag_feeder] frame=124 lidar stamp=12.301000
[INFO] [1775740364.879864, 12.301000]: [offline_bag_feeder] frame=125 lidar stamp=12.401000
[INFO] [1775740364.882527, 12.401000]: [offline_bag_feeder] frame=126 lidar stamp=12.501000
[INFO] [1775740364.884296, 12.501000]: [offline_bag_feeder] frame=127 lidar stamp=12.601000
[INFO] [1775740364.887717, 12.601000]: [offline_bag_feeder] frame=128 lidar stamp=12.701000
[INFO] [1775740364.889102, 12.701000]: [offline_bag_feeder] frame=129 lidar stamp=12.801000
[INFO] [1775740364.892170, 12.801000]: [offline_bag_feeder] frame=130 lidar stamp=12.901000
[INFO] [1775740364.893506, 12.901000]: [offline_bag_feeder] frame=131 lidar stamp=13.001000
[INFO] [1775740364.896576, 13.001000]: [offline_bag_feeder] frame=132 lidar stamp=13.101000
[INFO] [1775740364.898236, 13.101000]: [offline_bag_feeder] frame=133 lidar stamp=13.201000
[INFO] [1775740364.899724, 13.201000]: [offline_bag_feeder] frame=134 lidar stamp=13.301000
[INFO] [1775740364.900948, 13.301000]: [offline_bag_feeder] frame=135 lidar stamp=13.401000
[INFO] [1775740364.902060, 13.401000]: [offline_bag_feeder] frame=136 lidar stamp=13.501000
[INFO] [1775740364.903975, 13.501000]: [offline_bag_feeder] frame=137 lidar stamp=13.601000
[INFO] [1775740364.905178, 13.601000]: [offline_bag_feeder] frame=138 lidar stamp=13.701000
[INFO] [1775740364.906341, 13.701000]: [offline_bag_feeder] frame=139 lidar stamp=13.801000
[INFO] [1775740364.907501, 13.801000]: [offline_bag_feeder] frame=140 lidar stamp=13.901000
[INFO] [1775740364.908647, 13.901000]: [offline_bag_feeder] frame=141 lidar stamp=14.001000
[INFO] [1775740364.909736, 14.001000]: [offline_bag_feeder] frame=142 lidar stamp=14.101000
[INFO] [1775740364.910869, 14.101000]: [offline_bag_feeder] frame=143 lidar stamp=14.201000
[INFO] [1775740364.911906, 14.201000]: [offline_bag_feeder] frame=144 lidar stamp=14.301000
[INFO] [1775740364.912915, 14.301000]: [offline_bag_feeder] frame=145 lidar stamp=14.401000
[INFO] [1775740364.913976, 14.401000]: [offline_bag_feeder] frame=146 lidar stamp=14.501000
[INFO] [1775740364.915472, 14.501000]: [offline_bag_feeder] frame=147 lidar stamp=14.601000
[INFO] [1775740364.916676, 14.601000]: [offline_bag_feeder] frame=148 lidar stamp=14.701000
[INFO] [1775740364.917832, 14.701000]: [offline_bag_feeder] frame=149 lidar stamp=14.801000
[INFO] [1775740364.918966, 14.801000]: [offline_bag_feeder] frame=150 lidar stamp=14.901000
[INFO] [1775740364.920164, 14.901000]: [offline_bag_feeder] frame=151 lidar stamp=15.001000
[INFO] [1775740364.921249, 15.001000]: [offline_bag_feeder] frame=152 lidar stamp=15.101000
[INFO] [1775740364.922394, 15.101000]: [offline_bag_feeder] frame=153 lidar stamp=15.201000
[INFO] [1775740364.923410, 15.201000]: [offline_bag_feeder] frame=154 lidar stamp=15.301000
[INFO] [1775740364.924493, 15.301000]: [offline_bag_feeder] frame=155 lidar stamp=15.401000
[INFO] [1775740364.925592, 15.401000]: [offline_bag_feeder] frame=156 lidar stamp=15.501000
[INFO] [1775740364.926678, 15.501000]: [offline_bag_feeder] frame=157 lidar stamp=15.601000
[INFO] [1775740364.927965, 15.601000]: [offline_bag_feeder] frame=158 lidar stamp=15.701000
[INFO] [1775740364.929193, 15.701000]: [offline_bag_feeder] frame=159 lidar stamp=15.801000
[INFO] [1775740364.930400, 15.801000]: [offline_bag_feeder] frame=160 lidar stamp=15.901000
[INFO] [1775740364.931700, 15.901000]: [offline_bag_feeder] frame=161 lidar stamp=16.001000
[INFO] [1775740364.934575, 16.001000]: [offline_bag_feeder] frame=162 lidar stamp=16.101000
[INFO] [1775740364.938690, 16.201000]: [offline_bag_feeder] frame=163 lidar stamp=16.201000
[INFO] [1775740364.941028, 16.201000]: [offline_bag_feeder] frame=164 lidar stamp=16.301000
[INFO] [1775740364.946045, 16.301000]: [offline_bag_feeder] frame=165 lidar stamp=16.401000
[INFO] [1775740364.948787, 16.401000]: [offline_bag_feeder] frame=166 lidar stamp=16.501000
[INFO] [1775740364.953945, 16.501000]: [offline_bag_feeder] frame=167 lidar stamp=16.601000
[INFO] [1775740364.959878, 16.601000]: [offline_bag_feeder] frame=168 lidar stamp=16.701000
[INFO] [1775740364.966300, 16.701000]: [offline_bag_feeder] frame=169 lidar stamp=16.801000
[INFO] [1775740364.969840, 16.801000]: [offline_bag_feeder] frame=170 lidar stamp=16.901000
[INFO] [1775740364.975415, 16.901000]: [offline_bag_feeder] frame=171 lidar stamp=17.001000
[INFO] [1775740364.981250, 17.001000]: [offline_bag_feeder] frame=172 lidar stamp=17.101000
[INFO] [1775740364.986529, 17.101000]: [offline_bag_feeder] frame=173 lidar stamp=17.201000
[INFO] [1775740364.992403, 17.201000]: [offline_bag_feeder] frame=174 lidar stamp=17.301000
[33m[WARN] [1775740365.000224191, 17.400999998]: No point, skip this scan!
[0m
[33m[WARN] [1775740365.000249221, 17.400999998]: No point, skip this scan!
[0m
[33m[WARN] [1775740365.000260596, 17.400999998]: No point, skip this scan!
[0m
[33m[WARN] [1775740365.000264953, 17.400999998]: No point, skip this scan!
[0m
[33m[WARN] [1775740365.000269150, 17.400999998]: No point, skip this scan!
[0m
[33m[WARN] [1775740365.000273489, 17.400999998]: No point, skip this scan!
[0m
[33m[WARN] [1775740365.012696987, 17.600999999]: No point, skip this scan!
[0m
[INFO] [1775740364.998703, 17.301000]: [offline_bag_feeder] frame=175 lidar stamp=17.401000
[INFO] [1775740365.006987, 17.401000]: [offline_bag_feeder] frame=176 lidar stamp=17.501000
[INFO] [1775740365.012333, 17.501000]: [offline_bag_feeder] frame=177 lidar stamp=17.601000
[INFO] [1775740365.017392, 17.601000]: [offline_bag_feeder] frame=178 lidar stamp=17.701000
[INFO] [1775740365.021346, 17.701000]: [offline_bag_feeder] frame=179 lidar stamp=17.801000
[INFO] [1775740365.027986, 17.901000]: [offline_bag_feeder] frame=180 lidar stamp=17.901000
[INFO] [1775740365.031934, 17.901000]: [offline_bag_feeder] frame=181 lidar stamp=18.001000
[INFO] [1775740365.038646, 18.001000]: [offline_bag_feeder] frame=182 lidar stamp=18.101000
[INFO] [1775740365.047019, 18.201000]: [offline_bag_feeder] frame=183 lidar stamp=18.201000
[INFO] [1775740365.054062, 18.201000]: [offline_bag_feeder] frame=184 lidar stamp=18.301000
[INFO] [1775740365.060702, 18.301000]: [offline_bag_feeder] frame=185 lidar stamp=18.401000
[INFO] [1775740365.065069, 18.401000]: [offline_bag_feeder] frame=186 lidar stamp=18.501000
[INFO] [1775740365.070861, 18.501000]: [offline_bag_feeder] frame=187 lidar stamp=18.601000
[INFO] [1775740365.073865, 18.601000]: [offline_bag_feeder] frame=188 lidar stamp=18.701000
[INFO] [1775740365.078216, 18.701000]: [offline_bag_feeder] frame=189 lidar stamp=18.801000
[INFO] [1775740365.081413, 18.801000]: [offline_bag_feeder] frame=190 lidar stamp=18.901000
[INFO] [1775740365.087172, 18.901000]: [offline_bag_feeder] frame=191 lidar stamp=19.001000
[INFO] [1775740365.090895, 19.001000]: [offline_bag_feeder] frame=192 lidar stamp=19.101000
[INFO] [1775740365.098094, 19.101000]: [offline_bag_feeder] frame=193 lidar stamp=19.201000
[INFO] [1775740365.102150, 19.201000]: [offline_bag_feeder] frame=194 lidar stamp=19.301000
[INFO] [1775740365.109439, 19.301000]: [offline_bag_feeder] frame=195 lidar stamp=19.401000
[INFO] [1775740365.113580, 19.401000]: [offline_bag_feeder] frame=196 lidar stamp=19.501000
[INFO] [1775740365.120023, 19.501000]: [offline_bag_feeder] frame=197 lidar stamp=19.601000
[INFO] [1775740365.125114, 19.701000]: [offline_bag_feeder] frame=198 lidar stamp=19.701000
[INFO] [1775740365.127990, 19.701000]: [offline_bag_feeder] frame=199 lidar stamp=19.801000
[INFO] [1775740365.134790, 19.801000]: [offline_bag_feeder] frame=200 lidar stamp=19.901000
[INFO] [1775740365.138801, 19.901000]: [offline_bag_feeder] frame=201 lidar stamp=20.001000
[INFO] [1775740365.145614, 20.001000]: [offline_bag_feeder] frame=202 lidar stamp=20.101000
[INFO] [1775740365.149627, 20.101000]: [offline_bag_feeder] frame=203 lidar stamp=20.201000
[INFO] [1775740365.156203, 20.201000]: [offline_bag_feeder] frame=204 lidar stamp=20.301000
[INFO] [1775740365.159460, 20.301000]: [offline_bag_feeder] frame=205 lidar stamp=20.401000
[INFO] [1775740365.164119, 20.401000]: [offline_bag_feeder] frame=206 lidar stamp=20.501000
[INFO] [1775740365.166448, 20.501000]: [offline_bag_feeder] frame=207 lidar stamp=20.601000
[INFO] [1775740365.171310, 20.601000]: [offline_bag_feeder] frame=208 lidar stamp=20.701000
[INFO] [1775740365.173787, 20.701000]: [offline_bag_feeder] frame=209 lidar stamp=20.801000
[INFO] [1775740365.178951, 20.801000]: [offline_bag_feeder] frame=210 lidar stamp=20.901000
[INFO] [1775740365.185652, 20.901000]: [offline_bag_feeder] frame=211 lidar stamp=21.001000
[INFO] [1775740365.191995, 21.001000]: [offline_bag_feeder] frame=212 lidar stamp=21.101000
[INFO] [1775740365.198519, 21.101000]: [offline_bag_feeder] frame=213 lidar stamp=21.201000
[INFO] [1775740365.202778, 21.201000]: [offline_bag_feeder] frame=214 lidar stamp=21.301000
[INFO] [1775740365.208927, 21.401000]: [offline_bag_feeder] frame=215 lidar stamp=21.401000
[INFO] [1775740365.212518, 21.401000]: [offline_bag_feeder] frame=216 lidar stamp=21.501000
[INFO] [1775740365.216571, 21.501000]: [offline_bag_feeder] frame=217 lidar stamp=21.601000
[INFO] [1775740365.219625, 21.601000]: [offline_bag_feeder] frame=218 lidar stamp=21.701000
[INFO] [1775740365.225595, 21.801000]: [offline_bag_feeder] frame=219 lidar stamp=21.801000
[INFO] [1775740365.229307, 21.801000]: [offline_bag_feeder] frame=220 lidar stamp=21.901000
[INFO] [1775740365.235495, 22.001000]: [offline_bag_feeder] frame=221 lidar stamp=22.001000
[INFO] [1775740365.239904, 22.001000]: [offline_bag_feeder] frame=222 lidar stamp=22.101000
[INFO] [1775740365.245030, 22.101000]: [offline_bag_feeder] frame=223 lidar stamp=22.201000
[INFO] [1775740365.247771, 22.201000]: [offline_bag_feeder] frame=224 lidar stamp=22.301000
[INFO] [1775740365.251678, 22.301000]: [offline_bag_feeder] frame=225 lidar stamp=22.401000
[INFO] [1775740365.254207, 22.401000]: [offline_bag_feeder] frame=226 lidar stamp=22.501000
[INFO] [1775740365.258313, 22.501000]: [offline_bag_feeder] frame=227 lidar stamp=22.601000
[INFO] [1775740365.261566, 22.601000]: [offline_bag_feeder] frame=228 lidar stamp=22.701000
[INFO] [1775740365.264158, 22.701000]: [offline_bag_feeder] frame=229 lidar stamp=22.801000
[INFO] [1775740365.267352, 22.801000]: [offline_bag_feeder] frame=230 lidar stamp=22.901000
[INFO] [1775740365.269857, 22.901000]: [offline_bag_feeder] frame=231 lidar stamp=23.001000
[INFO] [1775740365.272681, 23.001000]: [offline_bag_feeder] frame=232 lidar stamp=23.101000
[INFO] [1775740365.275507, 23.101000]: [offline_bag_feeder] frame=233 lidar stamp=23.201000
[INFO] [1775740365.280242, 23.201000]: [offline_bag_feeder] frame=234 lidar stamp=23.301000
[INFO] [1775740365.282627, 23.301000]: [offline_bag_feeder] frame=235 lidar stamp=23.401000
[INFO] [1775740365.286295, 23.401000]: [offline_bag_feeder] frame=236 lidar stamp=23.501000
[INFO] [1775740365.289950, 23.501000]: [offline_bag_feeder] frame=237 lidar stamp=23.601000
[INFO] [1775740365.294747, 23.601000]: [offline_bag_feeder] frame=238 lidar stamp=23.701000
[INFO] [1775740365.299901, 23.701000]: [offline_bag_feeder] frame=239 lidar stamp=23.801000
[INFO] [1775740365.302952, 23.801000]: [offline_bag_feeder] frame=240 lidar stamp=23.901000
[INFO] [1775740365.308551, 23.901000]: [offline_bag_feeder] frame=241 lidar stamp=24.001000
[INFO] [1775740365.313428, 24.101000]: [offline_bag_feeder] frame=242 lidar stamp=24.101000
[INFO] [1775740365.317107, 24.101000]: [offline_bag_feeder] frame=243 lidar stamp=24.201000
[INFO] [1775740365.319791, 24.201000]: [offline_bag_feeder] frame=244 lidar stamp=24.301000
[INFO] [1775740365.323478, 24.301000]: [offline_bag_feeder] frame=245 lidar stamp=24.401000
[INFO] [1775740365.327003, 24.401000]: [offline_bag_feeder] frame=246 lidar stamp=24.501000
[INFO] [1775740365.331090, 24.501000]: [offline_bag_feeder] frame=247 lidar stamp=24.601000
[INFO] [1775740365.335142, 24.601000]: [offline_bag_feeder] frame=248 lidar stamp=24.701000
[INFO] [1775740365.338171, 24.701000]: [offline_bag_feeder] frame=249 lidar stamp=24.801000
[INFO] [1775740365.340923, 24.801000]: [offline_bag_feeder] frame=250 lidar stamp=24.901000
[INFO] [1775740365.343300, 24.901000]: [offline_bag_feeder] frame=251 lidar stamp=25.001000
[INFO] [1775740365.345856, 25.101000]: [offline_bag_feeder] frame=252 lidar stamp=25.101000
[INFO] [1775740365.348436, 25.101000]: [offline_bag_feeder] frame=253 lidar stamp=25.201000
[INFO] [1775740365.352325, 25.201000]: [offline_bag_feeder] frame=254 lidar stamp=25.301000
[INFO] [1775740365.355899, 25.301000]: [offline_bag_feeder] frame=255 lidar stamp=25.401000
[INFO] [1775740365.358716, 25.401000]: [offline_bag_feeder] frame=256 lidar stamp=25.501000
[INFO] [1775740365.364163, 25.501000]: [offline_bag_feeder] frame=257 lidar stamp=25.601000
[INFO] [1775740365.367277, 25.601000]: [offline_bag_feeder] frame=258 lidar stamp=25.701000
[INFO] [1775740365.373081, 25.801000]: [offline_bag_feeder] frame=259 lidar stamp=25.801000
[INFO] [1775740365.379264, 25.801000]: [offline_bag_feeder] frame=260 lidar stamp=25.901000
[INFO] [1775740365.383554, 25.901000]: [offline_bag_feeder] frame=261 lidar stamp=26.001000
[INFO] [1775740365.386130, 26.001000]: [offline_bag_feeder] frame=262 lidar stamp=26.101000
[INFO] [1775740365.390446, 26.101000]: [offline_bag_feeder] frame=263 lidar stamp=26.201000
[INFO] [1775740365.392866, 26.201000]: [offline_bag_feeder] frame=264 lidar stamp=26.301000
[INFO] [1775740365.397923, 26.301000]: [offline_bag_feeder] frame=265 lidar stamp=26.401000
[INFO] [1775740365.400643, 26.401000]: [offline_bag_feeder] frame=266 lidar stamp=26.501000
[INFO] [1775740365.405564, 26.501000]: [offline_bag_feeder] frame=267 lidar stamp=26.601000
[INFO] [1775740365.408311, 26.601000]: [offline_bag_feeder] frame=268 lidar stamp=26.701000
[INFO] [1775740365.413486, 26.701000]: [offline_bag_feeder] frame=269 lidar stamp=26.801000
[INFO] [1775740365.420099, 26.801000]: [offline_bag_feeder] frame=270 lidar stamp=26.901000
[INFO] [1775740365.426806, 26.901000]: [offline_bag_feeder] frame=271 lidar stamp=27.001000
[INFO] [1775740365.431420, 27.001000]: [offline_bag_feeder] frame=272 lidar stamp=27.101000
[INFO] [1775740365.433927, 27.101000]: [offline_bag_feeder] frame=273 lidar stamp=27.201000
[INFO] [1775740365.438036, 27.201000]: [offline_bag_feeder] frame=274 lidar stamp=27.301000
[INFO] [1775740365.441576, 27.301000]: [offline_bag_feeder] frame=275 lidar stamp=27.401000
[INFO] [1775740365.444313, 27.401000]: [offline_bag_feeder] frame=276 lidar stamp=27.501000
[INFO] [1775740365.449588, 27.501000]: [offline_bag_feeder] frame=277 lidar stamp=27.601000
[INFO] [1775740365.452240, 27.601000]: [offline_bag_feeder] frame=278 lidar stamp=27.701000
[INFO] [1775740365.456405, 27.701000]: [offline_bag_feeder] frame=279 lidar stamp=27.801000
[INFO] [1775740365.459192, 27.801000]: [offline_bag_feeder] frame=280 lidar stamp=27.901000
[INFO] [1775740365.464236, 27.901000]: [offline_bag_feeder] frame=281 lidar stamp=28.001000
[INFO] [1775740365.467148, 28.001000]: [offline_bag_feeder] frame=282 lidar stamp=28.101000
[INFO] [1775740365.471832, 28.101000]: [offline_bag_feeder] frame=283 lidar stamp=28.201000
[INFO] [1775740365.474246, 28.201000]: [offline_bag_feeder] frame=284 lidar stamp=28.301000
[INFO] [1775740365.480394, 28.301000]: [offline_bag_feeder] frame=285 lidar stamp=28.401000
[INFO] [1775740365.484489, 28.401000]: [offline_bag_feeder] frame=286 lidar stamp=28.501000
[INFO] [1775740365.489892, 28.501000]: [offline_bag_feeder] frame=287 lidar stamp=28.601000
[INFO] [1775740365.492643, 28.601000]: [offline_bag_feeder] frame=288 lidar stamp=28.701000
[INFO] [1775740365.497861, 28.701000]: [offline_bag_feeder] frame=289 lidar stamp=28.801000
[INFO] [1775740365.500955, 28.801000]: [offline_bag_feeder] frame=290 lidar stamp=28.901000
[INFO] [1775740365.504846, 28.901000]: [offline_bag_feeder] frame=291 lidar stamp=29.001000
[INFO] [1775740365.509194, 29.101000]: [offline_bag_feeder] frame=292 lidar stamp=29.101000
[INFO] [1775740365.515173, 29.101000]: [offline_bag_feeder] frame=293 lidar stamp=29.201000
[INFO] [1775740365.520082, 29.201000]: [offline_bag_feeder] frame=294 lidar stamp=29.301000
[INFO] [1775740365.523520, 29.301000]: [offline_bag_feeder] frame=295 lidar stamp=29.401000
[INFO] [1775740365.526322, 29.401000]: [offline_bag_feeder] frame=296 lidar stamp=29.501000
[INFO] [1775740365.529952, 29.501000]: [offline_bag_feeder] frame=297 lidar stamp=29.601000
[INFO] [1775740365.532513, 29.601000]: [offline_bag_feeder] frame=298 lidar stamp=29.701000
[INFO] [1775740365.534868, 29.701000]: [offline_bag_feeder] frame=299 lidar stamp=29.801000
[INFO] [1775740365.537268, 29.801000]: [offline_bag_feeder] frame=300 lidar stamp=29.901000
[INFO] [1775740365.539690, 29.901000]: [offline_bag_feeder] frame=301 lidar stamp=30.001000
[INFO] [1775740365.542037, 30.001000]: [offline_bag_feeder] frame=302 lidar stamp=30.101000
[INFO] [1775740365.544385, 30.101000]: [offline_bag_feeder] frame=303 lidar stamp=30.201000
[INFO] [1775740365.547969, 30.201000]: [offline_bag_feeder] frame=304 lidar stamp=30.301000
[INFO] [1775740365.551206, 30.301000]: [offline_bag_feeder] frame=305 lidar stamp=30.401000
[INFO] [1775740365.553784, 30.401000]: [offline_bag_feeder] frame=306 lidar stamp=30.501000
[INFO] [1775740365.556802, 30.501000]: [offline_bag_feeder] frame=307 lidar stamp=30.601000
[INFO] [1775740365.559321, 30.601000]: [offline_bag_feeder] frame=308 lidar stamp=30.701000
[INFO] [1775740365.561588, 30.701000]: [offline_bag_feeder] frame=309 lidar stamp=30.801000
[INFO] [1775740365.563822, 30.801000]: [offline_bag_feeder] frame=310 lidar stamp=30.901000
[INFO] [1775740365.566327, 30.901000]: [offline_bag_feeder] frame=311 lidar stamp=31.001000
[INFO] [1775740365.568785, 31.101000]: [offline_bag_feeder] frame=312 lidar stamp=31.101000
[INFO] [1775740365.571178, 31.101000]: [offline_bag_feeder] frame=313 lidar stamp=31.201000
[INFO] [1775740365.573417, 31.201000]: [offline_bag_feeder] frame=314 lidar stamp=31.301000
[INFO] [1775740365.575859, 31.301000]: [offline_bag_feeder] frame=315 lidar stamp=31.401000
[INFO] [1775740365.578100, 31.401000]: [offline_bag_feeder] frame=316 lidar stamp=31.501000
[INFO] [1775740365.580356, 31.501000]: [offline_bag_feeder] frame=317 lidar stamp=31.601000
[INFO] [1775740365.582519, 31.601000]: [offline_bag_feeder] frame=318 lidar stamp=31.701000
[INFO] [1775740365.584625, 31.801000]: [offline_bag_feeder] frame=319 lidar stamp=31.801000
[INFO] [1775740365.586545, 31.801000]: [offline_bag_feeder] frame=320 lidar stamp=31.901000
[INFO] [1775740365.588744, 31.901000]: [offline_bag_feeder] frame=321 lidar stamp=32.001000
[INFO] [1775740365.590785, 32.001000]: [offline_bag_feeder] frame=322 lidar stamp=32.101000
[INFO] [1775740365.593615, 32.101000]: [offline_bag_feeder] frame=323 lidar stamp=32.201000
[INFO] [1775740365.595932, 32.301000]: [offline_bag_feeder] frame=324 lidar stamp=32.301000
[INFO] [1775740365.598918, 32.301000]: [offline_bag_feeder] frame=325 lidar stamp=32.401000
[INFO] [1775740365.602033, 32.501000]: [offline_bag_feeder] frame=326 lidar stamp=32.501000
[INFO] [1775740365.605258, 32.601000]: [offline_bag_feeder] frame=327 lidar stamp=32.601000
[INFO] [1775740365.608439, 32.601000]: [offline_bag_feeder] frame=328 lidar stamp=32.701000
[INFO] [1775740365.611358, 32.701000]: [offline_bag_feeder] frame=329 lidar stamp=32.801000
[INFO] [1775740365.615488, 32.801000]: [offline_bag_feeder] frame=330 lidar stamp=32.901000
[INFO] [1775740365.617760, 32.901000]: [offline_bag_feeder] frame=331 lidar stamp=33.001000
[INFO] [1775740365.622372, 33.001000]: [offline_bag_feeder] frame=332 lidar stamp=33.101000
[INFO] [1775740365.624995, 33.101000]: [offline_bag_feeder] frame=333 lidar stamp=33.201000
[INFO] [1775740365.629471, 33.201000]: [offline_bag_feeder] frame=334 lidar stamp=33.301000
[INFO] [1775740365.631911, 33.301000]: [offline_bag_feeder] frame=335 lidar stamp=33.401000
[INFO] [1775740365.636536, 33.401000]: [offline_bag_feeder] frame=336 lidar stamp=33.501000
[INFO] [1775740365.638855, 33.501000]: [offline_bag_feeder] frame=337 lidar stamp=33.601000
[INFO] [1775740365.643640, 33.601000]: [offline_bag_feeder] frame=338 lidar stamp=33.701000
[INFO] [1775740365.646818, 33.801000]: [offline_bag_feeder] frame=339 lidar stamp=33.801000
[INFO] [1775740365.651777, 33.801000]: [offline_bag_feeder] frame=340 lidar stamp=33.901000
[INFO] [1775740365.654265, 33.901000]: [offline_bag_feeder] frame=341 lidar stamp=34.001000
[INFO] [1775740365.658294, 34.001000]: [offline_bag_feeder] frame=342 lidar stamp=34.101000
[INFO] [1775740365.660594, 34.101000]: [offline_bag_feeder] frame=343 lidar stamp=34.201000
[INFO] [1775740365.663751, 34.301000]: [offline_bag_feeder] frame=344 lidar stamp=34.301000
[INFO] [1775740365.665937, 34.301000]: [offline_bag_feeder] frame=345 lidar stamp=34.401000
[INFO] [1775740365.670774, 34.401000]: [offline_bag_feeder] frame=346 lidar stamp=34.501000
[INFO] [1775740365.673412, 34.501000]: [offline_bag_feeder] frame=347 lidar stamp=34.601000
[INFO] [1775740365.678417, 34.601000]: [offline_bag_feeder] frame=348 lidar stamp=34.701000
[INFO] [1775740365.680925, 34.701000]: [offline_bag_feeder] frame=349 lidar stamp=34.801000
[INFO] [1775740365.685114, 34.801000]: [offline_bag_feeder] frame=350 lidar stamp=34.901000
[INFO] [1775740365.687549, 34.901000]: [offline_bag_feeder] frame=351 lidar stamp=35.001000
[INFO] [1775740365.691625, 35.001000]: [offline_bag_feeder] frame=352 lidar stamp=35.101000
[INFO] [1775740365.694013, 35.101000]: [offline_bag_feeder] frame=353 lidar stamp=35.201000
[INFO] [1775740365.696576, 35.201000]: [offline_bag_feeder] frame=354 lidar stamp=35.301000
[INFO] [1775740365.698910, 35.401000]: [offline_bag_feeder] frame=355 lidar stamp=35.401000
[INFO] [1775740365.702447, 35.401000]: [offline_bag_feeder] frame=356 lidar stamp=35.501000
[INFO] [1775740365.704826, 35.601000]: [offline_bag_feeder] frame=357 lidar stamp=35.601000
[INFO] [1775740365.707016, 35.601000]: [offline_bag_feeder] frame=358 lidar stamp=35.701000
[INFO] [1775740365.709159, 35.701000]: [offline_bag_feeder] frame=359 lidar stamp=35.801000
[INFO] [1775740365.711246, 35.801000]: [offline_bag_feeder] frame=360 lidar stamp=35.901000
[INFO] [1775740365.713471, 35.901000]: [offline_bag_feeder] frame=361 lidar stamp=36.001000
[INFO] [1775740365.715779, 36.001000]: [offline_bag_feeder] frame=362 lidar stamp=36.101000
[INFO] [1775740365.718156, 36.201000]: [offline_bag_feeder] frame=363 lidar stamp=36.201000
[INFO] [1775740365.722288, 36.201000]: [offline_bag_feeder] frame=364 lidar stamp=36.301000
[INFO] [1775740365.724724, 36.301000]: [offline_bag_feeder] frame=365 lidar stamp=36.401000
[INFO] [1775740365.728105, 36.401000]: [offline_bag_feeder] frame=366 lidar stamp=36.501000
[INFO] [1775740365.731277, 36.501000]: [offline_bag_feeder] frame=367 lidar stamp=36.601000
[INFO] [1775740365.733446, 36.701000]: [offline_bag_feeder] frame=368 lidar stamp=36.701000
[INFO] [1775740365.735733, 36.801000]: [offline_bag_feeder] frame=369 lidar stamp=36.801000
[INFO] [1775740365.738550, 36.801000]: [offline_bag_feeder] frame=370 lidar stamp=36.901000
[INFO] [1775740365.740664, 36.901000]: [offline_bag_feeder] frame=371 lidar stamp=37.001000
[INFO] [1775740365.744967, 37.101000]: [offline_bag_feeder] frame=372 lidar stamp=37.101000
[INFO] [1775740365.747144, 37.101000]: [offline_bag_feeder] frame=373 lidar stamp=37.201000
[INFO] [1775740365.751713, 37.201000]: [offline_bag_feeder] frame=374 lidar stamp=37.301000
[INFO] [1775740365.753991, 37.301000]: [offline_bag_feeder] frame=375 lidar stamp=37.401000
[INFO] [1775740365.757607, 37.401000]: [offline_bag_feeder] frame=376 lidar stamp=37.501000
[INFO] [1775740365.759837, 37.501000]: [offline_bag_feeder] frame=377 lidar stamp=37.601000
[INFO] [1775740365.761872, 37.601000]: [offline_bag_feeder] frame=378 lidar stamp=37.701000
[INFO] [1775740365.764873, 37.801000]: [offline_bag_feeder] frame=379 lidar stamp=37.801000
[INFO] [1775740365.767137, 37.801000]: [offline_bag_feeder] frame=380 lidar stamp=37.901000
[INFO] [1775740365.769349, 37.901000]: [offline_bag_feeder] frame=381 lidar stamp=38.001000
[INFO] [1775740365.772993, 38.001000]: [offline_bag_feeder] frame=382 lidar stamp=38.101000
[INFO] [1775740365.776820, 38.101000]: [offline_bag_feeder] frame=383 lidar stamp=38.201000
[INFO] [1775740365.779810, 38.201000]: [offline_bag_feeder] frame=384 lidar stamp=38.301000
[INFO] [1775740365.784693, 38.301000]: [offline_bag_feeder] frame=385 lidar stamp=38.401000
[INFO] [1775740365.787219, 38.401000]: [offline_bag_feeder] frame=386 lidar stamp=38.501000
[INFO] [1775740365.791832, 38.501000]: [offline_bag_feeder] frame=387 lidar stamp=38.601000
[INFO] [1775740365.794258, 38.601000]: [offline_bag_feeder] frame=388 lidar stamp=38.701000
[INFO] [1775740365.799399, 38.701000]: [offline_bag_feeder] frame=389 lidar stamp=38.801000
[INFO] [1775740365.801750, 38.801000]: [offline_bag_feeder] frame=390 lidar stamp=38.901000
[INFO] [1775740365.806515, 38.901000]: [offline_bag_feeder] frame=391 lidar stamp=39.001000
[INFO] [1775740365.808949, 39.101000]: [offline_bag_feeder] frame=392 lidar stamp=39.101000
[INFO] [1775740365.813095, 39.101000]: [offline_bag_feeder] frame=393 lidar stamp=39.201000
[INFO] [1775740365.815743, 39.201000]: [offline_bag_feeder] frame=394 lidar stamp=39.301000
[INFO] [1775740365.818322, 39.301000]: [offline_bag_feeder] frame=395 lidar stamp=39.401000
[INFO] [1775740365.820767, 39.401000]: [offline_bag_feeder] frame=396 lidar stamp=39.501000
[INFO] [1775740365.823196, 39.601000]: [offline_bag_feeder] frame=397 lidar stamp=39.601000
[INFO] [1775740365.825737, 39.601000]: [offline_bag_feeder] frame=398 lidar stamp=39.701000
[INFO] [1775740365.828115, 39.701000]: [offline_bag_feeder] frame=399 lidar stamp=39.801000
[INFO] [1775740365.830482, 39.801000]: [offline_bag_feeder] frame=400 lidar stamp=39.901000
[INFO] [1775740365.832697, 39.901000]: [offline_bag_feeder] frame=401 lidar stamp=40.001000
[INFO] [1775740365.834995, 40.001000]: [offline_bag_feeder] frame=402 lidar stamp=40.101000
[INFO] [1775740365.837135, 40.101000]: [offline_bag_feeder] frame=403 lidar stamp=40.201000
[INFO] [1775740365.839090, 40.201000]: [offline_bag_feeder] frame=404 lidar stamp=40.301000
[INFO] [1775740365.841106, 40.301000]: [offline_bag_feeder] frame=405 lidar stamp=40.401000
[INFO] [1775740365.843235, 40.401000]: [offline_bag_feeder] frame=406 lidar stamp=40.501000
[INFO] [1775740365.845719, 40.501000]: [offline_bag_feeder] frame=407 lidar stamp=40.601000
[INFO] [1775740365.848819, 40.601000]: [offline_bag_feeder] frame=408 lidar stamp=40.701000
[INFO] [1775740365.851167, 40.701000]: [offline_bag_feeder] frame=409 lidar stamp=40.801000
[INFO] [1775740365.855326, 40.801000]: [offline_bag_feeder] frame=410 lidar stamp=40.901000
[INFO] [1775740365.859099, 40.901000]: [offline_bag_feeder] frame=411 lidar stamp=41.001000
[INFO] [1775740365.863732, 41.001000]: [offline_bag_feeder] frame=412 lidar stamp=41.101000
[INFO] [1775740365.866066, 41.101000]: [offline_bag_feeder] frame=413 lidar stamp=41.201000
[INFO] [1775740365.870455, 41.201000]: [offline_bag_feeder] frame=414 lidar stamp=41.301000
[INFO] [1775740365.872511, 41.301000]: [offline_bag_feeder] frame=415 lidar stamp=41.401000
[INFO] [1775740365.877207, 41.401000]: [offline_bag_feeder] frame=416 lidar stamp=41.501000
[INFO] [1775740365.879510, 41.501000]: [offline_bag_feeder] frame=417 lidar stamp=41.601000
[INFO] [1775740365.884138, 41.601000]: [offline_bag_feeder] frame=418 lidar stamp=41.701000
[INFO] [1775740365.887535, 41.701000]: [offline_bag_feeder] frame=419 lidar stamp=41.801000
[INFO] [1775740365.892311, 41.801000]: [offline_bag_feeder] frame=420 lidar stamp=41.901000
[INFO] [1775740365.895075, 41.901000]: [offline_bag_feeder] frame=421 lidar stamp=42.001000
[INFO] [1775740365.899838, 42.001000]: [offline_bag_feeder] frame=422 lidar stamp=42.101000
[INFO] [1775740365.903210, 42.101000]: [offline_bag_feeder] frame=423 lidar stamp=42.201000
[INFO] [1775740365.907446, 42.201000]: [offline_bag_feeder] frame=424 lidar stamp=42.301000
[INFO] [1775740365.910263, 42.301000]: [offline_bag_feeder] frame=425 lidar stamp=42.401000
[INFO] [1775740365.915342, 42.401000]: [offline_bag_feeder] frame=426 lidar stamp=42.501000
[INFO] [1775740365.918414, 42.501000]: [offline_bag_feeder] frame=427 lidar stamp=42.601000
[INFO] [1775740365.925961, 42.601000]: [offline_bag_feeder] frame=428 lidar stamp=42.701000
[INFO] [1775740365.930502, 42.701000]: [offline_bag_feeder] frame=429 lidar stamp=42.801000
[INFO] [1775740365.936937, 42.801000]: [offline_bag_feeder] frame=430 lidar stamp=42.901000
[INFO] [1775740365.941483, 42.901000]: [offline_bag_feeder] frame=431 lidar stamp=43.001000
[INFO] [1775740365.946973, 43.001000]: [offline_bag_feeder] frame=432 lidar stamp=43.101000
[INFO] [1775740365.950345, 43.101000]: [offline_bag_feeder] frame=433 lidar stamp=43.201000
[INFO] [1775740365.958202, 43.201000]: [offline_bag_feeder] frame=434 lidar stamp=43.301000
[INFO] [1775740365.961570, 43.301000]: [offline_bag_feeder] frame=435 lidar stamp=43.401000
[INFO] [1775740365.968008, 43.401000]: [offline_bag_feeder] frame=436 lidar stamp=43.501000
[INFO] [1775740365.971862, 43.501000]: [offline_bag_feeder] frame=437 lidar stamp=43.601000
[INFO] [1775740365.979814, 43.601000]: [offline_bag_feeder] frame=438 lidar stamp=43.701000
[INFO] [1775740365.984098, 43.701000]: [offline_bag_feeder] frame=439 lidar stamp=43.801000
[INFO] [1775740365.991117, 43.801000]: [offline_bag_feeder] frame=440 lidar stamp=43.901000
[INFO] [1775740365.995703, 44.001000]: [offline_bag_feeder] frame=441 lidar stamp=44.001000
[INFO] [1775740366.001127, 44.001000]: [offline_bag_feeder] frame=442 lidar stamp=44.101000
[INFO] [1775740366.005631, 44.101000]: [offline_bag_feeder] frame=443 lidar stamp=44.201000
[INFO] [1775740366.012532, 44.201000]: [offline_bag_feeder] frame=444 lidar stamp=44.301000
[INFO] [1775740366.016428, 44.301000]: [offline_bag_feeder] frame=445 lidar stamp=44.401000
[INFO] [1775740366.023741, 44.401000]: [offline_bag_feeder] frame=446 lidar stamp=44.501000
[INFO] [1775740366.028048, 44.501000]: [offline_bag_feeder] frame=447 lidar stamp=44.601000
[INFO] [1775740366.035549, 44.601000]: [offline_bag_feeder] frame=448 lidar stamp=44.701000
[INFO] [1775740366.038578, 44.701000]: [offline_bag_feeder] frame=449 lidar stamp=44.801000
[INFO] [1775740366.045227, 44.901000]: [offline_bag_feeder] frame=450 lidar stamp=44.901000
[INFO] [1775740366.049530, 44.901000]: [offline_bag_feeder] frame=451 lidar stamp=45.001000
[INFO] [1775740366.057289, 45.001000]: [offline_bag_feeder] frame=452 lidar stamp=45.101000
[INFO] [1775740366.061553, 45.101000]: [offline_bag_feeder] frame=453 lidar stamp=45.201000
[INFO] [1775740366.067888, 45.201000]: [offline_bag_feeder] frame=454 lidar stamp=45.301000
[INFO] [1775740366.072686, 45.301000]: [offline_bag_feeder] frame=455 lidar stamp=45.401000
[INFO] [1775740366.078739, 45.501000]: [offline_bag_feeder] frame=456 lidar stamp=45.501000
[INFO] [1775740366.083153, 45.501000]: [offline_bag_feeder] frame=457 lidar stamp=45.601000
[INFO] [1775740366.090490, 45.701000]: [offline_bag_feeder] frame=458 lidar stamp=45.701000
[INFO] [1775740366.095609, 45.701000]: [offline_bag_feeder] frame=459 lidar stamp=45.801000
[INFO] [1775740366.103771, 45.801000]: [offline_bag_feeder] frame=460 lidar stamp=45.901000
[INFO] [1775740366.108779, 45.901000]: [offline_bag_feeder] frame=461 lidar stamp=46.001000
[INFO] [1775740366.116283, 46.101000]: [offline_bag_feeder] frame=462 lidar stamp=46.101000
[INFO] [1775740366.120957, 46.101000]: [offline_bag_feeder] frame=463 lidar stamp=46.201000
[INFO] [1775740366.127581, 46.201000]: [offline_bag_feeder] frame=464 lidar stamp=46.301000
[INFO] [1775740366.130660, 46.301000]: [offline_bag_feeder] frame=465 lidar stamp=46.401000
[INFO] [1775740366.136551, 46.401000]: [offline_bag_feeder] frame=466 lidar stamp=46.501000
[INFO] [1775740366.139883, 46.501000]: [offline_bag_feeder] frame=467 lidar stamp=46.601000
[INFO] [1775740366.146532, 46.601000]: [offline_bag_feeder] frame=468 lidar stamp=46.701000
[INFO] [1775740366.149431, 46.801000]: [offline_bag_feeder] frame=469 lidar stamp=46.801000
[INFO] [1775740366.154651, 46.801000]: [offline_bag_feeder] frame=470 lidar stamp=46.901000
[INFO] [1775740366.157976, 46.901000]: [offline_bag_feeder] frame=471 lidar stamp=47.001000
[INFO] [1775740366.163772, 47.001000]: [offline_bag_feeder] frame=472 lidar stamp=47.101000
[INFO] [1775740366.167540, 47.201000]: [offline_bag_feeder] frame=473 lidar stamp=47.201000
[INFO] [1775740366.170816, 47.201000]: [offline_bag_feeder] frame=474 lidar stamp=47.301000
[INFO] [1775740366.174433, 47.301000]: [offline_bag_feeder] frame=475 lidar stamp=47.401000
[INFO] [1775740366.179604, 47.401000]: [offline_bag_feeder] frame=476 lidar stamp=47.501000
[INFO] [1775740366.182837, 47.501000]: [offline_bag_feeder] frame=477 lidar stamp=47.601000
[INFO] [1775740366.185823, 47.601000]: [offline_bag_feeder] frame=478 lidar stamp=47.701000
[INFO] [1775740366.190179, 47.701000]: [offline_bag_feeder] frame=479 lidar stamp=47.801000
[INFO] [1775740366.192719, 47.801000]: [offline_bag_feeder] frame=480 lidar stamp=47.901000
[INFO] [1775740366.197720, 47.901000]: [offline_bag_feeder] frame=481 lidar stamp=48.001000
[INFO] [1775740366.202374, 48.001000]: [offline_bag_feeder] frame=482 lidar stamp=48.101000
[INFO] [1775740366.205301, 48.101000]: [offline_bag_feeder] frame=483 lidar stamp=48.201000
[INFO] [1775740366.212585, 48.201000]: [offline_bag_feeder] frame=484 lidar stamp=48.301000
[INFO] [1775740366.217281, 48.401000]: [offline_bag_feeder] frame=485 lidar stamp=48.401000
[INFO] [1775740366.223226, 48.401000]: [offline_bag_feeder] frame=486 lidar stamp=48.501000
[INFO] [1775740366.226375, 48.501000]: [offline_bag_feeder] frame=487 lidar stamp=48.601000
[INFO] [1775740366.232694, 48.601000]: [offline_bag_feeder] frame=488 lidar stamp=48.701000
[INFO] [1775740366.236749, 48.701000]: [offline_bag_feeder] frame=489 lidar stamp=48.801000
[INFO] [1775740366.239938, 48.801000]: [offline_bag_feeder] frame=490 lidar stamp=48.901000
[INFO] [1775740366.244087, 48.901000]: [offline_bag_feeder] frame=491 lidar stamp=49.001000
[INFO] [1775740366.246368, 49.001000]: [offline_bag_feeder] frame=492 lidar stamp=49.101000
[INFO] [1775740366.250320, 49.101000]: [offline_bag_feeder] frame=493 lidar stamp=49.201000
[INFO] [1775740366.252537, 49.201000]: [offline_bag_feeder] frame=494 lidar stamp=49.301000
[INFO] [1775740366.257018, 49.301000]: [offline_bag_feeder] frame=495 lidar stamp=49.401000
[INFO] [1775740366.261539, 49.401000]: [offline_bag_feeder] frame=496 lidar stamp=49.501000
[INFO] [1775740366.264139, 49.501000]: [offline_bag_feeder] frame=497 lidar stamp=49.601000
[INFO] [1775740366.269585, 49.601000]: [offline_bag_feeder] frame=498 lidar stamp=49.701000
[INFO] [1775740366.272296, 49.701000]: [offline_bag_feeder] frame=499 lidar stamp=49.801000
[INFO] [1775740366.276498, 49.801000]: [offline_bag_feeder] frame=500 lidar stamp=49.901000
[INFO] [1775740366.278791, 49.901000]: [offline_bag_feeder] frame=501 lidar stamp=50.001000
[INFO] [1775740366.283414, 50.101000]: [offline_bag_feeder] frame=502 lidar stamp=50.101000
[INFO] [1775740366.285893, 50.101000]: [offline_bag_feeder] frame=503 lidar stamp=50.201000
[INFO] [1775740366.291000, 50.301000]: [offline_bag_feeder] frame=504 lidar stamp=50.301000
[INFO] [1775740366.293722, 50.301000]: [offline_bag_feeder] frame=505 lidar stamp=50.401000
[INFO] [1775740366.297797, 50.401000]: [offline_bag_feeder] frame=506 lidar stamp=50.501000
[INFO] [1775740366.300289, 50.601000]: [offline_bag_feeder] frame=507 lidar stamp=50.601000
[INFO] [1775740366.304965, 50.601000]: [offline_bag_feeder] frame=508 lidar stamp=50.701000
[INFO] [1775740366.307161, 50.701000]: [offline_bag_feeder] frame=509 lidar stamp=50.801000
[INFO] [1775740366.312012, 50.901000]: [offline_bag_feeder] frame=510 lidar stamp=50.901000
[INFO] [1775740366.315743, 50.901000]: [offline_bag_feeder] frame=511 lidar stamp=51.001000
[INFO] [1775740366.322006, 51.001000]: [offline_bag_feeder] frame=512 lidar stamp=51.101000
[INFO] [1775740366.325553, 51.101000]: [offline_bag_feeder] frame=513 lidar stamp=51.201000
[INFO] [1775740366.329662, 51.201000]: [offline_bag_feeder] frame=514 lidar stamp=51.301000
[INFO] [1775740366.332023, 51.301000]: [offline_bag_feeder] frame=515 lidar stamp=51.401000
[INFO] [1775740366.334334, 51.401000]: [offline_bag_feeder] frame=516 lidar stamp=51.501000
[INFO] [1775740366.336450, 51.501000]: [offline_bag_feeder] frame=517 lidar stamp=51.601000
[INFO] [1775740366.340202, 51.601000]: [offline_bag_feeder] frame=518 lidar stamp=51.701000
[INFO] [1775740366.342339, 51.701000]: [offline_bag_feeder] frame=519 lidar stamp=51.801000
[INFO] [1775740366.345350, 51.801000]: [offline_bag_feeder] frame=520 lidar stamp=51.901000
[INFO] [1775740366.347496, 51.901000]: [offline_bag_feeder] frame=521 lidar stamp=52.001000
[INFO] [1775740366.352101, 52.001000]: [offline_bag_feeder] frame=522 lidar stamp=52.101000
[INFO] [1775740366.354517, 52.101000]: [offline_bag_feeder] frame=523 lidar stamp=52.201000
[INFO] [1775740366.358771, 52.201000]: [offline_bag_feeder] frame=524 lidar stamp=52.301000
[INFO] [1775740366.363676, 52.401000]: [offline_bag_feeder] frame=525 lidar stamp=52.401000
[INFO] [1775740366.368347, 52.401000]: [offline_bag_feeder] frame=526 lidar stamp=52.501000
[INFO] [1775740366.373425, 52.501000]: [offline_bag_feeder] frame=527 lidar stamp=52.601000
[INFO] [1775740366.377705, 52.601000]: [offline_bag_feeder] frame=528 lidar stamp=52.701000
[INFO] [1775740366.382503, 52.701000]: [offline_bag_feeder] frame=529 lidar stamp=52.801000
[INFO] [1775740366.386181, 52.901000]: [offline_bag_feeder] frame=530 lidar stamp=52.901000
[0m[INFO] [1775740365.012631432, 17.600999999]: IMU Initial Done[0m
[ mapping ]: time: IMU + Map + Input Downsample: 0.004108 ave match: 0.007415 ave solve: 0.001294  ave ICP: 0.009297  map incre: 0.003462 ave total: 0.016867 icp: 0.008758 construct H: 0.000348 
[ mapping ]: time: IMU + Map + Input Downsample: 0.004068 ave match: 0.008376 ave solve: 0.001309  ave ICP: 0.010773  map incre: 0.003009 ave total: 0.017359 icp: 0.009738 construct H: 0.000355 
[ mapping ]: time: IMU + Map + Input Downsample: 0.004029 ave match: 0.008157 ave solve: 0.001292  ave ICP: 0.009069  map incre: 0.003509 ave total: 0.017108 icp: 0.009499 construct H: 0.000350 
[ mapping ]: time: IMU + Map + Input Downsample: 0.003973 ave match: 0.008062 ave solve: 0.001290  ave ICP: 0.009183  map incre: 0.003121 ave total: 0.016900 icp: 0.009404 construct H: 0.000347 
[ mapping ]: time: IMU + Map + Input Downsample: 0.003964 ave match: 0.008024 ave solve: 0.001275  ave ICP: 0.009196  map incre: 0.002758 ave total: 0.016704 icp: 0.009350 construct H: 0.000343 
[ mapping ]: time: IMU + Map + Input Downsample: 0.004089 ave match: 0.008009 ave solve: 0.001271  ave ICP: 0.009289  map incre: 0.002624 ave total: 0.016587 icp: 0.009331 construct H: 0.000341 
[ mapping ]: time: IMU + Map + Input Downsample: 0.004124 ave match: 0.008012 ave solve: 0.001264  ave ICP: 0.009391  map incre: 0.002658 ave total: 0.016528 icp: 0.009328 construct H: 0.000339 
[ mapping ]: time: IMU + Map + Input Downsample: 0.004042 ave match: 0.008022 ave solve: 0.001254  ave ICP: 0.009382  map incre: 0.002635 ave total: 0.016469 icp: 0.009328 construct H: 0.000336 
[ mapping ]: time: IMU + Map + Input Downsample: 0.004053 ave match: 0.008028 ave solve: 0.001248  ave ICP: 0.009389  map incre: 0.002647 ave total: 0.016427 icp: 0.009329 construct H: 0.000334 
[ mapping ]: time: IMU + Map + Input Downsample: 0.003997 ave match: 0.008093 ave solve: 0.001243  ave ICP: 0.009998  map incre: 0.002947 ave total: 0.016478 icp: 0.009391 construct H: 0.000331 
[ mapping ]: time: IMU + Map + Input Downsample: 0.004112 ave match: 0.008095 ave solve: 0.001234  ave ICP: 0.009360  map incre: 0.002725 ave total: 0.016453 icp: 0.009383 construct H: 0.000329 
[ mapping ]: time: IMU + Map + Input Downsample: 0.004048 ave match: 0.008096 ave solve: 0.001224  ave ICP: 0.009343  map incre: 0.003086 ave total: 0.016455 icp: 0.009375 construct H: 0.000326 
[ mapping ]: time: IMU + Map + Input Downsample: 0.004018 ave match: 0.008089 ave solve: 0.001215  ave ICP: 0.009220  map incre: 0.002227 ave total: 0.016379 icp: 0.009358 construct H: 0.000324 
[ mapping ]: time: IMU + Map + Input Downsample: 0.004012 ave match: 0.008118 ave solve: 0.001206  ave ICP: 0.009695  map incre: 0.002459 ave total: 0.016363 icp: 0.009378 construct H: 0.000321 
[ mapping ]: time: IMU + Map + Input Downsample: 0.004022 ave match: 0.008139 ave solve: 0.001193  ave ICP: 0.009544  map incre: 0.002350 ave total: 0.016334 icp: 0.009384 construct H: 0.000318 
[ mapping ]: time: IMU + Map + Input Downsample: 0.004088 ave match: 0.008135 ave solve: 0.001185  ave ICP: 0.009250  map incre: 0.002509 ave total: 0.016303 icp: 0.009372 construct H: 0.000315 
[ mapping ]: time: IMU + Map + Input Downsample: 0.004076 ave match: 0.008158 ave solve: 0.001178  ave ICP: 0.009703  map incre: 0.002584 ave total: 0.016307 icp: 0.009388 construct H: 0.000313 
[ mapping ]: time: IMU + Map + Input Downsample: 0.003969 ave match: 0.008167 ave solve: 0.001170  ave ICP: 0.009487  map incre: 0.002364 ave total: 0.016280 icp: 0.009390 construct H: 0.000311 
[ mapping ]: time: IMU + Map + Input Downsample: 0.004041 ave match: 0.008169 ave solve: 0.001163  ave ICP: 0.009322  map incre: 0.002438 ave total: 0.016254 icp: 0.009383 construct H: 0.000308 
[ mapping ]: time: IMU + Map + Input Downsample: 0.003942 ave match: 0.008164 ave solve: 0.001153  ave ICP: 0.009129  map incre: 0.002590 ave total: 0.016225 icp: 0.009368 construct H: 0.000306 
[ mapping ]: time: IMU + Map + Input Downsample: 0.003980 ave match: 0.008187 ave solve: 0.001146  ave ICP: 0.009746  map incr[INFO] [1775740366.389127, 53.001000]: [offline_bag_feeder] frame=531 lidar stamp=53.001000
[INFO] [1775740366.394457, 53.001000]: [offline_bag_feeder] frame=532 lidar stamp=53.101000
[INFO] [1775740366.397209, 53.101000]: [offline_bag_feeder] frame=533 lidar stamp=53.201000
[INFO] [1775740366.404500, 53.201000]: [offline_bag_feeder] frame=534 lidar stamp=53.301000
[INFO] [1775740366.408338, 53.401000]: [offline_bag_feeder] frame=535 lidar stamp=53.401000
[INFO] [1775740366.415093, 53.401000]: [offline_bag_feeder] frame=536 lidar stamp=53.501000
[INFO] [1775740366.418917, 53.501000]: [offline_bag_feeder] frame=537 lidar stamp=53.601000
[INFO] [1775740366.423584, 53.601000]: [offline_bag_feeder] frame=538 lidar stamp=53.701000
[INFO] [1775740366.426031, 53.801000]: [offline_bag_feeder] frame=539 lidar stamp=53.801000
[INFO] [1775740366.429801, 53.801000]: [offline_bag_feeder] frame=540 lidar stamp=53.901000
[INFO] [1775740366.432360, 53.901000]: [offline_bag_feeder] frame=541 lidar stamp=54.001000
[INFO] [1775740366.436456, 54.001000]: [offline_bag_feeder] frame=542 lidar stamp=54.101000
[INFO] [1775740366.439952, 54.201000]: [offline_bag_feeder] frame=543 lidar stamp=54.201000
[INFO] [1775740366.443685, 54.201000]: [offline_bag_feeder] frame=544 lidar stamp=54.301000
[INFO] [1775740366.446923, 54.301000]: [offline_bag_feeder] frame=545 lidar stamp=54.401000
[INFO] [1775740366.449381, 54.401000]: [offline_bag_feeder] frame=546 lidar stamp=54.501000
[INFO] [1775740366.454426, 54.501000]: [offline_bag_feeder] frame=547 lidar stamp=54.601000
[INFO] [1775740366.457913, 54.601000]: [offline_bag_feeder] frame=548 lidar stamp=54.701000
[INFO] [1775740366.461631, 54.701000]: [offline_bag_feeder] frame=549 lidar stamp=54.801000
[INFO] [1775740366.464448, 54.801000]: [offline_bag_feeder] frame=550 lidar stamp=54.901000
[INFO] [1775740366.466834, 54.901000]: [offline_bag_feeder] frame=551 lidar stamp=55.001000
[INFO] [1775740366.469253, 55.001000]: [offline_bag_feeder] frame=552 lidar stamp=55.101000
[INFO] [1775740366.471769, 55.201000]: [offline_bag_feeder] frame=553 lidar stamp=55.201000
[INFO] [1775740366.473898, 55.201000]: [offline_bag_feeder] frame=554 lidar stamp=55.301000
[INFO] [1775740366.476369, 55.301000]: [offline_bag_feeder] frame=555 lidar stamp=55.401000
[INFO] [1775740366.478821, 55.401000]: [offline_bag_feeder] frame=556 lidar stamp=55.501000
[INFO] [1775740366.481287, 55.501000]: [offline_bag_feeder] frame=557 lidar stamp=55.601000
[INFO] [1775740366.483926, 55.601000]: [offline_bag_feeder] frame=558 lidar stamp=55.701000
[INFO] [1775740366.486523, 55.701000]: [offline_bag_feeder] frame=559 lidar stamp=55.801000
[INFO] [1775740366.489452, 55.801000]: [offline_bag_feeder] frame=560 lidar stamp=55.901000
[INFO] [1775740366.492193, 55.901000]: [offline_bag_feeder] frame=561 lidar stamp=56.001000
[INFO] [1775740366.494838, 56.001000]: [offline_bag_feeder] frame=562 lidar stamp=56.101000
[INFO] [1775740366.498145, 56.101000]: [offline_bag_feeder] frame=563 lidar stamp=56.201000
[INFO] [1775740366.500714, 56.201000]: [offline_bag_feeder] frame=564 lidar stamp=56.301000
[INFO] [1775740366.505497, 56.301000]: [offline_bag_feeder] frame=565 lidar stamp=56.401000
[INFO] [1775740366.507968, 56.401000]: [offline_bag_feeder] frame=566 lidar stamp=56.501000
[INFO] [1775740366.512619, 56.501000]: [offline_bag_feeder] frame=567 lidar stamp=56.601000
[INFO] [1775740366.514993, 56.601000]: [offline_bag_feeder] frame=568 lidar stamp=56.701000
[INFO] [1775740366.519285, 56.801000]: [offline_bag_feeder] frame=569 lidar stamp=56.801000
[INFO] [1775740366.521934, 56.901000]: [offline_bag_feeder] frame=570 lidar stamp=56.901000
[INFO] [1775740366.524589, 56.901000]: [offline_bag_feeder] frame=571 lidar stamp=57.001000
[INFO] [1775740366.526996, 57.001000]: [offline_bag_feeder] frame=572 lidar stamp=57.101000
[INFO] [1775740366.530268, 57.101000]: [offline_bag_feeder] frame=573 lidar stamp=57.201000
[INFO] [1775740366.532781, 57.201000]: [offline_bag_feeder] frame=574 lidar stamp=57.301000
[INFO] [1775740366.537673, 57.301000]: [offline_bag_feeder] frame=575 lidar stamp=57.401000
[INFO] [1775740366.540163, 57.401000]: [offline_bag_feeder] frame=576 lidar stamp=57.501000
[INFO] [1775740366.544806, 57.501000]: [offline_bag_feeder] frame=577 lidar stamp=57.601000
[INFO] [1775740366.547446, 57.601000]: [offline_bag_feeder] frame=578 lidar stamp=57.701000
[INFO] [1775740366.552156, 57.701000]: [offline_bag_feeder] frame=579 lidar stamp=57.801000
[INFO] [1775740366.554520, 57.801000]: [offline_bag_feeder] frame=580 lidar stamp=57.901000
[INFO] [1775740366.556766, 58.001000]: [offline_bag_feeder] frame=581 lidar stamp=58.001000
[INFO] [1775740366.560555, 58.001000]: [offline_bag_feeder] frame=582 lidar stamp=58.101000
[INFO] [1775740366.562882, 58.101000]: [offline_bag_feeder] frame=583 lidar stamp=58.201000
[INFO] [1775740366.567080, 58.201000]: [offline_bag_feeder] frame=584 lidar stamp=58.301000
[INFO] [1775740366.569601, 58.301000]: [offline_bag_feeder] frame=585 lidar stamp=58.401000
[INFO] [1775740366.572054, 58.401000]: [offline_bag_feeder] frame=586 lidar stamp=58.501000
[INFO] [1775740366.574646, 58.501000]: [offline_bag_feeder] frame=587 lidar stamp=58.601000
[INFO] [1775740366.577044, 58.601000]: [offline_bag_feeder] frame=588 lidar stamp=58.701000
[INFO] [1775740366.579561, 58.701000]: [offline_bag_feeder] frame=589 lidar stamp=58.801000
[INFO] [1775740366.582053, 58.801000]: [offline_bag_feeder] frame=590 lidar stamp=58.901000
[INFO] [1775740366.584419, 58.901000]: [offline_bag_feeder] frame=591 lidar stamp=59.001000
[INFO] [1775740366.586695, 59.001000]: [offline_bag_feeder] frame=592 lidar stamp=59.101000
[INFO] [1775740366.588974, 59.101000]: [offline_bag_feeder] frame=593 lidar stamp=59.201000
[INFO] [1775740366.592789, 59.201000]: [offline_bag_feeder] frame=594 lidar stamp=59.301000
[INFO] [1775740366.596028, 59.301000]: [offline_bag_feeder] frame=595 lidar stamp=59.401000
[INFO] [1775740366.598238, 59.401000]: [offline_bag_feeder] frame=596 lidar stamp=59.501000
[INFO] [1775740366.600704, 59.501000]: [offline_bag_feeder] frame=597 lidar stamp=59.601000
[INFO] [1775740366.604040, 59.601000]: [offline_bag_feeder] frame=598 lidar stamp=59.701000
[INFO] [1775740366.606332, 59.701000]: [offline_bag_feeder] frame=599 lidar stamp=59.801000
[INFO] [1775740366.609574, 59.801000]: [offline_bag_feeder] frame=600 lidar stamp=59.901000
[INFO] [1775740366.614029, 59.901000]: [offline_bag_feeder] frame=601 lidar stamp=60.001000
[INFO] [1775740366.619028, 60.001000]: [offline_bag_feeder] frame=602 lidar stamp=60.101000
[INFO] [1775740366.622165, 60.101000]: [offline_bag_feeder] frame=603 lidar stamp=60.201000
[INFO] [1775740366.625678, 60.201000]: [offline_bag_feeder] frame=604 lidar stamp=60.301000
[INFO] [1775740366.630299, 60.301000]: [offline_bag_feeder] frame=605 lidar stamp=60.401000
[INFO] [1775740366.634374, 60.401000]: [offline_bag_feeder] frame=606 lidar stamp=60.501000
[INFO] [1775740366.640023, 60.501000]: [offline_bag_feeder] frame=607 lidar stamp=60.601000
[INFO] [1775740366.643445, 60.601000]: [offline_bag_feeder] frame=608 lidar stamp=60.701000
[INFO] [1775740366.648021, 60.701000]: [offline_bag_feeder] frame=609 lidar stamp=60.801000
[INFO] [1775740366.650644, 60.801000]: [offline_bag_feeder] frame=610 lidar stamp=60.901000
[INFO] [1775740366.653130, 60.901000]: [offline_bag_feeder] frame=611 lidar stamp=61.001000
[INFO] [1775740366.656353, 61.001000]: [offline_bag_feeder] frame=612 lidar stamp=61.101000
[INFO] [1775740366.659460, 61.101000]: [offline_bag_feeder] frame=613 lidar stamp=61.201000
[INFO] [1775740366.662071, 61.201000]: [offline_bag_feeder] frame=614 lidar stamp=61.301000
[INFO] [1775740366.665454, 61.401000]: [offline_bag_feeder] frame=615 lidar stamp=61.401000
[INFO] [1775740366.667772, 61.401000]: [offline_bag_feeder] frame=616 lidar stamp=61.501000
[INFO] [1775740366.670047, 61.601000]: [offline_bag_feeder] frame=617 lidar stamp=61.601000
[INFO] [1775740366.673894, 61.601000]: [offline_bag_feeder] frame=618 lidar stamp=61.701000
[INFO] [1775740366.676504, 61.701000]: [offline_bag_feeder] frame=619 lidar stamp=61.801000
[INFO] [1775740366.681763, 61.801000]: [offline_bag_feeder] frame=620 lidar stamp=61.901000
[INFO] [1775740366.684512, 61.901000]: [offline_bag_feeder] frame=621 lidar stamp=62.001000
[INFO] [1775740366.689568, 62.001000]: [offline_bag_feeder] frame=622 lidar stamp=62.101000
[INFO] [1775740366.692206, 62.101000]: [offline_bag_feeder] frame=623 lidar stamp=62.201000
[INFO] [1775740366.696955, 62.201000]: [offline_bag_feeder] frame=624 lidar stamp=62.301000
[INFO] [1775740366.699326, 62.301000]: [offline_bag_feeder] frame=625 lidar stamp=62.401000
[INFO] [1775740366.704122, 62.401000]: [offline_bag_feeder] frame=626 lidar stamp=62.501000
[INFO] [1775740366.706691, 62.501000]: [offline_bag_feeder] frame=627 lidar stamp=62.601000
[INFO] [1775740366.711561, 62.601000]: [offline_bag_feeder] frame=628 lidar stamp=62.701000
[INFO] [1775740366.713964, 62.701000]: [offline_bag_feeder] frame=629 lidar stamp=62.801000
[INFO] [1775740366.717795, 62.801000]: [offline_bag_feeder] frame=630 lidar stamp=62.901000
[INFO] [1775740366.720111, 63.001000]: [offline_bag_feeder] frame=631 lidar stamp=63.001000
[INFO] [1775740366.724656, 63.001000]: [offline_bag_feeder] frame=632 lidar stamp=63.101000
[INFO] [1775740366.726859, 63.101000]: [offline_bag_feeder] frame=633 lidar stamp=63.201000
[INFO] [1775740366.731684, 63.201000]: [offline_bag_feeder] frame=634 lidar stamp=63.301000
[INFO] [1775740366.734481, 63.301000]: [offline_bag_feeder] frame=635 lidar stamp=63.401000
[INFO] [1775740366.739394, 63.401000]: [offline_bag_feeder] frame=636 lidar stamp=63.501000
[INFO] [1775740366.742629, 63.501000]: [offline_bag_feeder] frame=637 lidar stamp=63.601000
[INFO] [1775740366.746856, 63.601000]: [offline_bag_feeder] frame=638 lidar stamp=63.701000
[INFO] [1775740366.749296, 63.701000]: [offline_bag_feeder] frame=639 lidar stamp=63.801000
[INFO] [1775740366.753155, 63.801000]: [offline_bag_feeder] frame=640 lidar stamp=63.901000
[INFO] [1775740366.757289, 63.901000]: [offline_bag_feeder] frame=641 lidar stamp=64.001000
[INFO] [1775740366.759725, 64.001000]: [offline_bag_feeder] frame=642 lidar stamp=64.101000
[INFO] [1775740366.764527, 64.101000]: [offline_bag_feeder] frame=643 lidar stamp=64.201000
[INFO] [1775740366.767003, 64.301000]: [offline_bag_feeder] frame=644 lidar stamp=64.301000
[INFO] [1775740366.771668, 64.301000]: [offline_bag_feeder] frame=645 lidar stamp=64.401000
[INFO] [1775740366.774373, 64.401000]: [offline_bag_feeder] frame=646 lidar stamp=64.501000
[INFO] [1775740366.779386, 64.501000]: [offline_bag_feeder] frame=647 lidar stamp=64.601000
[INFO] [1775740366.781749, 64.601000]: [offline_bag_feeder] frame=648 lidar stamp=64.701000
[INFO] [1775740366.786397, 64.701000]: [offline_bag_feeder] frame=649 lidar stamp=64.801000
[INFO] [1775740366.788906, 64.801000]: [offline_bag_feeder] frame=650 lidar stamp=64.901000
[INFO] [1775740366.793589, 64.901000]: [offline_bag_feeder] frame=651 lidar stamp=65.001000
[INFO] [1775740366.796243, 65.001000]: [offline_bag_feeder] frame=652 lidar stamp=65.101000
[INFO] [1775740366.801026, 65.201000]: [offline_bag_feeder] frame=653 lidar stamp=65.201000
[INFO] [1775740366.807908, 65.201000]: [offline_bag_feeder] frame=654 lidar stamp=65.301000
[INFO] [1775740366.814160, 65.301000]: [offline_bag_feeder] frame=655 lidar stamp=65.401000
[INFO] [1775740366.818559, 65.401000]: [offline_bag_feeder] frame=656 lidar stamp=65.501000
[INFO] [1775740366.823624, 65.501000]: [offline_bag_feeder] frame=657 lidar stamp=65.601000
[INFO] [1775740366.829047, 65.601000]: [offline_bag_feeder] frame=658 lidar stamp=65.701000
[INFO] [1775740366.834364, 65.701000]: [offline_bag_feeder] frame=659 lidar stamp=65.801000
[INFO] [1775740366.840865, 65.801000]: [offline_bag_feeder] frame=660 lidar stamp=65.901000
[INFO] [1775740366.847175, 65.901000]: [offline_bag_feeder] frame=661 lidar stamp=66.001000
[INFO] [1775740366.851494, 66.001000]: [offline_bag_feeder] frame=662 lidar stamp=66.101000
[INFO] [1775740366.856590, 66.101000]: [offline_bag_feeder] frame=663 lidar stamp=66.201000
[INFO] [1775740366.861987, 66.301000]: [offline_bag_feeder] frame=664 lidar stamp=66.301000
[INFO] [1775740366.867031, 66.301000]: [offline_bag_feeder] frame=665 lidar stamp=66.401000
[INFO] [1775740366.876438, 66.401000]: [offline_bag_feeder] frame=666 lidar stamp=66.501000
[INFO] [1775740366.883784, 66.501000]: [offline_bag_feeder] frame=667 lidar stamp=66.601000
[INFO] [1775740366.889643, 66.601000]: [offline_bag_feeder] frame=668 lidar stamp=66.701000
[INFO] [1775740366.893451, 66.701000]: [offline_bag_feeder] frame=669 lidar stamp=66.801000
[INFO] [1775740366.896008, 66.801000]: [offline_bag_feeder] frame=670 lidar stamp=66.901000
[INFO] [1775740366.901574, 66.901000]: [offline_bag_feeder] frame=671 lidar stamp=67.001000
[INFO] [1775740366.904444, 67.001000]: [offline_bag_feeder] frame=672 lidar stamp=67.101000
[INFO] [1775740366.909221, 67.101000]: [offline_bag_feeder] frame=673 lidar stamp=67.201000
[INFO] [1775740366.915511, 67.201000]: [offline_bag_feeder] frame=674 lidar stamp=67.301000
[INFO] [1775740366.921220, 67.301000]: [offline_bag_feeder] frame=675 lidar stamp=67.401000
[INFO] [1775740366.924843, 67.401000]: [offline_bag_feeder] frame=676 lidar stamp=67.501000
[INFO] [1775740366.929930, 67.501000]: [offline_bag_feeder] frame=677 lidar stamp=67.601000
[INFO] [1775740366.935900, 67.601000]: [offline_bag_feeder] frame=678 lidar stamp=67.701000
[INFO] [1775740366.941683, 67.701000]: [offline_bag_feeder] frame=679 lidar stamp=67.801000
[INFO] [1775740366.946480, 67.801000]: [offline_bag_feeder] frame=680 lidar stamp=67.901000
[INFO] [1775740366.951091, 67.901000]: [offline_bag_feeder] frame=681 lidar stamp=68.001000
[INFO] [1775740366.956278, 68.001000]: [offline_bag_feeder] frame=682 lidar stamp=68.101000
[INFO] [1775740366.962581, 68.101000]: [offline_bag_feeder] frame=683 lidar stamp=68.201000
[INFO] [1775740366.968227, 68.201000]: [offline_bag_feeder] frame=684 lidar stamp=68.301000
[INFO] [1775740366.972013, 68.301000]: [offline_bag_feeder] frame=685 lidar stamp=68.401000
[INFO] [1775740366.976529, 68.401000]: [offline_bag_feeder] frame=686 lidar stamp=68.501000
[INFO] [1775740366.980539, 68.501000]: [offline_bag_feeder] frame=687 lidar stamp=68.601000
[INFO] [1775740366.982936, 68.601000]: [offline_bag_feeder] frame=688 lidar stamp=68.701000
[INFO] [1775740366.987159, 68.701000]: [offline_bag_feeder] frame=689 lidar stamp=68.801000
[INFO] [1775740366.990376, 68.801000]: [offline_bag_feeder] frame=690 lidar stamp=68.901000
[INFO] [1775740366.992877, 69.001000]: [offline_bag_feeder] frame=691 lidar stamp=69.001000
[INFO] [1775740366.996521, 69.001000]: [offline_bag_feeder] frame=692 lidar stamp=69.101000
[INFO] [1775740366.999200, 69.101000]: [offline_bag_feeder] frame=693 lidar stamp=69.201000
[INFO] [1775740367.004003, 69.201000]: [offline_bag_feeder] frame=694 lidar stamp=69.301000
[INFO] [1775740367.006433, 69.301000]: [offline_bag_feeder] frame=695 lidar stamp=69.401000
[INFO] [1775740367.010665, 69.401000]: [offline_bag_feeder] frame=696 lidar stamp=69.501000
[INFO] [1775740367.013131, 69.501000]: [offline_bag_feeder] frame=697 lidar stamp=69.601000
[INFO] [1775740367.017310, 69.601000]: [offline_bag_feeder] frame=698 lidar stamp=69.701000
[INFO] [1775740367.019758, 69.701000]: [offline_bag_feeder] frame=699 lidar stamp=69.801000
[INFO] [1775740367.023613, 69.801000]: [offline_bag_feeder] frame=700 lidar stamp=69.901000
[INFO] [1775740367.029614, 70.001000]: [offline_bag_feeder] frame=701 lidar stamp=70.001000
[INFO] [1775740367.032417, 70.101000]: [offline_bag_feeder] frame=702 lidar stamp=70.101000
[INFO] [1775740367.039193, 70.101000]: [offline_bag_feeder] frame=703 lidar stamp=70.201000
[INFO] [1775740367.043003, 70.201000]: [offline_bag_feeder] frame=704 lidar stamp=70.301000
[INFO] [1775740367.048304, 70.301000]: [offline_bag_feeder] frame=705 lidar stamp=70.401000
[INFO] [1775740367.053467, 70.401000]: [offline_bag_feeder] frame=706 lidar stamp=70.501000
[INFO] [1775740367.056659, 70.501000]: [offline_bag_feeder] frame=707 lidar stamp=70.601000
[INFO] [1775740367.061221, 70.601000]: [offline_bag_feeder] frame=708 lidar stamp=70.701000
[INFO] [1775740367.065485, 70.701000]: [offline_bag_feeder] frame=709 lidar stamp=70.801000
[INFO] [1775740367.067959, 70.801000]: [offline_bag_feeder] frame=710 lidar stamp=70.901000
[INFO] [1775740367.072291, 70.901000]: [offline_bag_feeder] frame=711 lidar stamp=71.001000
[INFO] [1775740367.075112, 71.001000]: [offline_bag_feeder] frame=712 lidar stamp=71.101000
[INFO] [1775740367.079215, 71.101000]: [offline_bag_feeder] frame=713 lidar stamp=71.201000
[INFO] [1775740367.083515, 71.201000]: [offline_bag_feeder] frame=714 lidar stamp=71.301000
[INFO] [1775740367.090043, 71.401000]: [offline_bag_feeder] frame=715 lidar stamp=71.401000
[INFO] [1775740367.092733, 71.401000]: [offline_bag_feeder] frame=716 lidar stamp=71.501000
[INFO] [1775740367.097088, 71.501000]: [offline_bag_feeder] frame=717 lidar stamp=71.601000
[INFO] [1775740367.099791, 71.601000]: [offline_bag_feeder] frame=718 lidar stamp=71.701000
[INFO] [1775740367.104568, 71.701000]: [offline_bag_feeder] frame=719 lidar stamp=71.801000
[INFO] [1775740367.107178, 71.901000]: [offline_bag_feeder] frame=720 lidar stamp=71.901000
[INFO] [1775740367.111979, 71.901000]: [offline_bag_feeder] frame=721 lidar stamp=72.001000
[INFO] [1775740367.114546, 72.001000]: [offline_bag_feeder] frame=722 lidar stamp=72.101000
[INFO] [1775740367.119422, 72.101000]: [offline_bag_feeder] frame=723 lidar stamp=72.201000
[INFO] [1775740367.121793, 72.201000]: [offline_bag_feeder] frame=724 lidar stamp=72.301000
[INFO] [1775740367.126473, 72.301000]: [offline_bag_feeder] frame=725 lidar stamp=72.401000
[INFO] [1775740367.129555, 72.401000]: [offline_bag_feeder] frame=726 lidar stamp=72.501000
[INFO] [1775740367.134439, 72.501000]: [offline_bag_feeder] frame=727 lidar stamp=72.601000
[INFO] [1775740367.138313, 72.701000]: [offline_bag_feeder] frame=728 lidar stamp=72.701000
[INFO] [1775740367.144394, 72.701000]: [offline_bag_feeder] frame=729 lidar stamp=72.801000
[INFO] [1775740367.150251, 72.801000]: [offline_bag_feeder] frame=730 lidar stamp=72.901000
[INFO] [1775740367.156782, 72.901000]: [offline_bag_feeder] frame=731 lidar stamp=73.001000
[INFO] [1775740367.161184, 73.101000]: [offline_bag_feeder] frame=732 lidar stamp=73.101000
[INFO] [1775740367.165750, 73.101000]: [offline_bag_feeder] frame=733 lidar stamp=73.201000
[INFO] [1775740367.168417, 73.201000]: [offline_bag_feeder] frame=734 lidar stamp=73.301000
[INFO] [1775740367.174894, 73.301000]: [offline_bag_feeder] frame=735 lidar stamp=73.401000
[INFO] [1775740367.177746, 73.401000]: [offline_bag_feeder] frame=736 lidar stamp=73.501000
[INFO] [1775740367.181904, 73.501000]: [offline_bag_feeder] frame=737 lidar stamp=73.601000
[INFO] [1775740367.185248, 73.601000]: [offline_bag_feeder] frame=738 lidar stamp=73.701000
[INFO] [1775740367.190618, 73.701000]: [offline_bag_feeder] frame=739 lidar stamp=73.801000
[INFO] [1775740367.193501, 73.801000]: [offline_bag_feeder] frame=740 lidar stamp=73.901000
[INFO] [1775740367.198655, 73.901000]: [offline_bag_feeder] frame=741 lidar stamp=74.001000
[INFO] [1775740367.201241, 74.001000]: [offline_bag_feeder] frame=742 lidar stamp=74.101000
[INFO] [1775740367.206288, 74.101000]: [offline_bag_feeder] frame=743 lidar stamp=74.201000
[INFO] [1775740367.208745, 74.201000]: [offline_bag_feeder] frame=744 lidar stamp=74.301000
[INFO] [1775740367.213800, 74.401000]: [offline_bag_feeder] frame=745 lidar stamp=74.401000
[INFO] [1775740367.216387, 74.401000]: [offline_bag_feeder] frame=746 lidar stamp=74.501000
[INFO] [1775740367.221522, 74.501000]: [offline_bag_feeder] frame=747 lidar stamp=74.601000
[INFO] [1775740367.224308, 74.701000]: [offline_bag_feeder] frame=748 lidar stamp=74.701000
[INFO] [1775740367.228320, 74.701000]: [offline_bag_feeder] frame=749 lidar stamp=74.801000
[INFO] [1775740367.230826, 74.801000]: [offline_bag_feeder] frame=750 lidar stamp=74.901000
[INFO] [1775740367.235030, 74.901000]: [offline_bag_feeder] frame=751 lidar stamp=75.001000
[INFO] [1775740367.237466, 75.001000]: [offline_bag_feeder] frame=752 lidar stamp=75.101000
[INFO] [1775740367.241299, 75.101000]: [offline_bag_feeder] frame=753 lidar stamp=75.201000
[INFO] [1775740367.243597, 75.201000]: [offline_bag_feeder] frame=754 lidar stamp=75.301000
[INFO] [1775740367.247617, 75.301000]: [offline_bag_feeder] frame=755 lidar stamp=75.401000
[INFO] [1775740367.249964, 75.401000]: [offline_bag_feeder] frame=756 lidar stamp=75.501000
[INFO] [1775740367.255045, 75.501000]: [offline_bag_feeder] frame=757 lidar stamp=75.601000
[INFO] [1775740367.257530, 75.601000]: [offline_bag_feeder] frame=758 lidar stamp=75.701000
[INFO] [1775740367.262576, 75.701000]: [offline_bag_feeder] frame=759 lidar stamp=75.801000
[INFO] [1775740367.265159, 75.801000]: [offline_bag_feeder] frame=760 lidar stamp=75.901000
[INFO] [1775740367.269238, 75.901000]: [offline_bag_feeder] frame=761 lidar stamp=76.001000
[INFO] [1775740367.271706, 76.101000]: [offline_bag_feeder] frame=762 lidar stamp=76.101000
[INFO] [1775740367.276636, 76.101000]: [offline_bag_feeder] frame=763 lidar stamp=76.201000
[INFO] [1775740367.279138, 76.201000]: [offline_bag_feeder] frame=764 lidar stamp=76.301000
[INFO] [1775740367.284423, 76.301000]: [offline_bag_feeder] frame=765 lidar stamp=76.401000
[INFO] [1775740367.287179, 76.401000]: [offline_bag_feeder] frame=766 lidar stamp=76.501000
[INFO] [1775740367.291294, 76.501000]: [offline_bag_feeder] frame=767 lidar stamp=76.601000
[INFO] [1775740367.293741, 76.601000]: [offline_bag_feeder] frame=768 lidar stamp=76.701000
[INFO] [1775740367.297637, 76.701000]: [offline_bag_feeder] frame=769 lidar stamp=76.801000
[INFO] [1775740367.300073, 76.801000]: [offline_bag_feeder] frame=770 lidar stamp=76.901000
[INFO] [1775740367.302506, 76.901000]: [offline_bag_feeder] frame=771 lidar stamp=77.001000
[INFO] [1775740367.304817, 77.001000]: [offline_bag_feeder] frame=772 lidar stamp=77.101000
[INFO] [1775740367.307233, 77.101000]: [offline_bag_feeder] frame=773 lidar stamp=77.201000
[INFO] [1775740367.309568, 77.201000]: [offline_bag_feeder] frame=774 lidar stamp=77.301000
[INFO] [1775740367.311895, 77.301000]: [offline_bag_feeder] frame=775 lidar stamp=77.401000
[INFO] [1775740367.314493, 77.401000]: [offline_bag_feeder] frame=776 lidar stamp=77.501000
[INFO] [1775740367.317266, 77.501000]: [offline_bag_feeder] frame=777 lidar stamp=77.601000
[INFO] [1775740367.320042, 77.601000]: [offline_bag_feeder] frame=778 lidar stamp=77.701000
[INFO] [1775740367.323311, 77.701000]: [offline_bag_feeder] frame=779 lidar stamp=77.801000
[INFO] [1775740367.326699, 77.801000]: [offline_bag_feeder] frame=780 lidar stamp=77.901000
[INFO] [1775740367.329407, 78.001000]: [offline_bag_feeder] frame=781 lidar stamp=78.001000
[INFO] [1775740367.334457, 78.001000]: [offline_bag_feeder] frame=782 lidar stamp=78.101000
[INFO] [1775740367.336948, 78.101000]: [offline_bag_feeder] frame=783 lidar stamp=78.201000
[INFO] [1775740367.340912, 78.201000]: [offline_bag_feeder] frame=784 lidar stamp=78.301000
[INFO] [1775740367.343238, 78.301000]: [offline_bag_feeder] frame=785 lidar stamp=78.401000
[INFO] [1775740367.347217, 78.401000]: [offline_bag_feeder] frame=786 lidar stamp=78.501000
[INFO] [1775740367.349858, 78.501000]: [offline_bag_feeder] frame=787 lidar stamp=78.601000
[INFO] [1775740367.352492, 78.601000]: [offline_bag_feeder] frame=788 lidar stamp=78.701000
[INFO] [1775740367.354818, 78.701000]: [offline_bag_feeder] frame=789 lidar stamp=78.801000
[INFO] [1775740367.357106, 78.801000]: [offline_bag_feeder] frame=790 lidar stamp=78.901000
[INFO] [1775740367.359420, 78.901000]: [offline_bag_feeder] frame=791 lidar stamp=79.001000
[INFO] [1775740367.361910, 79.001000]: [offline_bag_feeder] frame=792 lidar stamp=79.101000
[INFO] [1775740367.366385, 79.101000]: [offline_bag_feeder] frame=793 lidar stamp=79.201000
[INFO] [1775740367.369132, 79.201000]: [offline_bag_feeder] frame=794 lidar stamp=79.301000
[INFO] [1775740367.372977, 79.301000]: [offline_bag_feeder] frame=795 lidar stamp=79.401000
[INFO] [1775740367.375730, 79.401000]: [offline_bag_feeder] frame=796 lidar stamp=79.501000
[INFO] [1775740367.379429, 79.501000]: [offline_bag_feeder] frame=797 lidar stamp=79.601000
[INFO] [1775740367.383041, 79.701000]: [offline_bag_feeder] frame=798 lidar stamp=79.701000
[INFO] [1775740367.389451, 79.701000]: [offline_bag_feeder] frame=799 lidar stamp=79.801000
[INFO] [1775740367.393446, 79.801000]: [offline_bag_feeder] frame=800 lidar stamp=79.901000
[INFO] [1775740367.397422, 79.901000]: [offline_bag_feeder] frame=801 lidar stamp=80.001000
[INFO] [1775740367.400648, 80.001000]: [offline_bag_feeder] frame=802 lidar stamp=80.101000
[INFO] [1775740367.405125, 80.101000]: [offline_bag_feeder] frame=803 lidar stamp=80.201000
[INFO] [1775740367.408068, 80.201000]: [offline_bag_feeder] frame=804 lidar stamp=80.301000
[INFO] [1775740367.411836, 80.301000]: [offline_bag_feeder] frame=805 lidar stamp=80.401000
[INFO] [1775740367.414461, 80.401000]: [offline_bag_feeder] frame=806 lidar stamp=80.501000
[INFO] [1775740367.420724, 80.501000]: [offline_bag_feeder] frame=807 lidar stamp=80.601000
[INFO] [1775740367.425537, 80.601000]: [offline_bag_feeder] frame=808 lidar stamp=80.701000
[INFO] [1775740367.430485, 80.701000]: [offline_bag_feeder] frame=809 lidar stamp=80.801000
[INFO] [1775740367.433627, 80.801000]: [offline_bag_feeder] frame=810 lidar stamp=80.901000
[INFO] [1775740367.437511, 80.901000]: [offline_bag_feeder] frame=811 lidar stamp=81.001000
[INFO] [1775740367.440679, 81.001000]: [offline_bag_feeder] frame=812 lidar stamp=81.101000
[INFO] [1775740367.445632, 81.101000]: [offline_bag_feeder] frame=813 lidar stamp=81.201000
[INFO] [1775740367.449194, 81.201000]: [offline_bag_feeder] frame=814 lidar stamp=81.301000
[INFO] [1775740367.454078, 81.301000]: [offline_bag_feeder] frame=815 lidar stamp=81.401000
[INFO] [1775740367.459897, 81.501000]: [offline_bag_feeder] frame=816 lidar stamp=81.501000
[INFO] [1775740367.464690, 81.501000]: [offline_bag_feeder] frame=817 lidar stamp=81.601000
[INFO] [1775740367.469106, 81.601000]: [offline_bag_feeder] frame=818 lidar stamp=81.701000
[INFO] [1775740367.473635, 81.701000]: [offline_bag_feeder] frame=819 lidar stamp=81.801000
[INFO] [1775740367.481165, 81.801000]: [offline_bag_feeder] frame=820 lidar stamp=81.901000
[INFO] [1775740367.486068, 81.901000]: [offline_bag_feeder] frame=821 lidar stamp=82.001000
[INFO] [1775740367.491148, 82.001000]: [offline_bag_feeder] frame=822 lidar stamp=82.101000
[INFO] [1775740367.496201, 82.101000]: [offline_bag_feeder] frame=823 lidar stamp=82.201000
[INFO] [1775740367.500943, 82.201000]: [offline_bag_feeder] frame=824 lidar stamp=82.301000
[INFO] [1775740367.505772, 82.301000]: [offline_bag_feeder] frame=825 lidar stamp=82.401000
[INFO] [1775740367.512466, 82.401000]: [offline_bag_feeder] frame=826 lidar stamp=82.501000
[INFO] [1775740367.517011, 82.501000]: [offline_bag_feeder] frame=827 lidar stamp=82.601000
[INFO] [1775740367.523782, 82.601000]: [offline_bag_feeder] frame=828 lidar stamp=82.701000
[INFO] [1775740367.528019, 82.701000]: [offline_bag_feeder] frame=829 lidar stamp=82.801000
[INFO] [1775740367.532538, 82.801000]: [offline_bag_feeder] frame=830 lidar stamp=82.901000
[INFO] [1775740367.539409, 82.901000]: [offline_bag_feeder] frame=831 lidar stamp=83.001000
[INFO] [1775740367.544337, 83.101000]: [offline_bag_feeder] frame=832 lidar stamp=83.101000
[INFO] [1775740367.552556, 83.201000]: [offline_bag_feeder] frame=833 lidar stamp=83.201000
[INFO] [1775740367.557220, 83.201000]: [offline_bag_feeder] frame=834 lidar stamp=83.301000
[INFO] [1775740367.564284, 83.301000]: [offline_bag_feeder] frame=835 lidar stamp=83.401000
[INFO] [1775740367.572028, 83.401000]: [offline_bag_feeder] frame=836 lidar stamp=83.501000
[INFO] [1775740367.577452, 83.501000]: [offline_bag_feeder] frame=837 lidar stamp=83.601000
[INFO] [1775740367.579348, 83.601000]: [offline_bag_feeder] finished. lidar_frames=837
[INFO] [1775740367.580091, 83.601000]: [offline_bag_feeder] detection: ok=0 timeout=0
[INFO] [1775740367.580605, 83.601000]: [offline_bag_feeder] tracking : ok=0 timeout=0
[INFO] [1775740367.581149, 83.601000]: [offline_bag_feeder] odom     : ok=0 timeout=0
[INFO] [1775740367.581724, 83.601000]: [offline_bag_feeder] avg_wait_per_frame=0.000s
[A-4] 停止 FAST-LIO...
[信息] 轨迹已保存为 Results/0020_results/trajectory_baseline_offline.txt

=========================================================
   [离线阶段 C] JointOffline
=========================================================
[C-1] 启动 PointPillars 节点...
启动KITTI PointPillars Bag ROS节点...
激活ME5400环境...
启动KITTI PointPillars Bag节点...
/home/xc/miniconda3/envs/ME5400/lib/python3.10/site-packages/mmdet3d/models/dense_heads/anchor3d_head.py:94: UserWarning: dir_offset and dir_limit_offset will be depressed and be incorporated into box coder in the future
  warnings.warn(
[INFO] [1775740372.888973, 0.000000]: 加载标定文件成功: /home/xc/Projects/ME5400/Data_Tracking/training/calib/0020.txt
[INFO] [1775740372.889414, 0.000000]: 正在初始化PointPillars推理器...
Loads checkpoint by local backend from path: /home/xc/Projects/ME5400/MMDET3D/checkpoints/pointpillars_hv_secfpn_6x8_160e_kitti-3d-3class.pth
04/09 21:12:53 - mmengine - WARNING - Failed to search registry with scope "mmdet3d" in the "function" registry tree. As a workaround, the current "function" registry in "mmengine" is used to build instance. This may cause unexpected failure when running the built modules. Please check whether "mmdet3d" is a correct scope, or whether the registry is initialized.
/home/xc/miniconda3/envs/ME5400/lib/python3.10/site-packages/mmengine/visualization/visualizer.py:196: UserWarning: Failed to add <class 'mmengine.visualization.vis_backend.LocalVisBackend'>, please provide the `save_dir` argument.
  warnings.warn(f'Failed to add {vis_backend.__class__}, '
[C-2] 启动 MCTrack 在线节点...
[信息] 启动MCTrack在线跟踪节点
[信息] 订阅话题: /detection/lidar_detections (Detection3DArray, 带时间戳)
[信息]           /mctrack/lidar_pose (FAST-LIO 位姿)
[C-3] 启动 FAST-LIO (both, use_dynamic_weights=true)...
WARNING: Package name "ME5400" does not follow the naming conventions. It should start with a lower case letter and only contain lower case letters, digits, underscores, and dashes.
Multi thread started 
p_pre->lidar_type 2
~~~~/home/xc/Projects/ME5400/catkin_ws/src/fast_lio/ file opened
[FAST-LIO] Trajectory file opened at: /home/xc/Projects/ME5400/Results/trajectory.txt
[33m[WARN] [1775740388.565645243, 83.600999998]: Shutdown request received.[0m
[33m[WARN] [1775740388.565669343, 83.600999998]: Reason given for shutdown: [[/laserMapping] Reason: new node registered with same name][0m
e: 0.002305 ave total: 0.016216 icp: 0.009383 construct H: 0.000304 
[ mapping ]: time: IMU + Map + Input Downsample: 0.004007 ave match: 0.008197 ave solve: 0.001139  ave ICP: 0.009534  map incre: 0.002357 ave total: 0.016201 icp: 0.009387 construct H: 0.000302 
[ mapping ]: time: IMU + Map + Input Downsample: 0.004013 ave match: 0.008358 ave solve: 0.001131  ave ICP: 0.012956  map incre: 0.003050 ave total: 0.016367 icp: 0.009540 construct H: 0.000300 
[ mapping ]: time: IMU + Map + Input Downsample: 0.003934 ave match: 0.008346 ave solve: 0.001122  ave ICP: 0.009049  map incre: 0.002299 ave total: 0.016322 icp: 0.009517 construct H: 0.000297 
[ mapping ]: time: IMU + Map + Input Downsample: 0.004047 ave match: 0.008474 ave solve: 0.001115  ave ICP: 0.012606  map incre: 0.002690 ave total: 0.016443 icp: 0.009639 construct H: 0.000295 
[ mapping ]: time: IMU + Map + Input Downsample: 0.003984 ave match: 0.008586 ave solve: 0.001107  ave ICP: 0.012371  map incre: 0.002615 ave total: 0.016540 icp: 0.009742 construct H: 0.000293 
[ mapping ]: time: IMU + Map + Input Downsample: 0.003983 ave match: 0.008628 ave solve: 0.001100  ave ICP: 0.010722  map incre: 0.002672 ave total: 0.016571 icp: 0.009776 construct H: 0.000291 
[ mapping ]: time: IMU + Map + Input Downsample: 0.004028 ave match: 0.008755 ave solve: 0.001094  ave ICP: 0.013214  map incre: 0.002290 ave total: 0.016677 icp: 0.009897 construct H: 0.000289 
[ mapping ]: time: IMU + Map + Input Downsample: 0.003934 ave match: 0.008730 ave solve: 0.001086  ave ICP: 0.008997  map incre: 0.002301 ave total: 0.016627 icp: 0.009864 construct H: 0.000287 
[ mapping ]: time: IMU + Map + Input Downsample: 0.004006 ave match: 0.008710 ave solve: 0.001079  ave ICP: 0.009112  map incre: 0.002698 ave total: 0.016600 icp: 0.009837 construct H: 0.000285 
[ mapping ]: time: IMU + Map + Input Downsample: 0.004048 ave match: 0.008686 ave solve: 0.001073  ave ICP: 0.008955  map incre: 0.001893 ave total: 0.016545 icp: 0.009806 construct H: 0.000283 
[ mapping ]: time: IMU + Map + Input Downsample: 0.004050 ave match: 0.008826 ave solve: 0.001066  ave ICP: 0.014120  map incre: 0.002299 ave total: 0.016668 icp: 0.009938 construct H: 0.000281 
[ mapping ]: time: IMU + Map + Input Downsample: 0.003870 ave match: 0.008937 ave solve: 0.001060  ave ICP: 0.013449  map incre: 0.002274 ave total: 0.016756 icp: 0.010043 construct H: 0.000279 
[ mapping ]: time: IMU + Map + Input Downsample: 0.003950 ave match: 0.009039 ave solve: 0.001054  ave ICP: 0.013343  map incre: 0.002111 ave total: 0.016834 icp: 0.010138 construct H: 0.000277 
Rebuild thread terminated normally
WARNING: Package name "ME5400" does not follow the naming conventions. It should start with a lower case letter and only contain lower case letters, digits, underscores, and dashes.
WARNING: Package name "ME5400" does not follow the naming conventions. It should start with a lower case letter and only contain lower case letters, digits, underscores, and dashes.
... logging to /home/xc/.ros/log/36dbbe92-33e9-11f1-8aed-950ffa084d8d/roslaunch-z790m-356920.log
Checking log directory for disk usage. This may take a while.
Press Ctrl-C to interrupt
Done checking log file disk usage. Usage is <1GB.
]2;/home/xc/Projects/ME5400/catkin_ws/src/fast_lio/launch/mapping_velodyne.launch
[1mstarted roslaunch server http://z790m:39863/[0m

SUMMARY
========

PARAMETERS
 * /common/imu_topic: /kitti/oxts/imu
 * /common/lid_topic: /kitti/velo/point...
 * /common/time_offset_lidar_to_imu: 0.0
 * /common/time_sync_en: False
 * /cube_side_length: 1000.0
 * /feature_extract_enable: False
 * /filter_size_map: 0.5
 * /filter_size_surf: 0.5
 * /mapping/acc_cov: 0.1
 * /mapping/b_acc_cov: 0.0001
 * /mapping/b_gyr_cov: 0.0001
 * /mapping/det_range: 100.0
 * /mapping/extrinsic_R: [1, 0, 0, 0, 1, 0...
 * /mapping/extrinsic_T: [0, 0, 0.28]
 * /mapping/extrinsic_est_en: False
 * /mapping/fov_degree: 180
 * /mapping/gyr_cov: 0.1
 * /max_iteration: 3
 * /pcd_save/interval: -1
 * /pcd_save/pcd_save_en: False
 * /point_filter_num: 4
 * /preprocess/blind: 2
 * /preprocess/dynamic_acc_penalty: 0.3
 * /preprocess/dynamic_acc_ref: 4.0
 * /preprocess/dynamic_bbox_margin_xy: 0.6
 * /preprocess/dynamic_bbox_margin_z: 0.5
 * /preprocess/dynamic_min_track_length: 3
 * /preprocess/dynamic_min_weight: 0.2
 * /preprocess/dynamic_score_penalty: 0.2
 * /preprocess/dynamic_speed_penalty: 0.5
 * /preprocess/dynamic_speed_ref: 12.0
 * /preprocess/dynamic_timeout: 0.7
 * /preprocess/ignore_given_offset_time: True
 * /preprocess/lidar_type: 2
 * /preprocess/scan_line: 64
 * /preprocess/scan_rate: 10
 * /preprocess/timestamp_unit: 2
 * /preprocess/tracked_topic: /mctrack/tracked_...
 * /preprocess/use_dynamic_weights: False
 * /publish/dense_publish_en: True
 * /publish/path_en: True
 * /publish/scan_bodyframe_pub_en: True
 * /publish/scan_publish_en: True
 * /rosdistro: noetic
 * /rosversion: 1.17.4
 * /runtime_pos_log_enable: True
 * /use_sim_time: True

NODES
  /
    laserMapping (fast_lio/fastlio_mapping)

[1mROS_MASTER_URI=http://localhost:11311[0m
]2;/home/xc/Projects/ME5400/catkin_ws/src/fast_lio/launch/mapping_velodyne.launch http://localhost:11311
[1mprocess[laserMapping-1]: started with pid [356969][0m
[1m[laserMapping-1] process has finished cleanly
log file: /home/xc/.ros/log/36dbbe92-33e9-11f1-8aed-950ffa084d8d/laserMapping-1*.log[0m
all processes on machine have died, roslaunch will exit
shutting down processing monitor...
... shutting down processing monitor complete
[1mdone[0m
[C-4] 启动联合后端...
[信息] 加载参数: /home/xc/Projects/ME5400/catkin_ws/src/ME5400/config/joint_backend_ego.yaml
[信息] 启动 joint_backend_ego_node
[信息] 输入: /Odometry + /mctrack/tracked_objects
[信息] 输出: /joint_backend/odom
[C-5] 录制 /joint_backend/odom -> trajectory_joint.txt ...
[WARN] [1775740396.574058, 0.000000]: [odom_to_tum] overwrite existing file: /home/xc/Projects/ME5400/Results/0020_results/trajectory_joint.txt
[C-6] 启动离线 feeder (等待 detection / tracking / joint odom)...
[信息] 启动 offline_bag_feeder (require_detection=true require_tracking=true require_odom=true)
[C-7] 等待离线联合阶段完成...
[WARN] [1775740404.321305, 1.541000]: [offline_bag_feeder] frame=1 detection timeout (4.00s)
[WARN] [1775740405.321913, 1.925000]: [offline_bag_feeder] frame=1 tracking timeout (5.00s)
[WARN] [1775740405.322680, 1.925000]: [offline_bag_feeder] frame=1 odom timeout (5.00s)
/home/xc/miniconda3/envs/ME5400/lib/python3.10/site-packages/torch/functional.py:505: UserWarning: torch.meshgrid: in an upcoming release, it will be required to pass the indexing argument. (Triggered internally at /pytorch/aten/src/ATen/native/TensorShape.cpp:4333.)
  return _VF.meshgrid(tensors, **kwargs)  # type: ignore[attr-defined]
[INFO] [1775740373.637739, 0.000000]: 推理器初始化成功
[INFO] [1775740373.640523, 0.000000]: KITTI PointPillars Bag ROS节点初始化完成
[INFO] [1775740373.640831, 0.000000]: 配置文件: /home/xc/Projects/ME5400/MMDET3D/configs/pointpillars/pointpillars_hv_secfpn_8xb6-160e_kitti-3d-3class.py
[INFO] [1775740373.641117, 0.000000]: 检查点: /home/xc/Projects/ME5400/MMDET3D/checkpoints/pointpillars_hv_secfpn_6x8_160e_kitti-3d-3class.pth
[INFO] [1775740373.641399, 0.000000]: Bag文件: /home/xc/Projects/ME5400/MMDET3D/data/kitti/seq_0019_with_det.bag
[INFO] [1775740373.641667, 0.000000]: 数据集路径: /home/xc/Projects/ME5400/Data_Tracking/training / 序列: 0020
[INFO] [1775740373.641934, 0.000000]: 订阅话题: /kitti/velo/pointcloud
[INFO] [1775740373.642194, 0.000000]: 发布频率: 10.0 Hz
[INFO] [1775740373.642449, 0.000000]: 模型类别: ['Pedestrian', 'Cyclist', 'Car']
[INFO] [1775740373.642721, 0.000000]: 类别过滤: 未启用
[INFO] [1775740373.642983, 0.000000]: 转发原始点云/IMU: False
[INFO] [1775740373.643242, 0.000000]: 等待点云数据...
[INFO] [1775740405.331632, 1.927000]: 转换得到 116129 个点
Inference ━━━━━━━━━━━━━━━━━━━━━━━━━━━━━━━━━━━━━━━━   
[WARN] [1775740405.594617, 2.029000]: 尚未收到 FAST-LIO 位姿，暂时缓存检测结果
[WARN] [1775740405.595138, 2.029000]: 慢帧 0: 纯计算耗时 264.8ms，分段=inferencer_call=258.7ms, pointcloud_to_numpy=2.4ms, write_temp_bin=1.3ms, camera_projection=0.7ms, publish_markers=0.3ms, remove_temp_bin=0.2ms, publish_lidar_detections=0.1ms, extract_detections=0.1ms, publish_kitti_tracking=0.1ms, publish_lidar_tracking=0.0ms
[WARN] [1775740410.331414, 3.849000]: [offline_bag_feeder] frame=2 tracking timeout (5.00s)
[WARN] [1775740410.332166, 3.849000]: [offline_bag_feeder] frame=2 odom timeout (5.00s)
[INFO] [1775740405.594274, 2.027000]: 帧 0: 检测到 10 个目标
[INFO] [1775740410.340695, 3.851000]: 转换得到 116144 个点
Inference ━━━━━━━━━━━━━━━━━━━━━━━━━━━━━━━━━━━━━━━━   
[WARN] [1775740415.337368, 5.777000]: [offline_bag_feeder] frame=3 tracking timeout (5.00s)
[WARN] [1775740415.338307, 5.777000]: [offline_bag_feeder] frame=3 odom timeout (5.00s)
[INFO] [1775740410.372558, 3.863000]: 帧 1: 检测到 11 个目标
[INFO] [1775740415.342616, 5.777000]: 转换得到 115922 个点
Inference ━━━━━━━━━━━━━━━━━━━━━━━━━━━━━━━━━━━━━━━━   
[WARN] [1775740420.344728, 7.701000]: [offline_bag_feeder] frame=4 tracking timeout (5.00s)
[WARN] [1775740420.345467, 7.701000]: [offline_bag_feeder] frame=4 odom timeout (5.00s)
[33m[WARN] [1775740420.353305426, 7.702999999]: No point, skip this scan!
[0m
[INFO] [1775740415.372275, 5.789000]: 帧 2: 检测到 12 个目标
[INFO] [1775740420.351226, 7.703000]: 转换得到 115836 个点
Inference ━━━━━━━━━━━━━━━━━━━━━━━━━━━━━━━━━━━━━━━━   
[WARN] [1775740420.384050, 7.715000]: 尚未收到 FAST-LIO 位姿，暂时缓存检测结果
[WARN] [1775740425.352447, 9.625000]: [offline_bag_feeder] frame=5 tracking timeout (5.00s)
[WARN] [1775740425.353423, 9.625000]: [offline_bag_feeder] frame=5 odom timeout (5.00s)
[33m[WARN] [1775740425.365152567, 9.628999999]: No point, skip this scan!
[0m
[INFO] [1775740420.383780, 7.715000]: 帧 3: 检测到 12 个目标
[INFO] [1775740425.360398, 9.627000]: 转换得到 115710 个点
Inference ━━━━━━━━━━━━━━━━━━━━━━━━━━━━━━━━━━━━━━━━   
[WARN] [1775740430.362891, 11.551000]: [offline_bag_feeder] frame=6 tracking timeout (5.00s)
[WARN] [1775740430.363856, 11.551000]: [offline_bag_feeder] frame=6 odom timeout (5.00s)
[33m[WARN] [1775740430.377094286, 11.555000000]: No point, skip this scan!
[0m
[INFO] [1775740425.390516, 9.637000]: 帧 4: 检测到 11 个目标
[INFO] [1775740430.370568, 11.551000]: 转换得到 115667 个点
Inference ━━━━━━━━━━━━━━━━━━━━━━━━━━━━━━━━━━━━━━━━   
[WARN] [1775740435.376402, 13.477000]: [offline_bag_feeder] frame=7 tracking timeout (5.00s)
[WARN] [1775740435.377329, 13.477000]: [offline_bag_feeder] frame=7 odom timeout (5.00s)
[33m[WARN] [1775740435.386381174, 13.479000000]: No point, skip this scan!
[0m
[INFO] [1775740430.403832, 11.565000]: 帧 5: 检测到 11 个目标
[INFO] [1775740435.383050, 13.477000]: 转换得到 115596 个点
Inference ━━━━━━━━━━━━━━━━━━━━━━━━━━━━━━━━━━━━━━━━   
[WARN] [1775740435.413141, 13.489000]: 尚未收到 FAST-LIO 位姿，暂时缓存检测结果
[WARN] [1775740440.387822, 15.399000]: [offline_bag_feeder] frame=8 tracking timeout (5.00s)
[WARN] [1775740440.388812, 15.399000]: [offline_bag_feeder] frame=8 odom timeout (5.00s)
[33m[WARN] [1775740440.399974623, 15.401000000]: No point, skip this scan!
[0m
[INFO] [1775740435.412806, 13.489000]: 帧 6: 检测到 11 个目标
[INFO] [1775740440.396803, 15.401000]: 转换得到 115615 个点
Inference ━━━━━━━━━━━━━━━━━━━━━━━━━━━━━━━━━━━━━━━━   
[WARN] [1775740445.396236, 17.325000]: [offline_bag_feeder] frame=9 tracking timeout (5.00s)
[WARN] [1775740445.397116, 17.325000]: [offline_bag_feeder] frame=9 odom timeout (5.00s)
[33m[WARN] [1775740445.405114984, 17.327000000]: No point, skip this scan!
[0m
[INFO] [1775740440.434383, 15.415000]: 帧 7: 检测到 11 个目标
[INFO] [1775740445.403672, 17.327000]: 转换得到 115439 个点
Inference ━━━━━━━━━━━━━━━━━━━━━━━━━━━━━━━━━━━━━━━━   
[WARN] [1775740450.402869, 19.247000]: [offline_bag_feeder] frame=10 tracking timeout (5.00s)
[WARN] [1775740450.403881, 19.247000]: [offline_bag_feeder] frame=10 odom timeout (5.00s)
[33m[WARN] [1775740450.414795512, 19.249000000]: No point, skip this scan!
[0m
[INFO] [1775740445.435320, 17.339000]: 帧 8: 检测到 11 个目标
[INFO] [1775740450.410715, 19.249000]: 转换得到 115372 个点
Inference ━━━━━━━━━━━━━━━━━━━━━━━━━━━━━━━━━━━━━━━━   
[WARN] [1775740450.445552, 19.261000]: 尚未收到 FAST-LIO 位姿，暂时缓存检测结果
[WARN] [1775740455.412584, 21.173000]: [offline_bag_feeder] frame=11 tracking timeout (5.00s)
[WARN] [1775740455.413414, 21.173000]: [offline_bag_feeder] frame=11 odom timeout (5.00s)
[33m[WARN] [1775740455.421524189, 21.174999999]: No point, skip this scan!
[0m
[INFO] [1775740450.445137, 19.261000]: 帧 9: 检测到 10 个目标
[INFO] [1775740455.418926, 21.175000]: 转换得到 115229 个点
Inference ━━━━━━━━━━━━━━━━━━━━━━━━━━━━━━━━━━━━━━━━   
[WARN] [1775740460.421991, 23.101000]: [offline_bag_feeder] frame=12 tracking timeout (5.00s)
[WARN] [1775740460.422962, 23.101000]: [offline_bag_feeder] frame=12 odom timeout (5.00s)
[33m[WARN] [1775740460.435727060, 23.104999999]: No point, skip this scan!
[0m
[INFO] [1775740455.458822, 21.189000]: 帧 10: 检测到 11 个目标
[INFO] [1775740460.431288, 23.103000]: 转换得到 114978 个点
Inference ━━━━━━━━━━━━━━━━━━━━━━━━━━━━━━━━━━━━━━━━   
